ISO-10303-21;
HEADER;
FILE_DESCRIPTION (( 'STEP AP214' ),
    '1' );
FILE_NAME ('back-enclosure.STEP',
    '2026-10-09T02:13:16',
    ( '' ),
    ( '' ),
    'SwSTEP 2.0',
    'SolidWorks 2023',
    '' );
FILE_SCHEMA (( 'AUTOMOTIVE_DESIGN' ));
ENDSEC;

DATA;
#1 = EDGE_LOOP ( 'NONE', ( #1183, #217, #1756, #1909 ) ) ;
#2 = VERTEX_POINT ( 'NONE', #486 ) ;
#3 = EDGE_CURVE ( 'NONE', #344, #524, #1438, .T. ) ;
#4 = DIRECTION ( 'NONE',  ( 0.7071067811865507924, 0.000000000000000000, -0.7071067811865441310 ) ) ;
#5 = FACE_BOUND ( 'NONE', #1095, .T. ) ;
#6 = AXIS2_PLACEMENT_3D ( 'NONE', #293, #453, #320 ) ;
#7 = DIRECTION ( 'NONE',  ( 0.000000000000000000, -0.000000000000000000, 1.000000000000000000 ) ) ;
#8 = ORIENTED_EDGE ( 'NONE', *, *, #184, .F. ) ;
#9 = AXIS2_PLACEMENT_3D ( 'NONE', #1496, #888, #919 ) ;
#10 = ADVANCED_FACE ( 'NONE', ( #1047, #1057, #1652, #1820, #908, #645, #1367, #79 ), #1504, .T. ) ;
#11 = VECTOR ( 'NONE', #1062, 1000.000000000000000 ) ;
#12 = AXIS2_PLACEMENT_3D ( 'NONE', #1526, #945, #1072 ) ;
#13 = ORIENTED_EDGE ( 'NONE', *, *, #1197, .F. ) ;
#14 = VECTOR ( 'NONE', #1904, 1000.000000000000000 ) ;
#15 = ORIENTED_EDGE ( 'NONE', *, *, #83, .F. ) ;
#16 = DIRECTION ( 'NONE',  ( 0.000000000000000000, 0.000000000000000000, 1.000000000000000000 ) ) ;
#17 = DIRECTION ( 'NONE',  ( 0.000000000000000000, 0.000000000000000000, 1.000000000000000000 ) ) ;
#18 = CARTESIAN_POINT ( 'NONE',  ( 28.99999999999997513, -15.60000000000000320, -24.50000000000000000 ) ) ;
#19 = VERTEX_POINT ( 'NONE', #1065 ) ;
#20 = EDGE_CURVE ( 'NONE', #868, #1187, #1642, .T. ) ;
#21 = ORIENTED_EDGE ( 'NONE', *, *, #637, .F. ) ;
#22 = DIRECTION ( 'NONE',  ( 0.000000000000000000, 1.000000000000000000, 0.000000000000000000 ) ) ;
#23 = FACE_BOUND ( 'NONE', #928, .T. ) ;
#24 = DIRECTION ( 'NONE',  ( 0.000000000000000000, 0.000000000000000000, 1.000000000000000000 ) ) ;
#25 = CARTESIAN_POINT ( 'NONE',  ( -49.35599383943065277, -15.60000000000000320, -49.35599383943048224 ) ) ;
#26 = VERTEX_POINT ( 'NONE', #920 ) ;
#27 = LINE ( 'NONE', #1516, #1872 ) ;
#28 = ORIENTED_EDGE ( 'NONE', *, *, #999, .T. ) ;
#29 = CARTESIAN_POINT ( 'NONE',  ( 49.35599383943030460, -15.60000000000000320, 50.55599383943082614 ) ) ;
#30 = ORIENTED_EDGE ( 'NONE', *, *, #1506, .F. ) ;
#31 = DIRECTION ( 'NONE',  ( 0.000000000000000000, 1.000000000000000000, 0.000000000000000000 ) ) ;
#32 = LINE ( 'NONE', #1789, #11 ) ;
#33 = ORIENTED_EDGE ( 'NONE', *, *, #1884, .T. ) ;
#34 = CARTESIAN_POINT ( 'NONE',  ( 0.000000000000000000, -227.1661109814531869, 74.79991587212560944 ) ) ;
#35 = EDGE_LOOP ( 'NONE', ( #111, #1734, #616, #822 ) ) ;
#36 = AXIS2_PLACEMENT_3D ( 'NONE', #1692, #379, #1090 ) ;
#37 = DIRECTION ( 'NONE',  ( 0.000000000000000000, 1.000000000000000000, 0.000000000000000000 ) ) ;
#38 = AXIS2_PLACEMENT_3D ( 'NONE', #1447, #711, #1921 ) ;
#39 = VERTEX_POINT ( 'NONE', #1673 ) ;
#40 = EDGE_CURVE ( 'NONE', #934, #1623, #1521, .T. ) ;
#41 = AXIS2_PLACEMENT_3D ( 'NONE', #672, #1128, #399 ) ;
#42 = CARTESIAN_POINT ( 'NONE',  ( -49.35599383943031171, -15.59999999999999964, 47.10599383943081619 ) ) ;
#43 = EDGE_LOOP ( 'NONE', ( #60, #582, #1011, #1713 ) ) ;
#44 = EDGE_CURVE ( 'NONE', #1123, #1396, #1378, .T. ) ;
#45 = CARTESIAN_POINT ( 'NONE',  ( 49.35599383943065988, -14.09999999999999964, -51.60599383943048224 ) ) ;
#46 = ORIENTED_EDGE ( 'NONE', *, *, #403, .F. ) ;
#47 = CARTESIAN_POINT ( 'NONE',  ( 69.79991587212562365, -7.736038969321066716, 2.250000000000244693 ) ) ;
#48 = VECTOR ( 'NONE', #378, 1000.000000000000000 ) ;
#49 = CARTESIAN_POINT ( 'NONE',  ( 69.79991587212562365, -14.09999999999999964, -2.249999999999746869 ) ) ;
#50 = CIRCLE ( 'NONE', #1468, 4.000000000000000000 ) ;
#51 = ORIENTED_EDGE ( 'NONE', *, *, #55, .F. ) ;
#52 = CARTESIAN_POINT ( 'NONE',  ( -69.79991587212562365, -14.09999999999999964, 1.200000000000239542 ) ) ;
#53 = DIRECTION ( 'NONE',  ( 0.000000000000000000, 0.000000000000000000, 1.000000000000000000 ) ) ;
#54 = EDGE_LOOP ( 'NONE', ( #558, #1783 ) ) ;
#55 = EDGE_CURVE ( 'NONE', #1360, #99, #1775, .T. ) ;
#56 = CARTESIAN_POINT ( 'NONE',  ( 14.05355913388752853, -12.59999999999999964, -20.90380592228743240 ) ) ;
#57 = ADVANCED_FACE ( 'NONE', ( #224 ), #803, .F. ) ;
#58 = VERTEX_POINT ( 'NONE', #1568 ) ;
#59 = FACE_OUTER_BOUND ( 'NONE', #1548, .T. ) ;
#60 = ORIENTED_EDGE ( 'NONE', *, *, #1017, .F. ) ;
#61 = ORIENTED_EDGE ( 'NONE', *, *, #432, .F. ) ;
#62 = LINE ( 'NONE', #1493, #832 ) ;
#63 = DIRECTION ( 'NONE',  ( -0.000000000000000000, 1.000000000000000000, -0.000000000000000000 ) ) ;
#64 = ORIENTED_EDGE ( 'NONE', *, *, #330, .T. ) ;
#65 = ADVANCED_FACE ( 'NONE', ( #1266 ), #978, .F. ) ;
#66 = DIRECTION ( 'NONE',  ( -0.000000000000000000, 1.000000000000000000, -0.000000000000000000 ) ) ;
#67 = ORIENTED_EDGE ( 'NONE', *, *, #1212, .F. ) ;
#68 = EDGE_CURVE ( 'NONE', #325, #1162, #1118, .T. ) ;
#69 = CYLINDRICAL_SURFACE ( 'NONE', #652, 1.499999999999996225 ) ;
#70 = DIRECTION ( 'NONE',  ( -0.000000000000000000, 1.000000000000000000, -0.000000000000000000 ) ) ;
#71 = ADVANCED_FACE ( 'NONE', ( #556 ), #118, .F. ) ;
#72 = DIRECTION ( 'NONE',  ( -0.000000000000000000, -1.000000000000000000, -0.000000000000000000 ) ) ;
#73 = ORIENTED_EDGE ( 'NONE', *, *, #570, .F. ) ;
#74 = CARTESIAN_POINT ( 'NONE',  ( 0.000000000000000000, -15.59999999999999964, 0.000000000000000000 ) ) ;
#75 = DIRECTION ( 'NONE',  ( 0.000000000000000000, 1.000000000000000000, 0.000000000000000000 ) ) ;
#76 = ORIENTED_EDGE ( 'NONE', *, *, #161, .T. ) ;
#77 = ORIENTED_EDGE ( 'NONE', *, *, #1506, .T. ) ;
#78 = CYLINDRICAL_SURFACE ( 'NONE', #658, 1.200000000000001066 ) ;
#79 = FACE_BOUND ( 'NONE', #1679, .T. ) ;
#80 = AXIS2_PLACEMENT_3D ( 'NONE', #673, #1857, #990 ) ;
#81 = CARTESIAN_POINT ( 'NONE',  ( -49.35599383943031171, -7.736038969321066716, 49.35599383943081619 ) ) ;
#82 = EDGE_LOOP ( 'NONE', ( #852, #926, #1830, #1695 ) ) ;
#83 = EDGE_CURVE ( 'NONE', #207, #811, #994, .T. ) ;
#84 = ORIENTED_EDGE ( 'NONE', *, *, #105, .T. ) ;
#85 = ORIENTED_EDGE ( 'NONE', *, *, #292, .F. ) ;
#86 = CARTESIAN_POINT ( 'NONE',  ( 18.21662158690516975, -12.59999999999999964, -22.71231060122942935 ) ) ;
#87 = CARTESIAN_POINT ( 'NONE',  ( 49.35599383943030460, -15.60000000000000320, 49.35599383943082330 ) ) ;
#88 = CARTESIAN_POINT ( 'NONE',  ( 49.35599383943030460, -12.59999999999999964, 49.35599383943082330 ) ) ;
#89 = DIRECTION ( 'NONE',  ( 0.7071067811865511255, 0.000000000000000000, -0.7071067811865440200 ) ) ;
#90 = ORIENTED_EDGE ( 'NONE', *, *, #234, .T. ) ;
#91 = CARTESIAN_POINT ( 'NONE',  ( 69.79991587212562365, -15.60000000000000320, 2.488148210778209755E-13 ) ) ;
#92 = ORIENTED_EDGE ( 'NONE', *, *, #350, .F. ) ;
#93 = ORIENTED_EDGE ( 'NONE', *, *, #225, .F. ) ;
#94 = EDGE_CURVE ( 'NONE', #1563, #531, #892, .T. ) ;
#95 = LINE ( 'NONE', #1752, #1035 ) ;
#96 = CARTESIAN_POINT ( 'NONE',  ( 22.00000000000007461, -15.60000000000000320, -11.99999999999995204 ) ) ;
#97 = DIRECTION ( 'NONE',  ( 0.000000000000000000, 0.000000000000000000, 1.000000000000000000 ) ) ;
#98 = CARTESIAN_POINT ( 'NONE',  ( 29.00000000000007461, -15.60000000000000320, -10.50000000000000355 ) ) ;
#99 = VERTEX_POINT ( 'NONE', #250 ) ;
#100 = VECTOR ( 'NONE', #512, 1000.000000000000000 ) ;
#101 = DIRECTION ( 'NONE',  ( -0.000000000000000000, 1.000000000000000000, -0.000000000000000000 ) ) ;
#102 = ORIENTED_EDGE ( 'NONE', *, *, #1471, .F. ) ;
#103 = ORIENTED_EDGE ( 'NONE', *, *, #768, .T. ) ;
#104 = CIRCLE ( 'NONE', #596, 2.249999999999996003 ) ;
#105 = EDGE_CURVE ( 'NONE', #1784, #1076, #831, .T. ) ;
#106 = VECTOR ( 'NONE', #152, 1000.000000000000000 ) ;
#107 = DIRECTION ( 'NONE',  ( -0.000000000000000000, 1.000000000000000000, -0.000000000000000000 ) ) ;
#108 = DIRECTION ( 'NONE',  ( -0.000000000000000000, 1.000000000000000000, -0.000000000000000000 ) ) ;
#109 = ADVANCED_FACE ( 'NONE', ( #1893 ), #1578, .F. ) ;
#110 = AXIS2_PLACEMENT_3D ( 'NONE', #1560, #1727, #1117 ) ;
#111 = ORIENTED_EDGE ( 'NONE', *, *, #997, .F. ) ;
#112 = VECTOR ( 'NONE', #1448, 1000.000000000000000 ) ;
#113 = DIRECTION ( 'NONE',  ( -0.000000000000000000, -1.000000000000000000, -0.000000000000000000 ) ) ;
#114 = EDGE_LOOP ( 'NONE', ( #602, #338 ) ) ;
#115 = ORIENTED_EDGE ( 'NONE', *, *, #1350, .T. ) ;
#116 = AXIS2_PLACEMENT_3D ( 'NONE', #489, #1230, #1786 ) ;
#117 = CARTESIAN_POINT ( 'NONE',  ( 69.79991587212562365, -15.59999999999999964, -2.249999999999746869 ) ) ;
#118 = CYLINDRICAL_SURFACE ( 'NONE', #391, 1.499999999999997780 ) ;
#119 = DIRECTION ( 'NONE',  ( 0.000000000000000000, 0.000000000000000000, 1.000000000000000000 ) ) ;
#120 = ORIENTED_EDGE ( 'NONE', *, *, #129, .T. ) ;
#121 = CARTESIAN_POINT ( 'NONE',  ( 22.00000000000007461, -14.59999999999999787, -10.49999999999995559 ) ) ;
#122 = ORIENTED_EDGE ( 'NONE', *, *, #1223, .F. ) ;
#123 = LINE ( 'NONE', #562, #228 ) ;
#124 = FACE_BOUND ( 'NONE', #993, .T. ) ;
#125 = LINE ( 'NONE', #1847, #1875 ) ;
#126 = EDGE_CURVE ( 'NONE', #450, #1544, #1644, .T. ) ;
#127 = CYLINDRICAL_SURFACE ( 'NONE', #925, 1.499999999999997780 ) ;
#128 = DIRECTION ( 'NONE',  ( 0.000000000000000000, 1.000000000000000000, 0.000000000000000000 ) ) ;
#129 = EDGE_CURVE ( 'NONE', #1274, #890, #1341, .T. ) ;
#130 = PLANE ( 'NONE',  #394 ) ;
#131 = PRODUCT_DEFINITION_SHAPE ( 'NONE', 'NONE',  #1122 ) ;
#132 = ORIENTED_EDGE ( 'NONE', *, *, #1836, .F. ) ;
#133 = EDGE_CURVE ( 'NONE', #344, #19, #705, .T. ) ;
#134 = DIRECTION ( 'NONE',  ( 0.000000000000000000, 0.000000000000000000, 1.000000000000000000 ) ) ;
#135 = VECTOR ( 'NONE', #495, 1000.000000000000000 ) ;
#136 = DIRECTION ( 'NONE',  ( 0.000000000000000000, 0.000000000000000000, 1.000000000000000000 ) ) ;
#137 = CYLINDRICAL_SURFACE ( 'NONE', #1209, 2.250000000000001776 ) ;
#138 = AXIS2_PLACEMENT_3D ( 'NONE', #916, #1502, #335 ) ;
#139 = DIRECTION ( 'NONE',  ( 0.000000000000000000, 0.000000000000000000, 1.000000000000000000 ) ) ;
#140 = AXIS2_PLACEMENT_3D ( 'NONE', #1421, #101, #690 ) ;
#141 = EDGE_CURVE ( 'NONE', #1416, #1684, #697, .T. ) ;
#142 = ADVANCED_FACE ( 'NONE', ( #1277 ), #1099, .F. ) ;
#143 = DIRECTION ( 'NONE',  ( 0.000000000000000000, 0.000000000000000000, 1.000000000000000000 ) ) ;
#144 = ORIENTED_EDGE ( 'NONE', *, *, #1178, .F. ) ;
#145 = DIRECTION ( 'NONE',  ( 0.000000000000000000, 0.000000000000000000, 1.000000000000000000 ) ) ;
#146 = CIRCLE ( 'NONE', #635, 1.199999999999999734 ) ;
#147 = FACE_OUTER_BOUND ( 'NONE', #1215, .T. ) ;
#148 = CARTESIAN_POINT ( 'NONE',  ( 14.76066591507410841, -12.59999999999999964, -27.26776695296636532 ) ) ;
#149 = ADVANCED_FACE ( 'NONE', ( #233 ), #1408, .F. ) ;
#150 = EDGE_LOOP ( 'NONE', ( #33, #1569 ) ) ;
#151 = VERTEX_POINT ( 'NONE', #1737 ) ;
#152 = DIRECTION ( 'NONE',  ( -0.000000000000000000, 1.000000000000000000, -0.000000000000000000 ) ) ;
#153 = EDGE_CURVE ( 'NONE', #1396, #1383, #929, .T. ) ;
#154 = DIRECTION ( 'NONE',  ( 0.000000000000000000, 0.000000000000000000, 1.000000000000000000 ) ) ;
#155 = DIRECTION ( 'NONE',  ( 0.000000000000000000, 1.000000000000000000, 0.000000000000000000 ) ) ;
#156 = FACE_OUTER_BOUND ( 'NONE', #248, .T. ) ;
#157 = EDGE_LOOP ( 'NONE', ( #472, #1142, #1559, #1862 ) ) ;
#158 = CIRCLE ( 'NONE', #946, 1.200000000000001066 ) ;
#159 = PLANE ( 'NONE',  #1701 ) ;
#160 = FACE_BOUND ( 'NONE', #903, .T. ) ;
#161 = EDGE_CURVE ( 'NONE', #1531, #1572, #271, .T. ) ;
#162 = VECTOR ( 'NONE', #1384, 1000.000000000000000 ) ;
#163 = DIRECTION ( 'NONE',  ( 0.000000000000000000, -1.000000000000000000, 0.000000000000000000 ) ) ;
#164 = EDGE_CURVE ( 'NONE', #282, #151, #125, .T. ) ;
#165 = EDGE_LOOP ( 'NONE', ( #227, #828, #1878, #102 ) ) ;
#166 = AXIS2_PLACEMENT_3D ( 'NONE', #435, #586, #728 ) ;
#167 = VERTEX_POINT ( 'NONE', #431 ) ;
#168 = DIRECTION ( 'NONE',  ( 0.000000000000000000, 0.000000000000000000, -1.000000000000000000 ) ) ;
#169 = CYLINDRICAL_SURFACE ( 'NONE', #382, 1.499999999999996225 ) ;
#170 = EDGE_LOOP ( 'NONE', ( #1566, #1256, #1093, #1403 ) ) ;
#171 = AXIS2_PLACEMENT_3D ( 'NONE', #1456, #1091, #1505 ) ;
#172 = FACE_OUTER_BOUND ( 'NONE', #1558, .T. ) ;
#173 = VECTOR ( 'NONE', #420, 1000.000000000000000 ) ;
#174 = ORIENTED_EDGE ( 'NONE', *, *, #1922, .T. ) ;
#175 = ORIENTED_EDGE ( 'NONE', *, *, #1084, .F. ) ;
#176 = FACE_OUTER_BOUND ( 'NONE', #692, .T. ) ;
#177 = DIRECTION ( 'NONE',  ( -0.000000000000000000, 1.000000000000000000, -0.000000000000000000 ) ) ;
#178 = ORIENTED_EDGE ( 'NONE', *, *, #1562, .F. ) ;
#179 = DIRECTION ( 'NONE',  ( 0.000000000000000000, 0.000000000000000000, -1.000000000000000000 ) ) ;
#180 = ORIENTED_EDGE ( 'NONE', *, *, #417, .F. ) ;
#181 = DIRECTION ( 'NONE',  ( -0.000000000000000000, -1.000000000000000000, -0.000000000000000000 ) ) ;
#182 = DIRECTION ( 'NONE',  ( -0.000000000000000000, 1.000000000000000000, -0.000000000000000000 ) ) ;
#183 = EDGE_LOOP ( 'NONE', ( #1405, #552 ) ) ;
#184 = EDGE_CURVE ( 'NONE', #1076, #937, #1711, .T. ) ;
#185 = PLANE ( 'NONE',  #1194 ) ;
#186 = DIRECTION ( 'NONE',  ( 0.000000000000000000, 0.000000000000000000, 1.000000000000000000 ) ) ;
#187 = ORIENTED_EDGE ( 'NONE', *, *, #997, .T. ) ;
#188 = FACE_OUTER_BOUND ( 'NONE', #1096, .T. ) ;
#189 = EDGE_LOOP ( 'NONE', ( #309, #502 ) ) ;
#190 = AXIS2_PLACEMENT_3D ( 'NONE', #1353, #31, #334 ) ;
#191 = DIRECTION ( 'NONE',  ( 0.000000000000000000, 0.000000000000000000, 1.000000000000000000 ) ) ;
#192 = AXIS2_PLACEMENT_3D ( 'NONE', #1774, #1164, #154 ) ;
#193 = CARTESIAN_POINT ( 'NONE',  ( 25.46446609406724804, -14.60000000000000142, -15.46446609406727646 ) ) ;
#194 = CIRCLE ( 'NONE', #448, 2.250000000000001776 ) ;
#195 = EDGE_CURVE ( 'NONE', #510, #329, #713, .T. ) ;
#196 = ORIENTED_EDGE ( 'NONE', *, *, #1873, .F. ) ;
#197 = DIRECTION ( 'NONE',  ( 0.000000000000000000, 0.000000000000000000, 1.000000000000000000 ) ) ;
#198 = EDGE_CURVE ( 'NONE', #826, #1784, #844, .T. ) ;
#199 = VECTOR ( 'NONE', #1159, 1000.000000000000000 ) ;
#200 = FACE_OUTER_BOUND ( 'NONE', #572, .T. ) ;
#201 = ORIENTED_EDGE ( 'NONE', *, *, #805, .F. ) ;
#202 = DIRECTION ( 'NONE',  ( -0.000000000000000000, 1.000000000000000000, -0.000000000000000000 ) ) ;
#203 = EDGE_LOOP ( 'NONE', ( #1351, #415, #1346, #1649 ) ) ;
#204 = AXIS2_PLACEMENT_3D ( 'NONE', #924, #37, #1661 ) ;
#205 = LINE ( 'NONE', #1079, #361 ) ;
#206 = CARTESIAN_POINT ( 'NONE',  ( 29.00000000000007461, -14.59999999999999787, -10.50000000000000355 ) ) ;
#207 = VERTEX_POINT ( 'NONE', #856 ) ;
#208 = EDGE_CURVE ( 'NONE', #839, #19, #1912, .T. ) ;
#209 = PLANE ( 'NONE',  #1053 ) ;
#210 = DIRECTION ( 'NONE',  ( 0.000000000000000000, -1.000000000000000000, 0.000000000000000000 ) ) ;
#211 = ORIENTED_EDGE ( 'NONE', *, *, #141, .F. ) ;
#212 = CARTESIAN_POINT ( 'NONE',  ( 49.35599383943030460, -14.09999999999999964, 51.60599383943082330 ) ) ;
#213 = EDGE_LOOP ( 'NONE', ( #1726, #360, #424, #1069 ) ) ;
#214 = EDGE_CURVE ( 'NONE', #972, #1677, #362, .T. ) ;
#215 = CARTESIAN_POINT ( 'NONE',  ( 22.00000000000000355, -14.59999999999999787, -18.99999999999995026 ) ) ;
#216 = DIRECTION ( 'NONE',  ( 0.000000000000000000, 0.000000000000000000, 1.000000000000000000 ) ) ;
#217 = ORIENTED_EDGE ( 'NONE', *, *, #1723, .T. ) ;
#218 = DIRECTION ( 'NONE',  ( -0.000000000000000000, 1.000000000000000000, -0.000000000000000000 ) ) ;
#219 = CARTESIAN_POINT ( 'NONE',  ( 11.93223879032792745, -12.59999999999999964, -30.09619407771255695 ) ) ;
#220 = ORIENTED_EDGE ( 'NONE', *, *, #273, .T. ) ;
#221 = PLANE ( 'NONE',  #1369 ) ;
#222 = EDGE_CURVE ( 'NONE', #976, #1687, #617, .T. ) ;
#223 = CARTESIAN_POINT ( 'NONE',  ( 39.78337841309484446, -14.60000000000000142, -15.28768939877056887 ) ) ;
#224 = FACE_OUTER_BOUND ( 'NONE', #808, .T. ) ;
#225 = EDGE_CURVE ( 'NONE', #1274, #1042, #1358, .T. ) ;
#226 = CARTESIAN_POINT ( 'NONE',  ( 36.00000000000000711, -15.60000000000000320, -20.49999999999999645 ) ) ;
#227 = ORIENTED_EDGE ( 'NONE', *, *, #1350, .F. ) ;
#228 = VECTOR ( 'NONE', #1014, 1000.000000000000000 ) ;
#229 = FACE_OUTER_BOUND ( 'NONE', #827, .T. ) ;
#230 = VECTOR ( 'NONE', #936, 1000.000000000000000 ) ;
#231 = VERTEX_POINT ( 'NONE', #478 ) ;
#232 = DIRECTION ( 'NONE',  ( 0.000000000000000000, 0.000000000000000000, 1.000000000000000000 ) ) ;
#233 = FACE_OUTER_BOUND ( 'NONE', #1260, .T. ) ;
#234 = EDGE_CURVE ( 'NONE', #890, #860, #1368, .T. ) ;
#235 = AXIS2_PLACEMENT_3D ( 'NONE', #1561, #1136, #1728 ) ;
#236 = AXIS2_PLACEMENT_3D ( 'NONE', #883, #895, #168 ) ;
#237 = ORIENTED_EDGE ( 'NONE', *, *, #184, .T. ) ;
#238 = CARTESIAN_POINT ( 'NONE',  ( 32.53553390593276617, -12.59999999999999964, -22.53553390593271999 ) ) ;
#239 = EDGE_LOOP ( 'NONE', ( #1347, #560, #544, #274 ) ) ;
#240 = EDGE_LOOP ( 'NONE', ( #938, #1357, #532, #178 ) ) ;
#241 = DIRECTION ( 'NONE',  ( -0.000000000000000000, 1.000000000000000000, -0.000000000000000000 ) ) ;
#242 = CARTESIAN_POINT ( 'NONE',  ( 35.99999999999997868, -15.60000000000000320, -24.50000000000000000 ) ) ;
#243 = CARTESIAN_POINT ( 'NONE',  ( 69.79991587212562365, -15.60000000000000320, 1.200000000000249756 ) ) ;
#244 = ORIENTED_EDGE ( 'NONE', *, *, #1591, .F. ) ;
#245 = EDGE_CURVE ( 'NONE', #1563, #680, #205, .T. ) ;
#246 = DIRECTION ( 'NONE',  ( 0.000000000000000000, 0.000000000000000000, 1.000000000000000000 ) ) ;
#247 = ORIENTED_EDGE ( 'NONE', *, *, #438, .F. ) ;
#248 = EDGE_LOOP ( 'NONE', ( #774, #1211, #757, #875 ) ) ;
#249 = CYLINDRICAL_SURFACE ( 'NONE', #1268, 1.199999999999999734 ) ;
#250 = CARTESIAN_POINT ( 'NONE',  ( 25.46446609406724804, -12.59999999999999964, -5.214466094067270241 ) ) ;
#251 = CARTESIAN_POINT ( 'NONE',  ( -49.35599383943031171, -14.09999999999999964, 49.35599383943081619 ) ) ;
#252 = EDGE_LOOP ( 'NONE', ( #1113, #367, #1758, #1750 ) ) ;
#253 = ORIENTED_EDGE ( 'NONE', *, *, #611, .F. ) ;
#254 = CARTESIAN_POINT ( 'NONE',  ( 0.000000000000000000, 0.000000000000000000, 0.000000000000000000 ) ) ;
#255 = VERTEX_POINT ( 'NONE', #628 ) ;
#256 = EDGE_LOOP ( 'NONE', ( #28, #1175 ) ) ;
#257 = AXIS2_PLACEMENT_3D ( 'NONE', #1800, #642, #1182 ) ;
#258 = CARTESIAN_POINT ( 'NONE',  ( -49.35599383943065277, -14.09999999999999964, -49.35599383943048224 ) ) ;
#259 = CARTESIAN_POINT ( 'NONE',  ( 49.35599383943030460, -15.60000000000000320, 48.15599383943082756 ) ) ;
#260 = CIRCLE ( 'NONE', #1044, 1.199999999999999734 ) ;
#261 = CARTESIAN_POINT ( 'NONE',  ( 35.99999999999997868, -14.59999999999999787, -27.49999999999999645 ) ) ;
#262 = VECTOR ( 'NONE', #163, 1000.000000000000000 ) ;
#263 = CARTESIAN_POINT ( 'NONE',  ( -69.79991587212562365, -7.736038969321066716, 2.250000000000234479 ) ) ;
#264 = ORIENTED_EDGE ( 'NONE', *, *, #133, .T. ) ;
#265 = VECTOR ( 'NONE', #1795, 1000.000000000000114 ) ;
#266 = DIRECTION ( 'NONE',  ( 0.000000000000000000, 1.000000000000000000, 0.000000000000000000 ) ) ;
#267 = EDGE_LOOP ( 'NONE', ( #1304, #1168 ) ) ;
#268 = EDGE_CURVE ( 'NONE', #255, #1412, #1150, .T. ) ;
#269 = DIRECTION ( 'NONE',  ( 0.000000000000000000, 0.000000000000000000, 1.000000000000000000 ) ) ;
#270 = ADVANCED_FACE ( 'NONE', ( #792 ), #1206, .F. ) ;
#271 = LINE ( 'NONE', #850, #112 ) ;
#272 = DIRECTION ( 'NONE',  ( 0.000000000000000000, 0.000000000000000000, 1.000000000000000000 ) ) ;
#273 = EDGE_CURVE ( 'NONE', #868, #1293, #1653, .T. ) ;
#274 = ORIENTED_EDGE ( 'NONE', *, *, #1267, .T. ) ;
#275 = DIRECTION ( 'NONE',  ( -0.000000000000000000, 1.000000000000000000, -0.000000000000000000 ) ) ;
#276 = ORIENTED_EDGE ( 'NONE', *, *, #1436, .T. ) ;
#277 = CARTESIAN_POINT ( 'NONE',  ( -49.35599383943065277, -14.09999999999999964, -47.10599383943048224 ) ) ;
#278 = DIRECTION ( 'NONE',  ( 0.000000000000000000, 1.000000000000000000, 0.000000000000000000 ) ) ;
#279 = CARTESIAN_POINT ( 'NONE',  ( 35.99999999999997868, -15.60000000000000320, -26.00000000000000000 ) ) ;
#280 = CARTESIAN_POINT ( 'NONE',  ( 25.46446609406724804, -12.59999999999999964, -15.46446609406727646 ) ) ;
#281 = ADVANCED_FACE ( 'NONE', ( #1645 ), #1049, .F. ) ;
#282 = VERTEX_POINT ( 'NONE', #1066 ) ;
#283 = CIRCLE ( 'NONE', #1359, 1.499999999999996225 ) ;
#284 = FACE_BOUND ( 'NONE', #458, .T. ) ;
#285 = CARTESIAN_POINT ( 'NONE',  ( 29.00000000000007461, -14.59999999999999787, -12.00000000000000000 ) ) ;
#286 = CYLINDRICAL_SURFACE ( 'NONE', #687, 1.499999999999997780 ) ;
#287 = AXIS2_PLACEMENT_3D ( 'NONE', #1143, #1452, #559 ) ;
#288 = ADVANCED_FACE ( 'NONE', ( #1226 ), #902, .F. ) ;
#289 = CIRCLE ( 'NONE', #416, 1.499999999999997780 ) ;
#290 = LINE ( 'NONE', #847, #1112 ) ;
#291 = VERTEX_POINT ( 'NONE', #49 ) ;
#292 = EDGE_CURVE ( 'NONE', #593, #39, #517, .T. ) ;
#293 = CARTESIAN_POINT ( 'NONE',  ( -49.35599383943031171, -12.59999999999999964, 49.35599383943081619 ) ) ;
#294 = AXIS2_PLACEMENT_3D ( 'NONE', #279, #1902, #1000 ) ;
#295 = FACE_BOUND ( 'NONE', #1060, .T. ) ;
#296 = DIRECTION ( 'NONE',  ( 0.000000000000000000, 0.000000000000000000, 1.000000000000000000 ) ) ;
#297 = FACE_BOUND ( 'NONE', #114, .T. ) ;
#298 = AXIS2_PLACEMENT_3D ( 'NONE', #1534, #551, #216 ) ;
#299 = DIRECTION ( 'NONE',  ( 0.000000000000000000, 1.000000000000000000, 0.000000000000000000 ) ) ;
#300 = ORIENTED_EDGE ( 'NONE', *, *, #413, .T. ) ;
#301 = ADVANCED_FACE ( 'NONE', ( #349 ), #909, .F. ) ;
#302 = ORIENTED_EDGE ( 'NONE', *, *, #825, .T. ) ;
#303 = EDGE_LOOP ( 'NONE', ( #482, #333 ) ) ;
#304 = FACE_OUTER_BOUND ( 'NONE', #1322, .T. ) ;
#305 = ADVANCED_FACE ( 'NONE', ( #59 ), #647, .F. ) ;
#306 = DIRECTION ( 'NONE',  ( -0.000000000000000000, 1.000000000000000000, -0.000000000000000000 ) ) ;
#307 = DIRECTION ( 'NONE',  ( -0.000000000000000000, 1.000000000000000000, -0.000000000000000000 ) ) ;
#308 = ORIENTED_EDGE ( 'NONE', *, *, #268, .F. ) ;
#309 = ORIENTED_EDGE ( 'NONE', *, *, #1913, .F. ) ;
#310 = DIRECTION ( 'NONE',  ( 0.000000000000000000, -0.000000000000000000, 1.000000000000000000 ) ) ;
#311 = CIRCLE ( 'NONE', #411, 2.250000000000001776 ) ;
#312 = DIRECTION ( 'NONE',  ( -0.000000000000000000, 1.000000000000000000, -0.000000000000000000 ) ) ;
#313 = VERTEX_POINT ( 'NONE', #767 ) ;
#314 = DIRECTION ( 'NONE',  ( 0.000000000000000000, 0.000000000000000000, 1.000000000000000000 ) ) ;
#315 = ORIENTED_EDGE ( 'NONE', *, *, #1907, .F. ) ;
#316 = CARTESIAN_POINT ( 'NONE',  ( 35.99999999999997868, -15.60000000000000320, -27.49999999999999645 ) ) ;
#317 = AXIS2_PLACEMENT_3D ( 'NONE', #1512, #481, #1648 ) ;
#318 = VECTOR ( 'NONE', #709, 1000.000000000000000 ) ;
#319 = VERTEX_POINT ( 'NONE', #1533 ) ;
#320 = DIRECTION ( 'NONE',  ( 0.000000000000000000, 0.000000000000000000, 1.000000000000000000 ) ) ;
#321 = CARTESIAN_POINT ( 'NONE',  ( 28.99999999999997513, -15.60000000000000320, -27.49999999999999645 ) ) ;
#322 = EDGE_CURVE ( 'NONE', #26, #1205, #1247, .T. ) ;
#323 = DIRECTION ( 'NONE',  ( -0.7071067811865440200, 0.000000000000000000, -0.7071067811865511255 ) ) ;
#324 = ORIENTED_EDGE ( 'NONE', *, *, #410, .F. ) ;
#325 = VERTEX_POINT ( 'NONE', #1835 ) ;
#326 = AXIS2_PLACEMENT_3D ( 'NONE', #331, #1193, #798 ) ;
#327 = CARTESIAN_POINT ( 'NONE',  ( 22.00000000000000355, -15.60000000000000320, -20.49999999999995026 ) ) ;
#328 = CIRCLE ( 'NONE', #1490, 1.499999999999997780 ) ;
#329 = VERTEX_POINT ( 'NONE', #373 ) ;
#330 = EDGE_CURVE ( 'NONE', #811, #207, #1441, .T. ) ;
#331 = CARTESIAN_POINT ( 'NONE',  ( -69.79991587212562365, -7.736038969321066716, 2.385953863628735661E-13 ) ) ;
#332 = ORIENTED_EDGE ( 'NONE', *, *, #1178, .T. ) ;
#333 = ORIENTED_EDGE ( 'NONE', *, *, #1549, .F. ) ;
#334 = DIRECTION ( 'NONE',  ( 0.000000000000000000, 0.000000000000000000, 1.000000000000000000 ) ) ;
#335 = DIRECTION ( 'NONE',  ( 0.000000000000000000, 0.000000000000000000, 1.000000000000000000 ) ) ;
#336 = ORIENTED_EDGE ( 'NONE', *, *, #1130, .F. ) ;
#337 = DIRECTION ( 'NONE',  ( 0.7071067811865511255, -0.000000000000000000, -0.7071067811865440200 ) ) ;
#338 = ORIENTED_EDGE ( 'NONE', *, *, #3, .T. ) ;
#339 = DIRECTION ( 'NONE',  ( -0.000000000000000000, 1.000000000000000000, -0.000000000000000000 ) ) ;
#340 = ADVANCED_FACE ( 'NONE', ( #1703 ), #1846, .F. ) ;
#341 = ORIENTED_EDGE ( 'NONE', *, *, #1628, .F. ) ;
#342 = CARTESIAN_POINT ( 'NONE',  ( 29.00000000000007461, -15.60000000000000320, -13.49999999999999645 ) ) ;
#343 = FACE_OUTER_BOUND ( 'NONE', #165, .T. ) ;
#344 = VERTEX_POINT ( 'NONE', #430 ) ;
#345 = CARTESIAN_POINT ( 'NONE',  ( 22.00000000000000355, -14.59999999999999787, -20.49999999999995026 ) ) ;
#346 = ORIENTED_EDGE ( 'NONE', *, *, #1755, .F. ) ;
#347 = CIRCLE ( 'NONE', #801, 4.000000000000000000 ) ;
#348 = CARTESIAN_POINT ( 'NONE',  ( 36.00000000000000711, -14.59999999999999787, -19.00000000000000000 ) ) ;
#349 = FACE_OUTER_BOUND ( 'NONE', #1, .T. ) ;
#350 = EDGE_CURVE ( 'NONE', #1420, #1360, #712, .T. ) ;
#351 = AXIS2_PLACEMENT_3D ( 'NONE', #1754, #1598, #1321 ) ;
#352 = VECTOR ( 'NONE', #555, 1000.000000000000000 ) ;
#353 = ORIENTED_EDGE ( 'NONE', *, *, #1158, .F. ) ;
#354 = AXIS2_PLACEMENT_3D ( 'NONE', #746, #1337, #17 ) ;
#355 = CARTESIAN_POINT ( 'NONE',  ( 8.396704884395173707, -15.60000000000000320, -26.56066017177984762 ) ) ;
#356 = CIRCLE ( 'NONE', #1674, 1.499999999999997780 ) ;
#357 = EDGE_CURVE ( 'NONE', #1630, #1051, #146, .T. ) ;
#358 = FILL_AREA_STYLE ('',( #530 ) ) ;
#359 = DIRECTION ( 'NONE',  ( 0.000000000000000000, 1.000000000000000000, 0.000000000000000000 ) ) ;
#360 = ORIENTED_EDGE ( 'NONE', *, *, #592, .F. ) ;
#361 = VECTOR ( 'NONE', #518, 1000.000000000000000 ) ;
#362 = LINE ( 'NONE', #942, #1615 ) ;
#363 = DIRECTION ( 'NONE',  ( 0.000000000000000000, 1.000000000000000000, 0.000000000000000000 ) ) ;
#364 = AXIS2_PLACEMENT_3D ( 'NONE', #496, #1683, #191 ) ;
#365 = ORIENTED_EDGE ( 'NONE', *, *, #825, .F. ) ;
#366 = CARTESIAN_POINT ( 'NONE',  ( 49.35599383943065988, -14.09999999999999964, -49.35599383943047513 ) ) ;
#367 = ORIENTED_EDGE ( 'NONE', *, *, #1320, .F. ) ;
#368 = ADVANCED_FACE ( 'NONE', ( #989 ), #137, .F. ) ;
#369 = CARTESIAN_POINT ( 'NONE',  ( 35.99999999999997868, -15.60000000000000320, -26.00000000000000000 ) ) ;
#370 = CARTESIAN_POINT ( 'NONE',  ( -49.35599383943031171, -14.09999999999999964, 48.15599383943082046 ) ) ;
#371 = DIRECTION ( 'NONE',  ( -0.000000000000000000, 1.000000000000000000, -0.000000000000000000 ) ) ;
#372 = CARTESIAN_POINT ( 'NONE',  ( 29.00000000000007461, -15.60000000000000320, -12.00000000000000000 ) ) ;
#373 = CARTESIAN_POINT ( 'NONE',  ( -69.79991587212562365, -12.59999999999999964, 1.200000000000239542 ) ) ;
#374 = EDGE_LOOP ( 'NONE', ( #389, #115 ) ) ;
#375 = DIRECTION ( 'NONE',  ( 0.000000000000000000, 1.000000000000000000, 0.000000000000000000 ) ) ;
#376 = EDGE_LOOP ( 'NONE', ( #1349, #1854 ) ) ;
#377 = DIRECTION ( 'NONE',  ( 0.000000000000000000, 0.000000000000000000, 1.000000000000000000 ) ) ;
#378 = DIRECTION ( 'NONE',  ( 0.000000000000000000, -1.000000000000000000, 0.000000000000000000 ) ) ;
#379 = DIRECTION ( 'NONE',  ( -0.000000000000000000, 1.000000000000000000, -0.000000000000000000 ) ) ;
#380 = DIRECTION ( 'NONE',  ( 0.000000000000000000, -1.000000000000000000, 0.000000000000000000 ) ) ;
#381 = ORIENTED_EDGE ( 'NONE', *, *, #94, .T. ) ;
#382 = AXIS2_PLACEMENT_3D ( 'NONE', #756, #312, #53 ) ;
#383 = CARTESIAN_POINT ( 'NONE',  ( 29.00000000000007461, -15.60000000000000320, -10.50000000000000355 ) ) ;
#384 = CIRCLE ( 'NONE', #421, 2.249999999999996003 ) ;
#385 = ORIENTED_EDGE ( 'NONE', *, *, #1214, .T. ) ;
#386 = ORIENTED_EDGE ( 'NONE', *, *, #357, .F. ) ;
#387 = FACE_OUTER_BOUND ( 'NONE', #239, .T. ) ;
#388 = CARTESIAN_POINT ( 'NONE',  ( 69.79991587212562365, -14.09999999999999964, 2.488148210778209755E-13 ) ) ;
#389 = ORIENTED_EDGE ( 'NONE', *, *, #268, .T. ) ;
#390 = ADVANCED_FACE ( 'NONE', ( #124, #1901, #575, #590, #1147, #1596, #297, #724, #1309, #739, #5, #597, #160, #1773, #455 ), #130, .F. ) ;
#391 = AXIS2_PLACEMENT_3D ( 'NONE', #400, #1250, #969 ) ;
#392 = EDGE_CURVE ( 'NONE', #1102, #2, #1398, .T. ) ;
#393 = DIRECTION ( 'NONE',  ( 0.000000000000000000, 1.000000000000000000, 0.000000000000000000 ) ) ;
#394 = AXIS2_PLACEMENT_3D ( 'NONE', #74, #1048, #1380 ) ;
#395 = VERTEX_POINT ( 'NONE', #1252 ) ;
#396 = CARTESIAN_POINT ( 'NONE',  ( 35.99999999999997868, -15.60000000000000320, -24.50000000000000000 ) ) ;
#397 = ORIENTED_EDGE ( 'NONE', *, *, #1080, .F. ) ;
#398 = ORIENTED_EDGE ( 'NONE', *, *, #829, .F. ) ;
#399 = DIRECTION ( 'NONE',  ( 0.000000000000000000, 0.000000000000000000, 1.000000000000000000 ) ) ;
#400 = CARTESIAN_POINT ( 'NONE',  ( 29.00000000000000000, -15.60000000000000320, -19.00000000000000000 ) ) ;
#401 = EDGE_LOOP ( 'NONE', ( #1605, #353, #1864, #51, #92 ) ) ;
#402 = ORIENTED_EDGE ( 'NONE', *, *, #438, .T. ) ;
#403 = EDGE_CURVE ( 'NONE', #231, #313, #50, .T. ) ;
#404 = VERTEX_POINT ( 'NONE', #98 ) ;
#405 = ORIENTED_EDGE ( 'NONE', *, *, #681, .F. ) ;
#406 = CARTESIAN_POINT ( 'NONE',  ( 22.00000000000007461, -15.60000000000000320, -13.49999999999994849 ) ) ;
#407 = DIRECTION ( 'NONE',  ( 0.000000000000000000, 0.000000000000000000, 1.000000000000000000 ) ) ;
#408 = CARTESIAN_POINT ( 'NONE',  ( 32.71231060122932632, -14.60000000000000142, -8.216621586905120012 ) ) ;
#409 = CARTESIAN_POINT ( 'NONE',  ( 49.35599383943030460, -12.59999999999999964, 49.35599383943082330 ) ) ;
#410 = EDGE_CURVE ( 'NONE', #976, #1469, #1616, .T. ) ;
#411 = AXIS2_PLACEMENT_3D ( 'NONE', #469, #1920, #588 ) ;
#412 = VERTEX_POINT ( 'NONE', #817 ) ;
#413 = EDGE_CURVE ( 'NONE', #1036, #749, #1120, .T. ) ;
#414 = CARTESIAN_POINT ( 'NONE',  ( 22.00000000000000355, -15.60000000000000320, -18.99999999999995026 ) ) ;
#415 = ORIENTED_EDGE ( 'NONE', *, *, #1549, .T. ) ;
#416 = AXIS2_PLACEMENT_3D ( 'NONE', #865, #1302, #1016 ) ;
#417 = EDGE_CURVE ( 'NONE', #19, #839, #1279, .T. ) ;
#418 = AXIS2_PLACEMENT_3D ( 'NONE', #1807, #177, #763 ) ;
#419 = CARTESIAN_POINT ( 'NONE',  ( -49.35599383943031171, -14.09999999999999964, 50.55599383943081904 ) ) ;
#420 = DIRECTION ( 'NONE',  ( -0.000000000000000000, 1.000000000000000000, -0.000000000000000000 ) ) ;
#421 = AXIS2_PLACEMENT_3D ( 'NONE', #442, #1586, #1742 ) ;
#422 = DIRECTION ( 'NONE',  ( 0.000000000000000000, 0.000000000000000000, 1.000000000000000000 ) ) ;
#423 = LINE ( 'NONE', #29, #725 ) ;
#424 = ORIENTED_EDGE ( 'NONE', *, *, #1450, .F. ) ;
#425 = AXIS2_PLACEMENT_3D ( 'NONE', #1552, #108, #1882 ) ;
#426 = CIRCLE ( 'NONE', #1915, 1.499999999999997780 ) ;
#427 = DIRECTION ( 'NONE',  ( 0.000000000000000000, 0.000000000000000000, 1.000000000000000000 ) ) ;
#428 = ORIENTED_EDGE ( 'NONE', *, *, #611, .T. ) ;
#429 = DIRECTION ( 'NONE',  ( 0.000000000000000000, 1.000000000000000000, 0.000000000000000000 ) ) ;
#430 = CARTESIAN_POINT ( 'NONE',  ( 29.00000000000000000, -15.60000000000000320, -20.49999999999999645 ) ) ;
#431 = CARTESIAN_POINT ( 'NONE',  ( -69.79991587212562365, -15.59999999999999964, 2.250000000000234479 ) ) ;
#432 = EDGE_CURVE ( 'NONE', #1116, #587, #657, .T. ) ;
#433 = CARTESIAN_POINT ( 'NONE',  ( 39.78337841309484446, -12.59999999999999964, -15.28768939877056887 ) ) ;
#434 = CARTESIAN_POINT ( 'NONE',  ( -69.79991587212562365, -14.09999999999999964, 2.250000000000234479 ) ) ;
#435 = CARTESIAN_POINT ( 'NONE',  ( 49.35599383943065988, -14.09999999999999964, -49.35599383943047513 ) ) ;
#436 = ORIENTED_EDGE ( 'NONE', *, *, #1084, .T. ) ;
#437 = DIRECTION ( 'NONE',  ( 0.000000000000000000, 1.000000000000000000, 0.000000000000000000 ) ) ;
#438 = EDGE_CURVE ( 'NONE', #1042, #860, #1375, .T. ) ;
#439 = CARTESIAN_POINT ( 'NONE',  ( -49.35599383943031171, -14.09999999999999964, 51.60599383943081619 ) ) ;
#440 = CARTESIAN_POINT ( 'NONE',  ( 29.00000000000007461, -15.60000000000000320, -13.49999999999999645 ) ) ;
#441 = ADVANCED_FACE ( 'NONE', ( #538 ), #1850, .F. ) ;
#442 = CARTESIAN_POINT ( 'NONE',  ( 69.79991587212562365, -14.09999999999999964, 2.488148210778209755E-13 ) ) ;
#443 = ORIENTED_EDGE ( 'NONE', *, *, #1362, .T. ) ;
#444 = CIRCLE ( 'NONE', #1508, 2.249999999999996003 ) ;
#445 = DIRECTION ( 'NONE',  ( -0.000000000000000000, 1.000000000000000000, -0.000000000000000000 ) ) ;
#446 = CIRCLE ( 'NONE', #351, 2.249999999999996003 ) ;
#447 = DIRECTION ( 'NONE',  ( 0.000000000000000000, -1.000000000000000000, 0.000000000000000000 ) ) ;
#448 = AXIS2_PLACEMENT_3D ( 'NONE', #595, #1760, #871 ) ;
#449 = CARTESIAN_POINT ( 'NONE',  ( 36.00000000000000711, -14.59999999999999787, -17.50000000000000000 ) ) ;
#450 = VERTEX_POINT ( 'NONE', #1259 ) ;
#451 = CIRCLE ( 'NONE', #110, 1.199999999999999734 ) ;
#452 = ORIENTED_EDGE ( 'NONE', *, *, #508, .T. ) ;
#453 = DIRECTION ( 'NONE',  ( 0.000000000000000000, 1.000000000000000000, 0.000000000000000000 ) ) ;
#454 = DIRECTION ( 'NONE',  ( 0.000000000000000000, 0.000000000000000000, 1.000000000000000000 ) ) ;
#455 = FACE_OUTER_BOUND ( 'NONE', #854, .T. ) ;
#456 = CIRCLE ( 'NONE', #700, 1.199999999999999734 ) ;
#457 = FACE_OUTER_BOUND ( 'NONE', #189, .T. ) ;
#458 = EDGE_LOOP ( 'NONE', ( #1435, #386 ) ) ;
#459 = ORIENTED_EDGE ( 'NONE', *, *, #964, .F. ) ;
#460 = DIRECTION ( 'NONE',  ( 0.000000000000000000, 0.000000000000000000, 1.000000000000000000 ) ) ;
#461 = CARTESIAN_POINT ( 'NONE',  ( 49.35599383943030460, -15.60000000000000320, 49.35599383943082330 ) ) ;
#462 = EDGE_LOOP ( 'NONE', ( #1121, #954, #341, #61 ) ) ;
#463 = DIRECTION ( 'NONE',  ( -0.000000000000000000, 1.000000000000000000, -0.000000000000000000 ) ) ;
#464 = VERTEX_POINT ( 'NONE', #1858 ) ;
#465 = LINE ( 'NONE', #47, #135 ) ;
#466 = EDGE_CURVE ( 'NONE', #811, #167, #981, .T. ) ;
#467 = ORIENTED_EDGE ( 'NONE', *, *, #706, .T. ) ;
#468 = DIRECTION ( 'NONE',  ( 0.000000000000000000, 1.000000000000000000, 0.000000000000000000 ) ) ;
#469 = CARTESIAN_POINT ( 'NONE',  ( 49.35599383943030460, -14.09999999999999964, 49.35599383943082330 ) ) ;
#470 = VECTOR ( 'NONE', #1706, 1000.000000000000000 ) ;
#471 = DIRECTION ( 'NONE',  ( -0.000000000000000000, 1.000000000000000000, -0.000000000000000000 ) ) ;
#472 = ORIENTED_EDGE ( 'NONE', *, *, #1863, .F. ) ;
#473 = EDGE_CURVE ( 'NONE', #510, #282, #1151, .T. ) ;
#474 = DIRECTION ( 'NONE',  ( 0.000000000000000000, 0.000000000000000000, 1.000000000000000000 ) ) ;
#475 = CARTESIAN_POINT ( 'NONE',  ( 25.46446609406724804, -12.59999999999999964, -15.46446609406727646 ) ) ;
#476 = AXIS2_PLACEMENT_3D ( 'NONE', #1612, #1299, #296 ) ;
#477 = CIRCLE ( 'NONE', #1336, 1.499999999999997780 ) ;
#478 = CARTESIAN_POINT ( 'NONE',  ( 8.396704884395175483, -15.59999999999999964, -26.56066017177984762 ) ) ;
#479 = ORIENTED_EDGE ( 'NONE', *, *, #1873, .T. ) ;
#480 = CARTESIAN_POINT ( 'NONE',  ( 9.160347754928993300E-15, -12.59999999999999964, -74.79991587212560944 ) ) ;
#481 = DIRECTION ( 'NONE',  ( -0.000000000000000000, 1.000000000000000000, -0.000000000000000000 ) ) ;
#482 = ORIENTED_EDGE ( 'NONE', *, *, #800, .F. ) ;
#483 = FACE_OUTER_BOUND ( 'NONE', #240, .T. ) ;
#484 = AXIS2_PLACEMENT_3D ( 'NONE', #1542, #1400, #1718 ) ;
#485 = EDGE_CURVE ( 'NONE', #1205, #26, #426, .T. ) ;
#486 = CARTESIAN_POINT ( 'NONE',  ( 25.28768939877068433, -14.60000000000000142, -29.78337841309487288 ) ) ;
#487 = DIRECTION ( 'NONE',  ( 0.000000000000000000, 0.000000000000000000, -1.000000000000000000 ) ) ;
#488 = ORIENTED_EDGE ( 'NONE', *, *, #1564, .T. ) ;
#489 = CARTESIAN_POINT ( 'NONE',  ( -69.79991587212562365, -14.09999999999999964, 2.385953863628735661E-13 ) ) ;
#490 = CARTESIAN_POINT ( 'NONE',  ( 29.00000000000007461, -15.60000000000000320, -12.00000000000000000 ) ) ;
#491 = EDGE_LOOP ( 'NONE', ( #848, #381, #1234, #516 ) ) ;
#492 = EDGE_CURVE ( 'NONE', #1162, #412, #456, .T. ) ;
#493 = CARTESIAN_POINT ( 'NONE',  ( 39.78337841309484446, -12.59999999999999964, -15.28768939877056887 ) ) ;
#494 = CARTESIAN_POINT ( 'NONE',  ( 29.00000000000000000, -15.60000000000000320, -19.00000000000000000 ) ) ;
#495 = DIRECTION ( 'NONE',  ( 0.000000000000000000, -1.000000000000000000, 0.000000000000000000 ) ) ;
#496 = CARTESIAN_POINT ( 'NONE',  ( 32.53553390593276617, -53.59137802864847089, -22.53553390593271999 ) ) ;
#497 = ADVANCED_FACE ( 'NONE', ( #631, #1061 ), #1196, .F. ) ;
#498 = CARTESIAN_POINT ( 'NONE',  ( -49.35599383943031171, -15.59999999999999964, 49.35599383943081619 ) ) ;
#499 = ORIENTED_EDGE ( 'NONE', *, *, #1562, .T. ) ;
#500 = CARTESIAN_POINT ( 'NONE',  ( -49.35599383943031171, -15.60000000000000320, 50.55599383943081904 ) ) ;
#501 = DIRECTION ( 'NONE',  ( 0.000000000000000000, 0.000000000000000000, 1.000000000000000000 ) ) ;
#502 = ORIENTED_EDGE ( 'NONE', *, *, #1005, .F. ) ;
#503 = CARTESIAN_POINT ( 'NONE',  ( 49.35599383943065988, -14.09999999999999964, -47.10599383943047513 ) ) ;
#504 = CARTESIAN_POINT ( 'NONE',  ( 0.000000000000000000, -14.59999999999999787, 0.000000000000000000 ) ) ;
#505 = CIRCLE ( 'NONE', #1602, 1.200000000000001066 ) ;
#506 = DIRECTION ( 'NONE',  ( 0.000000000000000000, 0.000000000000000000, -1.000000000000000000 ) ) ;
#507 = CIRCLE ( 'NONE', #1510, 74.79991587212560944 ) ;
#508 = EDGE_CURVE ( 'NONE', #282, #510, #931, .T. ) ;
#509 = CIRCLE ( 'NONE', #720, 2.250000000000001776 ) ;
#510 = VERTEX_POINT ( 'NONE', #52 ) ;
#511 = AXIS2_PLACEMENT_3D ( 'NONE', #461, #306, #1221 ) ;
#512 = DIRECTION ( 'NONE',  ( -0.000000000000000000, 1.000000000000000000, -0.000000000000000000 ) ) ;
#513 = ORIENTED_EDGE ( 'NONE', *, *, #1524, .T. ) ;
#514 = ORIENTED_EDGE ( 'NONE', *, *, #198, .F. ) ;
#515 = CARTESIAN_POINT ( 'NONE',  ( -49.35599383943065277, -15.59999999999999964, -49.35599383943048224 ) ) ;
#516 = ORIENTED_EDGE ( 'NONE', *, *, #1564, .F. ) ;
#517 = CIRCLE ( 'NONE', #962, 74.79991587212560944 ) ;
#518 = DIRECTION ( 'NONE',  ( 0.000000000000000000, -1.000000000000000000, 0.000000000000000000 ) ) ;
#519 = DIRECTION ( 'NONE',  ( 0.000000000000000000, 0.000000000000000000, 1.000000000000000000 ) ) ;
#520 = EDGE_CURVE ( 'NONE', #395, #1297, #328, .T. ) ;
#521 = ORIENTED_EDGE ( 'NONE', *, *, #1379, .T. ) ;
#522 = DIRECTION ( 'NONE',  ( 0.000000000000000000, 0.000000000000000000, 1.000000000000000000 ) ) ;
#523 = EDGE_LOOP ( 'NONE', ( #1063, #405 ) ) ;
#524 = VERTEX_POINT ( 'NONE', #613 ) ;
#525 = CARTESIAN_POINT ( 'NONE',  ( 28.99999999999997513, -15.60000000000000320, -26.00000000000000000 ) ) ;
#526 = DIRECTION ( 'NONE',  ( -0.000000000000000000, 1.000000000000000000, -0.000000000000000000 ) ) ;
#527 = DIRECTION ( 'NONE',  ( -0.000000000000000000, 1.000000000000000000, -0.000000000000000000 ) ) ;
#528 = CARTESIAN_POINT ( 'NONE',  ( 69.79991587212562365, -7.736038969321066716, 2.488148210778209755E-13 ) ) ;
#529 = ORIENTED_EDGE ( 'NONE', *, *, #245, .T. ) ;
#530 = FILL_AREA_STYLE_COLOUR ( '', #1767 ) ;
#531 = VERTEX_POINT ( 'NONE', #1523 ) ;
#532 = ORIENTED_EDGE ( 'NONE', *, *, #432, .T. ) ;
#533 = EDGE_CURVE ( 'NONE', #987, #975, #1656, .T. ) ;
#534 = LINE ( 'NONE', #1236, #352 ) ;
#535 = CARTESIAN_POINT ( 'NONE',  ( 14.76066591507410841, -15.60000000000000320, -27.26776695296636532 ) ) ;
#536 = ADVANCED_FACE ( 'NONE', ( #914 ), #1827, .F. ) ;
#537 = AXIS2_PLACEMENT_3D ( 'NONE', #148, #734, #1165 ) ;
#538 = FACE_OUTER_BOUND ( 'NONE', #719, .T. ) ;
#539 = CIRCLE ( 'NONE', #1604, 2.250000000000001776 ) ;
#540 = EDGE_LOOP ( 'NONE', ( #220, #77, #1390, #1818, #187 ) ) ;
#541 = CIRCLE ( 'NONE', #1334, 4.000000000000000000 ) ;
#542 = CIRCLE ( 'NONE', #12, 2.250000000000001776 ) ;
#543 = ORIENTED_EDGE ( 'NONE', *, *, #520, .F. ) ;
#544 = ORIENTED_EDGE ( 'NONE', *, *, #973, .T. ) ;
#545 = VECTOR ( 'NONE', #307, 1000.000000000000000 ) ;
#546 = CARTESIAN_POINT ( 'NONE',  ( -69.79991587212562365, -15.59999999999999964, 2.385953863628735661E-13 ) ) ;
#547 = DIRECTION ( 'NONE',  ( 0.000000000000000000, 1.000000000000000000, 0.000000000000000000 ) ) ;
#548 = DIRECTION ( 'NONE',  ( 0.000000000000000000, 1.000000000000000000, 0.000000000000000000 ) ) ;
#549 = ADVANCED_FACE ( 'NONE', ( #619 ), #783, .F. ) ;
#550 = AXIS2_PLACEMENT_3D ( 'NONE', #1690, #1288, #97 ) ;
#551 = DIRECTION ( 'NONE',  ( -0.000000000000000000, -1.000000000000000000, -0.000000000000000000 ) ) ;
#552 = ORIENTED_EDGE ( 'NONE', *, *, #198, .T. ) ;
#553 = ORIENTED_EDGE ( 'NONE', *, *, #1436, .F. ) ;
#554 = EDGE_LOOP ( 'NONE', ( #253, #196, #332, #85 ) ) ;
#555 = DIRECTION ( 'NONE',  ( -0.000000000000000000, 1.000000000000000000, -0.000000000000000000 ) ) ;
#556 = FACE_OUTER_BOUND ( 'NONE', #1700, .T. ) ;
#557 = ADVANCED_FACE ( 'NONE', ( #1188 ), #209, .F. ) ;
#558 = ORIENTED_EDGE ( 'NONE', *, *, #1489, .T. ) ;
#559 = DIRECTION ( 'NONE',  ( 0.000000000000000000, 0.000000000000000000, 1.000000000000000000 ) ) ;
#560 = ORIENTED_EDGE ( 'NONE', *, *, #126, .F. ) ;
#561 = ORIENTED_EDGE ( 'NONE', *, *, #1485, .T. ) ;
#562 = CARTESIAN_POINT ( 'NONE',  ( 11.93223879032792745, -15.60000000000000320, -30.09619407771255695 ) ) ;
#563 = DIRECTION ( 'NONE',  ( -0.000000000000000000, 1.000000000000000000, -0.000000000000000000 ) ) ;
#564 = FACE_OUTER_BOUND ( 'NONE', #252, .T. ) ;
#565 = DIRECTION ( 'NONE',  ( -0.000000000000000000, -1.000000000000000000, -0.000000000000000000 ) ) ;
#566 = AXIS2_PLACEMENT_3D ( 'NONE', #815, #949, #1729 ) ;
#567 = EDGE_CURVE ( 'NONE', #934, #893, #641, .T. ) ;
#568 = ORIENTED_EDGE ( 'NONE', *, *, #1587, .T. ) ;
#569 = CARTESIAN_POINT ( 'NONE',  ( -49.35599383943065277, -12.59999999999999964, -50.55599383943048508 ) ) ;
#570 = EDGE_CURVE ( 'NONE', #1469, #1219, #1816, .T. ) ;
#571 = CARTESIAN_POINT ( 'NONE',  ( 17.58909303982028405, -15.60000000000000320, -24.43933982822015238 ) ) ;
#572 = EDGE_LOOP ( 'NONE', ( #1073, #986, #716, #459 ) ) ;
#573 = AXIS2_PLACEMENT_3D ( 'NONE', #91, #1114, #246 ) ;
#574 = DIRECTION ( 'NONE',  ( 0.000000000000000000, 1.000000000000000000, 0.000000000000000000 ) ) ;
#575 = FACE_BOUND ( 'NONE', #1126, .T. ) ;
#576 = CARTESIAN_POINT ( 'NONE',  ( -69.79991587212562365, -15.60000000000000320, 1.200000000000239542 ) ) ;
#577 = CIRCLE ( 'NONE', #1636, 2.250000000000001776 ) ;
#578 = DIRECTION ( 'NONE',  ( -0.000000000000000000, 1.000000000000000000, -0.000000000000000000 ) ) ;
#579 = VECTOR ( 'NONE', #1719, 1000.000000000000000 ) ;
#580 = AXIS2_PLACEMENT_3D ( 'NONE', #1511, #1038, #197 ) ;
#581 = DIRECTION ( 'NONE',  ( 0.000000000000000000, 0.000000000000000000, 1.000000000000000000 ) ) ;
#582 = ORIENTED_EDGE ( 'NONE', *, *, #1606, .T. ) ;
#583 = DIRECTION ( 'NONE',  ( 0.000000000000000000, 1.000000000000000000, 0.000000000000000000 ) ) ;
#584 = CARTESIAN_POINT ( 'NONE',  ( 49.35599383943065988, -7.736038969321066716, -47.10599383943047513 ) ) ;
#585 = CARTESIAN_POINT ( 'NONE',  ( 17.58909303982028405, -12.59999999999999964, -24.43933982822015238 ) ) ;
#586 = DIRECTION ( 'NONE',  ( 0.000000000000000000, 1.000000000000000000, 0.000000000000000000 ) ) ;
#587 = VERTEX_POINT ( 'NONE', #1070 ) ;
#588 = DIRECTION ( 'NONE',  ( 0.000000000000000000, 0.000000000000000000, 1.000000000000000000 ) ) ;
#589 = CARTESIAN_POINT ( 'NONE',  ( 22.00000000000007461, -15.60000000000000320, -10.49999999999995559 ) ) ;
#590 = FACE_BOUND ( 'NONE', #782, .T. ) ;
#591 = LINE ( 'NONE', #733, #840 ) ;
#592 = EDGE_CURVE ( 'NONE', #231, #1475, #1667, .T. ) ;
#593 = VERTEX_POINT ( 'NONE', #480 ) ;
#594 = AXIS2_PLACEMENT_3D ( 'NONE', #1028, #22, #612 ) ;
#595 = CARTESIAN_POINT ( 'NONE',  ( 49.35599383943030460, -15.59999999999999964, 49.35599383943082330 ) ) ;
#596 = AXIS2_PLACEMENT_3D ( 'NONE', #1503, #359, #314 ) ;
#597 = FACE_BOUND ( 'NONE', #643, .T. ) ;
#598 = CIRCLE ( 'NONE', #778, 2.250000000000001776 ) ;
#599 = CARTESIAN_POINT ( 'NONE',  ( 18.21662158690516975, -53.59137802864847089, -22.71231060122942935 ) ) ;
#600 = VERTEX_POINT ( 'NONE', #1647 ) ;
#601 = AXIS2_PLACEMENT_3D ( 'NONE', #1414, #210, #1537 ) ;
#602 = ORIENTED_EDGE ( 'NONE', *, *, #1591, .T. ) ;
#603 = ORIENTED_EDGE ( 'NONE', *, *, #195, .T. ) ;
#604 = DIRECTION ( 'NONE',  ( 0.000000000000000000, 0.000000000000000000, 1.000000000000000000 ) ) ;
#605 = DIRECTION ( 'NONE',  ( 0.000000000000000000, 0.000000000000000000, 1.000000000000000000 ) ) ;
#606 = VECTOR ( 'NONE', #845, 1000.000000000000000 ) ;
#607 = PLANE ( 'NONE',  #1611 ) ;
#608 = EDGE_LOOP ( 'NONE', ( #1131, #769, #764, #1207 ) ) ;
#609 = ADVANCED_FACE ( 'NONE', ( #23, #176 ), #1635, .F. ) ;
#610 = VERTEX_POINT ( 'NONE', #321 ) ;
#611 = EDGE_CURVE ( 'NONE', #1036, #593, #62, .T. ) ;
#612 = DIRECTION ( 'NONE',  ( 0.000000000000000000, 0.000000000000000000, 1.000000000000000000 ) ) ;
#613 = CARTESIAN_POINT ( 'NONE',  ( 29.00000000000000000, -15.60000000000000320, -17.50000000000000000 ) ) ;
#614 = CARTESIAN_POINT ( 'NONE',  ( -49.35599383943065277, -15.60000000000000320, -48.15599383943048650 ) ) ;
#615 = LINE ( 'NONE', #1075, #1763 ) ;
#616 = ORIENTED_EDGE ( 'NONE', *, *, #1305, .T. ) ;
#617 = LINE ( 'NONE', #1519, #786 ) ;
#618 = ORIENTED_EDGE ( 'NONE', *, *, #533, .F. ) ;
#619 = FACE_OUTER_BOUND ( 'NONE', #203, .T. ) ;
#620 = EDGE_CURVE ( 'NONE', #983, #761, #1391, .T. ) ;
#621 = AXIS2_PLACEMENT_3D ( 'NONE', #876, #1189, #1788 ) ;
#622 = DIRECTION ( 'NONE',  ( -0.7071067811865511255, 0.000000000000000000, 0.7071067811865440200 ) ) ;
#623 = ORIENTED_EDGE ( 'NONE', *, *, #1529, .T. ) ;
#624 = DIRECTION ( 'NONE',  ( 0.000000000000000000, 1.000000000000000000, 0.000000000000000000 ) ) ;
#625 = ORIENTED_EDGE ( 'NONE', *, *, #567, .F. ) ;
#626 = VECTOR ( 'NONE', #471, 1000.000000000000000 ) ;
#627 = CIRCLE ( 'NONE', #891, 1.199999999999999734 ) ;
#628 = CARTESIAN_POINT ( 'NONE',  ( 22.00000000000007461, -15.60000000000000320, -10.49999999999995559 ) ) ;
#629 = ORIENTED_EDGE ( 'NONE', *, *, #1707, .F. ) ;
#630 = ADVANCED_FACE ( 'NONE', ( #904, #1501 ), #185, .F. ) ;
#631 = FACE_BOUND ( 'NONE', #54, .T. ) ;
#632 = CARTESIAN_POINT ( 'NONE',  ( 49.35599383943030460, -15.59999999999999964, 51.60599383943082330 ) ) ;
#633 = ORIENTED_EDGE ( 'NONE', *, *, #819, .F. ) ;
#634 = DIRECTION ( 'NONE',  ( -0.000000000000000000, 1.000000000000000000, -0.000000000000000000 ) ) ;
#635 = AXIS2_PLACEMENT_3D ( 'NONE', #1613, #278, #1455 ) ;
#636 = ORIENTED_EDGE ( 'NONE', *, *, #1906, .T. ) ;
#637 = EDGE_CURVE ( 'NONE', #1219, #1687, #686, .T. ) ;
#638 = DIRECTION ( 'NONE',  ( -0.000000000000000000, 1.000000000000000000, -0.000000000000000000 ) ) ;
#639 = DIRECTION ( 'NONE',  ( -0.000000000000000000, -1.000000000000000000, -0.000000000000000000 ) ) ;
#640 = ORIENTED_EDGE ( 'NONE', *, *, #1625, .F. ) ;
#641 = LINE ( 'NONE', #1220, #915 ) ;
#642 = DIRECTION ( 'NONE',  ( 0.000000000000000000, 1.000000000000000000, 0.000000000000000000 ) ) ;
#643 = EDGE_LOOP ( 'NONE', ( #276, #174 ) ) ;
#644 = DIRECTION ( 'NONE',  ( 0.000000000000000000, 0.000000000000000000, 1.000000000000000000 ) ) ;
#645 = FACE_BOUND ( 'NONE', #1284, .T. ) ;
#646 = ADVANCED_FACE ( 'NONE', ( #304 ), #753, .F. ) ;
#647 = CYLINDRICAL_SURFACE ( 'NONE', #1804, 2.249999999999996003 ) ;
#648 = ORIENTED_EDGE ( 'NONE', *, *, #1459, .T. ) ;
#649 = DIRECTION ( 'NONE',  ( -0.000000000000000000, 1.000000000000000000, -0.000000000000000000 ) ) ;
#650 = CARTESIAN_POINT ( 'NONE',  ( -69.79991587212562365, -15.60000000000000320, 2.385953863628735661E-13 ) ) ;
#651 = ORIENTED_EDGE ( 'NONE', *, *, #105, .F. ) ;
#652 = AXIS2_PLACEMENT_3D ( 'NONE', #372, #218, #1373 ) ;
#653 = CARTESIAN_POINT ( 'NONE',  ( 11.22513200914134757, -12.59999999999999964, -23.73223304703363823 ) ) ;
#654 = ORIENTED_EDGE ( 'NONE', *, *, #941, .F. ) ;
#655 = DIRECTION ( 'NONE',  ( -0.000000000000000000, -1.000000000000000000, -0.000000000000000000 ) ) ;
#656 = AXIS2_PLACEMENT_3D ( 'NONE', #280, #857, #1174 ) ;
#657 = LINE ( 'NONE', #1543, #789 ) ;
#658 = AXIS2_PLACEMENT_3D ( 'NONE', #696, #1551, #1276 ) ;
#659 = ORIENTED_EDGE ( 'NONE', *, *, #637, .T. ) ;
#660 = DIRECTION ( 'NONE',  ( 0.000000000000000000, 0.000000000000000000, 1.000000000000000000 ) ) ;
#661 = VERTEX_POINT ( 'NONE', #1316 ) ;
#662 = DIRECTION ( 'NONE',  ( -0.000000000000000000, 1.000000000000000000, -0.000000000000000000 ) ) ;
#663 = ORIENTED_EDGE ( 'NONE', *, *, #592, .T. ) ;
#664 = AXIS2_PLACEMENT_3D ( 'NONE', #535, #842, #684 ) ;
#665 = EDGE_CURVE ( 'NONE', #785, #1570, #1899, .T. ) ;
#666 = FACE_OUTER_BOUND ( 'NONE', #1815, .T. ) ;
#667 = ADVANCED_FACE ( 'NONE', ( #1335 ), #894, .F. ) ;
#668 = ORIENTED_EDGE ( 'NONE', *, *, #829, .T. ) ;
#669 = EDGE_CURVE ( 'NONE', #151, #329, #505, .T. ) ;
#670 =( LENGTH_UNIT ( ) NAMED_UNIT ( * ) SI_UNIT ( .MILLI., .METRE. ) );
#671 = ORIENTED_EDGE ( 'NONE', *, *, #1158, .T. ) ;
#672 = CARTESIAN_POINT ( 'NONE',  ( 69.79991587212562365, -15.60000000000000320, 2.488148210778209755E-13 ) ) ;
#673 = CARTESIAN_POINT ( 'NONE',  ( 28.99999999999997513, -14.59999999999999787, -26.00000000000000000 ) ) ;
#674 = DIRECTION ( 'NONE',  ( 0.000000000000000000, 0.000000000000000000, 1.000000000000000000 ) ) ;
#675 = PRODUCT_DEFINITION_CONTEXT ( 'detailed design', #1709, 'design' ) ;
#676 = DIRECTION ( 'NONE',  ( 0.000000000000000000, 0.000000000000000000, -1.000000000000000000 ) ) ;
#677 = EDGE_LOOP ( 'NONE', ( #514, #1593, #8, #651 ) ) ;
#678 = DIRECTION ( 'NONE',  ( 0.000000000000000000, 0.000000000000000000, 1.000000000000000000 ) ) ;
#679 = ORIENTED_EDGE ( 'NONE', *, *, #466, .F. ) ;
#680 = VERTEX_POINT ( 'NONE', #1600 ) ;
#681 = EDGE_CURVE ( 'NONE', #464, #1638, #1330, .T. ) ;
#682 = DIRECTION ( 'NONE',  ( 0.000000000000000000, 0.000000000000000000, 1.000000000000000000 ) ) ;
#683 = CARTESIAN_POINT ( 'NONE',  ( 69.79991587212562365, -7.736038969321066716, 2.488148210778209755E-13 ) ) ;
#684 = DIRECTION ( 'NONE',  ( 0.000000000000000000, 0.000000000000000000, 1.000000000000000000 ) ) ;
#685 = CARTESIAN_POINT ( 'NONE',  ( 49.35599383943030460, -15.59999999999999964, 47.10599383943082330 ) ) ;
#686 = CIRCLE ( 'NONE', #6, 1.199999999999999734 ) ;
#687 = AXIS2_PLACEMENT_3D ( 'NONE', #714, #578, #1149 ) ;
#688 = ORIENTED_EDGE ( 'NONE', *, *, #1723, .F. ) ;
#689 = CIRCLE ( 'NONE', #836, 1.499999999999997780 ) ;
#690 = DIRECTION ( 'NONE',  ( 0.000000000000000000, 0.000000000000000000, 1.000000000000000000 ) ) ;
#691 = AXIS2_PLACEMENT_3D ( 'NONE', #254, #143, #837 ) ;
#692 = EDGE_LOOP ( 'NONE', ( #15, #1115 ) ) ;
#693 = ADVANCED_FACE ( 'NONE', ( #1911, #1492 ), #1785, .F. ) ;
#694 = ORIENTED_EDGE ( 'NONE', *, *, #751, .F. ) ;
#695 = CIRCLE ( 'NONE', #1769, 4.000000000000000000 ) ;
#696 = CARTESIAN_POINT ( 'NONE',  ( -69.79991587212562365, -15.60000000000000320, 2.385953863628735661E-13 ) ) ;
#697 = LINE ( 'NONE', #813, #48 ) ;
#698 = CYLINDRICAL_SURFACE ( 'NONE', #36, 1.499999999999997780 ) ;
#699 = EDGE_CURVE ( 'NONE', #313, #319, #1003, .T. ) ;
#700 = AXIS2_PLACEMENT_3D ( 'NONE', #409, #707, #1292 ) ;
#701 = ORIENTED_EDGE ( 'NONE', *, *, #1130, .T. ) ;
#702 = ORIENTED_EDGE ( 'NONE', *, *, #1017, .T. ) ;
#703 = EDGE_LOOP ( 'NONE', ( #1233, #499 ) ) ;
#704 = CARTESIAN_POINT ( 'NONE',  ( -49.35599383943031171, -15.59999999999999964, 51.60599383943081619 ) ) ;
#705 = LINE ( 'NONE', #1427, #173 ) ;
#706 = EDGE_CURVE ( 'NONE', #1623, #1102, #881, .T. ) ;
#707 = DIRECTION ( 'NONE',  ( 0.000000000000000000, 1.000000000000000000, 0.000000000000000000 ) ) ;
#708 = ORIENTED_EDGE ( 'NONE', *, *, #1471, .T. ) ;
#709 = DIRECTION ( 'NONE',  ( -0.000000000000000000, 1.000000000000000000, -0.000000000000000000 ) ) ;
#710 = EDGE_LOOP ( 'NONE', ( #880, #103, #633, #694 ) ) ;
#711 = DIRECTION ( 'NONE',  ( -0.000000000000000000, -1.000000000000000000, -0.000000000000000000 ) ) ;
#712 = LINE ( 'NONE', #1761, #1020 ) ;
#713 = LINE ( 'NONE', #576, #1370 ) ;
#714 = CARTESIAN_POINT ( 'NONE',  ( 29.00000000000000000, -15.60000000000000320, -19.00000000000000000 ) ) ;
#715 = AXIS2_PLACEMENT_3D ( 'NONE', #251, #833, #1885 ) ;
#716 = ORIENTED_EDGE ( 'NONE', *, *, #492, .T. ) ;
#717 =( NAMED_UNIT ( * ) SI_UNIT ( $, .STERADIAN. ) SOLID_ANGLE_UNIT ( ) );
#718 = VERTEX_POINT ( 'NONE', #1814 ) ;
#719 = EDGE_LOOP ( 'NONE', ( #869, #1918, #1125, #13 ) ) ;
#720 = AXIS2_PLACEMENT_3D ( 'NONE', #1439, #1308, #454 ) ;
#721 = CIRCLE ( 'NONE', #166, 2.250000000000001776 ) ;
#722 = DIRECTION ( 'NONE',  ( 0.000000000000000000, 1.000000000000000000, 0.000000000000000000 ) ) ;
#723 = CYLINDRICAL_SURFACE ( 'NONE', #1550, 74.79991587212560944 ) ;
#724 = FACE_BOUND ( 'NONE', #540, .T. ) ;
#725 = VECTOR ( 'NONE', #1824, 1000.000000000000000 ) ;
#726 = FACE_BOUND ( 'NONE', #1339, .T. ) ;
#727 = VECTOR ( 'NONE', #89, 999.9999999999998863 ) ;
#728 = DIRECTION ( 'NONE',  ( 0.000000000000000000, 0.000000000000000000, 1.000000000000000000 ) ) ;
#729 = EDGE_LOOP ( 'NONE', ( #1101, #467, #957, #1776 ) ) ;
#730 = DIRECTION ( 'NONE',  ( 0.000000000000000000, 1.000000000000000000, 0.000000000000000000 ) ) ;
#731 = EDGE_CURVE ( 'NONE', #1677, #1572, #1231, .T. ) ;
#732 = PLANE ( 'NONE',  #1460 ) ;
#733 = CARTESIAN_POINT ( 'NONE',  ( 49.35599383943030460, -7.736038969321066716, 47.10599383943082330 ) ) ;
#734 = DIRECTION ( 'NONE',  ( 0.000000000000000000, 1.000000000000000000, 0.000000000000000000 ) ) ;
#735 = VERTEX_POINT ( 'NONE', #206 ) ;
#736 = PRODUCT_CONTEXT ( 'NONE', #1668, 'mechanical' ) ;
#737 = ORIENTED_EDGE ( 'NONE', *, *, #1836, .T. ) ;
#738 = CARTESIAN_POINT ( 'NONE',  ( 0.000000000000000000, -227.1661109814531869, 0.000000000000000000 ) ) ;
#739 = FACE_BOUND ( 'NONE', #1528, .T. ) ;
#740 = ADVANCED_FACE ( 'NONE', ( #666 ), #1401, .F. ) ;
#741 = CARTESIAN_POINT ( 'NONE',  ( 49.35599383943065988, -14.09999999999999964, -48.15599383943047940 ) ) ;
#742 = ORIENTED_EDGE ( 'NONE', *, *, #669, .F. ) ;
#743 = VECTOR ( 'NONE', #1888, 1000.000000000000000 ) ;
#744 = DIRECTION ( 'NONE',  ( 0.000000000000000000, 0.000000000000000000, 1.000000000000000000 ) ) ;
#745 = ADVANCED_FACE ( 'NONE', ( #1849 ), #1100, .F. ) ;
#746 = CARTESIAN_POINT ( 'NONE',  ( 35.99999999999997868, -15.60000000000000320, -26.00000000000000000 ) ) ;
#747 = VECTOR ( 'NONE', #337, 1000.000000000000000 ) ;
#748 = LINE ( 'NONE', #327, #1015 ) ;
#749 = VERTEX_POINT ( 'NONE', #1554 ) ;
#750 = CIRCLE ( 'NONE', #287, 74.79991587212560944 ) ;
#751 = EDGE_CURVE ( 'NONE', #291, #1478, #806, .T. ) ;
#752 = ORIENTED_EDGE ( 'NONE', *, *, #1022, .F. ) ;
#753 = CYLINDRICAL_SURFACE ( 'NONE', #1071, 10.25000000000000533 ) ;
#754 = DIRECTION ( 'NONE',  ( 0.7071067811865511255, 0.000000000000000000, -0.7071067811865440200 ) ) ;
#755 = AXIS2_PLACEMENT_3D ( 'NONE', #1597, #1148, #1300 ) ;
#756 = CARTESIAN_POINT ( 'NONE',  ( 29.00000000000007461, -15.60000000000000320, -12.00000000000000000 ) ) ;
#757 = ORIENTED_EDGE ( 'NONE', *, *, #225, .T. ) ;
#758 = DIRECTION ( 'NONE',  ( -0.7071067811865511255, 0.000000000000000000, 0.7071067811865440200 ) ) ;
#759 = EDGE_LOOP ( 'NONE', ( #67, #308, #708, #1790 ) ) ;
#760 = EDGE_CURVE ( 'NONE', #860, #1042, #1457, .T. ) ;
#761 = VERTEX_POINT ( 'NONE', #1186 ) ;
#762 = DIRECTION ( 'NONE',  ( 0.000000000000000000, 1.000000000000000000, 0.000000000000000000 ) ) ;
#763 = DIRECTION ( 'NONE',  ( 0.000000000000000000, 0.000000000000000000, 1.000000000000000000 ) ) ;
#764 = ORIENTED_EDGE ( 'NONE', *, *, #273, .F. ) ;
#765 = DIRECTION ( 'NONE',  ( 0.000000000000000000, 1.000000000000000000, 0.000000000000000000 ) ) ;
#766 = DIRECTION ( 'NONE',  ( 0.000000000000000000, 1.000000000000000000, 0.000000000000000000 ) ) ;
#767 = CARTESIAN_POINT ( 'NONE',  ( 11.22513200914134757, -15.60000000000000320, -19.73223304703363823 ) ) ;
#768 = EDGE_CURVE ( 'NONE', #1422, #1495, #465, .T. ) ;
#769 = ORIENTED_EDGE ( 'NONE', *, *, #1839, .F. ) ;
#770 = CARTESIAN_POINT ( 'NONE',  ( 0.000000000000000000, -14.09999999999999964, 0.000000000000000000 ) ) ;
#771 = EDGE_CURVE ( 'NONE', #826, #937, #1034, .T. ) ;
#772 = AXIS2_PLACEMENT_3D ( 'NONE', #1624, #1307, #16 ) ;
#773 = LINE ( 'NONE', #614, #626 ) ;
#774 = ORIENTED_EDGE ( 'NONE', *, *, #234, .F. ) ;
#775 = CIRCLE ( 'NONE', #1865, 1.499999999999997780 ) ;
#776 = FACE_OUTER_BOUND ( 'NONE', #491, .T. ) ;
#777 = ORIENTED_EDGE ( 'NONE', *, *, #858, .F. ) ;
#778 = AXIS2_PLACEMENT_3D ( 'NONE', #998, #1914, #145 ) ;
#779 = VECTOR ( 'NONE', #1678, 1000.000000000000000 ) ;
#780 = CARTESIAN_POINT ( 'NONE',  ( 36.00000000000000711, -15.60000000000000320, -17.50000000000000000 ) ) ;
#781 = AXIS2_PLACEMENT_3D ( 'NONE', #1810, #1629, #1032 ) ;
#782 = EDGE_LOOP ( 'NONE', ( #835, #702 ) ) ;
#783 = CYLINDRICAL_SURFACE ( 'NONE', #236, 2.250000000000001776 ) ;
#784 = CARTESIAN_POINT ( 'NONE',  ( 25.46446609406724804, -14.60000000000000142, -5.214466094067270241 ) ) ;
#785 = VERTEX_POINT ( 'NONE', #569 ) ;
#786 = VECTOR ( 'NONE', #638, 1000.000000000000000 ) ;
#787 = PRODUCT_RELATED_PRODUCT_CATEGORY ( 'part', '', ( #1507 ) ) ;
#788 = LINE ( 'NONE', #493, #747 ) ;
#789 = VECTOR ( 'NONE', #1111, 1000.000000000000000 ) ;
#790 = ORIENTED_EDGE ( 'NONE', *, *, #620, .F. ) ;
#791 = DIRECTION ( 'NONE',  ( 0.000000000000000000, -1.000000000000000000, 0.000000000000000000 ) ) ;
#792 = FACE_OUTER_BOUND ( 'NONE', #1509, .T. ) ;
#793 = ORIENTED_EDGE ( 'NONE', *, *, #771, .F. ) ;
#794 = DIRECTION ( 'NONE',  ( 0.000000000000000000, 1.000000000000000000, 0.000000000000000000 ) ) ;
#795 = VERTEX_POINT ( 'NONE', #1848 ) ;
#796 = CARTESIAN_POINT ( 'NONE',  ( 25.28768939877068433, -12.59999999999999964, -29.78337841309487644 ) ) ;
#797 = DIRECTION ( 'NONE',  ( 0.000000000000000000, 1.000000000000000000, 0.000000000000000000 ) ) ;
#798 = DIRECTION ( 'NONE',  ( 0.000000000000000000, 0.000000000000000000, -1.000000000000000000 ) ) ;
#799 = EDGE_LOOP ( 'NONE', ( #1280, #1269, #1181, #1768 ) ) ;
#800 = EDGE_CURVE ( 'NONE', #972, #1531, #1301, .T. ) ;
#801 = AXIS2_PLACEMENT_3D ( 'NONE', #1092, #943, #1139 ) ;
#802 = DIRECTION ( 'NONE',  ( 0.000000000000000000, 1.000000000000000000, 0.000000000000000000 ) ) ;
#803 = CYLINDRICAL_SURFACE ( 'NONE', #235, 1.199999999999999734 ) ;
#804 = DIRECTION ( 'NONE',  ( 0.000000000000000000, -1.000000000000000000, 0.000000000000000000 ) ) ;
#805 = EDGE_CURVE ( 'NONE', #1475, #319, #347, .T. ) ;
#806 = LINE ( 'NONE', #1643, #1105 ) ;
#807 = DIRECTION ( 'NONE',  ( -0.000000000000000000, -1.000000000000000000, -0.000000000000000000 ) ) ;
#808 = EDGE_LOOP ( 'NONE', ( #324, #1262, #1910, #73 ) ) ;
#809 = LINE ( 'NONE', #383, #779 ) ;
#810 = ORIENTED_EDGE ( 'NONE', *, *, #1665, .F. ) ;
#811 = VERTEX_POINT ( 'NONE', #434 ) ;
#812 = DIRECTION ( 'NONE',  ( 0.000000000000000000, 1.000000000000000000, 0.000000000000000000 ) ) ;
#813 = CARTESIAN_POINT ( 'NONE',  ( 49.35599383943030460, -7.736038969321066716, 51.60599383943082330 ) ) ;
#814 = VECTOR ( 'NONE', #371, 1000.000000000000000 ) ;
#815 = CARTESIAN_POINT ( 'NONE',  ( 49.35599383943065988, -15.60000000000000320, -49.35599383943047513 ) ) ;
#816 = AXIS2_PLACEMENT_3D ( 'NONE', #1895, #1583, #119 ) ;
#817 = CARTESIAN_POINT ( 'NONE',  ( 49.35599383943030460, -12.59999999999999964, 50.55599383943082614 ) ) ;
#818 = EDGE_LOOP ( 'NONE', ( #211, #1033, #1808, #995 ) ) ;
#819 = EDGE_CURVE ( 'NONE', #1478, #1495, #444, .T. ) ;
#820 =( NAMED_UNIT ( * ) PLANE_ANGLE_UNIT ( ) SI_UNIT ( $, .RADIAN. ) );
#821 = VERTEX_POINT ( 'NONE', #585 ) ;
#822 = ORIENTED_EDGE ( 'NONE', *, *, #20, .F. ) ;
#823 = FACE_OUTER_BOUND ( 'NONE', #677, .T. ) ;
#824 = CARTESIAN_POINT ( 'NONE',  ( -69.79991587212562365, -14.09999999999999964, 2.385953863628735661E-13 ) ) ;
#825 = EDGE_CURVE ( 'NONE', #821, #795, #1823, .T. ) ;
#826 = VERTEX_POINT ( 'NONE', #1018 ) ;
#827 = EDGE_LOOP ( 'NONE', ( #1627, #521, #1355, #958 ) ) ;
#828 = ORIENTED_EDGE ( 'NONE', *, *, #1212, .T. ) ;
#829 = EDGE_CURVE ( 'NONE', #1610, #167, #980, .T. ) ;
#830 = DIRECTION ( 'NONE',  ( 0.000000000000000000, 0.000000000000000000, 1.000000000000000000 ) ) ;
#831 = LINE ( 'NONE', #242, #1311 ) ;
#832 = VECTOR ( 'NONE', #762, 1000.000000000000000 ) ;
#833 = DIRECTION ( 'NONE',  ( 0.000000000000000000, 1.000000000000000000, 0.000000000000000000 ) ) ;
#834 = CIRCLE ( 'NONE', #656, 10.25000000000000533 ) ;
#835 = ORIENTED_EDGE ( 'NONE', *, *, #1320, .T. ) ;
#836 = AXIS2_PLACEMENT_3D ( 'NONE', #1900, #1472, #849 ) ;
#837 = DIRECTION ( 'NONE',  ( 1.000000000000000000, 0.000000000000000000, 0.000000000000000000 ) ) ;
#838 = VERTEX_POINT ( 'NONE', #685 ) ;
#839 = VERTEX_POINT ( 'NONE', #1298 ) ;
#840 = VECTOR ( 'NONE', #1449, 1000.000000000000000 ) ;
#841 = DIRECTION ( 'NONE',  ( 0.000000000000000000, 0.000000000000000000, 1.000000000000000000 ) ) ;
#842 = DIRECTION ( 'NONE',  ( -0.000000000000000000, 1.000000000000000000, -0.000000000000000000 ) ) ;
#843 = EDGE_CURVE ( 'NONE', #1544, #450, #158, .T. ) ;
#844 = CIRCLE ( 'NONE', #294, 1.499999999999997780 ) ;
#845 = DIRECTION ( 'NONE',  ( 0.000000000000000000, -1.000000000000000000, 0.000000000000000000 ) ) ;
#846 = ORIENTED_EDGE ( 'NONE', *, *, #350, .T. ) ;
#847 = CARTESIAN_POINT ( 'NONE',  ( 49.35599383943065988, -15.60000000000000320, -48.15599383943047940 ) ) ;
#848 = ORIENTED_EDGE ( 'NONE', *, *, #245, .F. ) ;
#849 = DIRECTION ( 'NONE',  ( 0.000000000000000000, 0.000000000000000000, 1.000000000000000000 ) ) ;
#850 = CARTESIAN_POINT ( 'NONE',  ( -49.35599383943031171, -7.736038969321066716, 51.60599383943081619 ) ) ;
#851 = CYLINDRICAL_SURFACE ( 'NONE', #1235, 74.79991587212560944 ) ;
#852 = ORIENTED_EDGE ( 'NONE', *, *, #508, .F. ) ;
#853 = LINE ( 'NONE', #571, #318 ) ;
#854 = EDGE_LOOP ( 'NONE', ( #479, #300 ) ) ;
#855 = CARTESIAN_POINT ( 'NONE',  ( 49.35599383943030460, -14.09999999999999964, 49.35599383943082330 ) ) ;
#856 = CARTESIAN_POINT ( 'NONE',  ( -69.79991587212562365, -14.09999999999999964, -2.249999999999757527 ) ) ;
#857 = DIRECTION ( 'NONE',  ( 0.000000000000000000, 1.000000000000000000, 0.000000000000000000 ) ) ;
#858 = EDGE_CURVE ( 'NONE', #1187, #821, #95, .T. ) ;
#859 = AXIS2_PLACEMENT_3D ( 'NONE', #88, #979, #1579 ) ;
#860 = VERTEX_POINT ( 'NONE', #1867 ) ;
#861 = AXIS2_PLACEMENT_3D ( 'NONE', #855, #583, #269 ) ;
#862 = CARTESIAN_POINT ( 'NONE',  ( 11.22513200914134757, -15.60000000000000320, -19.73223304703363823 ) ) ;
#863 = PRODUCT_DEFINITION_FORMATION_WITH_SPECIFIED_SOURCE ( 'ANY', '', #1507, .NOT_KNOWN. ) ;
#864 = CARTESIAN_POINT ( 'NONE',  ( 69.79991587212562365, -14.09999999999999964, -1.199999999999752154 ) ) ;
#865 = CARTESIAN_POINT ( 'NONE',  ( 28.99999999999997513, -15.60000000000000320, -26.00000000000000000 ) ) ;
#866 = AXIS2_PLACEMENT_3D ( 'NONE', #1281, #393, #1555 ) ;
#867 = EDGE_CURVE ( 'NONE', #167, #1610, #1479, .T. ) ;
#868 = VERTEX_POINT ( 'NONE', #1771 ) ;
#869 = ORIENTED_EDGE ( 'NONE', *, *, #768, .F. ) ;
#870 = DIRECTION ( 'NONE',  ( 0.000000000000000000, 1.000000000000000000, 0.000000000000000000 ) ) ;
#871 = DIRECTION ( 'NONE',  ( 0.000000000000000000, 0.000000000000000000, 1.000000000000000000 ) ) ;
#872 = CARTESIAN_POINT ( 'NONE',  ( -69.79991587212562365, -7.736038969321066716, -2.249999999999757527 ) ) ;
#873 = CARTESIAN_POINT ( 'NONE',  ( -69.79991587212562365, -15.59999999999999964, 2.385953863628735661E-13 ) ) ;
#874 = ADVANCED_FACE ( 'NONE', ( #295, #1039 ), #1317, .F. ) ;
#875 = ORIENTED_EDGE ( 'NONE', *, *, #760, .F. ) ;
#876 = CARTESIAN_POINT ( 'NONE',  ( 0.000000000000000000, -14.09999999999999964, 0.000000000000000000 ) ) ;
#877 = CYLINDRICAL_SURFACE ( 'NONE', #354, 1.499999999999997780 ) ;
#878 = EDGE_CURVE ( 'NONE', #1416, #1245, #311, .T. ) ;
#879 = CARTESIAN_POINT ( 'NONE',  ( 11.22513200914134757, -15.60000000000000320, -23.73223304703363823 ) ) ;
#880 = ORIENTED_EDGE ( 'NONE', *, *, #1913, .T. ) ;
#881 = CIRCLE ( 'NONE', #1545, 10.25000000000000533 ) ;
#882 = EDGE_LOOP ( 'NONE', ( #1538, #428, #1218, #144 ) ) ;
#883 = CARTESIAN_POINT ( 'NONE',  ( -49.35599383943031171, -7.736038969321066716, 49.35599383943081619 ) ) ;
#884 = DIRECTION ( 'NONE',  ( 0.000000000000000000, 1.000000000000000000, 0.000000000000000000 ) ) ;
#885 = CIRCLE ( 'NONE', #1666, 1.199999999999999734 ) ;
#886 = FACE_BOUND ( 'NONE', #1453, .T. ) ;
#887 = AXIS2_PLACEMENT_3D ( 'NONE', #988, #1577, #841 ) ;
#888 = DIRECTION ( 'NONE',  ( -0.000000000000000000, -1.000000000000000000, -0.000000000000000000 ) ) ;
#889 = ADVANCED_FACE ( 'NONE', ( #1532 ), #69, .F. ) ;
#890 = VERTEX_POINT ( 'NONE', #1536 ) ;
#891 = AXIS2_PLACEMENT_3D ( 'NONE', #1271, #375, #501 ) ;
#892 = CIRCLE ( 'NONE', #1745, 2.250000000000001776 ) ;
#893 = VERTEX_POINT ( 'NONE', #955 ) ;
#894 = CYLINDRICAL_SURFACE ( 'NONE', #772, 1.199999999999999734 ) ;
#895 = DIRECTION ( 'NONE',  ( 0.000000000000000000, -1.000000000000000000, 0.000000000000000000 ) ) ;
#896 = AXIS2_PLACEMENT_3D ( 'NONE', #1498, #339, #1216 ) ;
#897 = FACE_OUTER_BOUND ( 'NONE', #1539, .T. ) ;
#898 = ORIENTED_EDGE ( 'NONE', *, *, #40, .F. ) ;
#899 = ORIENTED_EDGE ( 'NONE', *, *, #485, .T. ) ;
#900 = CARTESIAN_POINT ( 'NONE',  ( 49.35599383943030460, -14.09999999999999964, 49.35599383943082330 ) ) ;
#901 = DIRECTION ( 'NONE',  ( 0.000000000000000000, 0.000000000000000000, 1.000000000000000000 ) ) ;
#902 = CYLINDRICAL_SURFACE ( 'NONE', #896, 1.499999999999996225 ) ;
#903 = EDGE_LOOP ( 'NONE', ( #1462, #1664 ) ) ;
#904 = FACE_BOUND ( 'NONE', #1444, .T. ) ;
#905 = DIRECTION ( 'NONE',  ( 0.000000000000000000, 1.000000000000000000, 0.000000000000000000 ) ) ;
#906 = FACE_BOUND ( 'NONE', #1622, .T. ) ;
#907 = CYLINDRICAL_SURFACE ( 'NONE', #982, 2.250000000000001776 ) ;
#908 = FACE_BOUND ( 'NONE', #1744, .T. ) ;
#909 = CYLINDRICAL_SURFACE ( 'NONE', #364, 10.25000000000000533 ) ;
#910 = ADVANCED_FACE ( 'NONE', ( #156 ), #698, .F. ) ;
#911 = DIRECTION ( 'NONE',  ( -0.000000000000000000, 1.000000000000000000, -0.000000000000000000 ) ) ;
#912 = ORIENTED_EDGE ( 'NONE', *, *, #567, .T. ) ;
#913 = ADVANCED_FACE ( 'NONE', ( #1278 ), #1883, .F. ) ;
#914 = FACE_OUTER_BOUND ( 'NONE', #729, .T. ) ;
#915 = VECTOR ( 'NONE', #1052, 1000.000000000000000 ) ;
#916 = CARTESIAN_POINT ( 'NONE',  ( 29.00000000000000000, -15.60000000000000320, -19.00000000000000000 ) ) ;
#917 = EDGE_LOOP ( 'NONE', ( #629, #1195 ) ) ;
#918 = CIRCLE ( 'NONE', #1081, 4.000000000000000000 ) ;
#919 = DIRECTION ( 'NONE',  ( 0.000000000000000000, 0.000000000000000000, 1.000000000000000000 ) ) ;
#920 = CARTESIAN_POINT ( 'NONE',  ( 22.00000000000000355, -14.59999999999999787, -17.49999999999995381 ) ) ;
#921 = VECTOR ( 'NONE', #1395, 1000.000000000000000 ) ;
#922 = DIRECTION ( 'NONE',  ( -0.000000000000000000, 1.000000000000000000, -0.000000000000000000 ) ) ;
#923 =( GEOMETRIC_REPRESENTATION_CONTEXT ( 3 ) GLOBAL_UNCERTAINTY_ASSIGNED_CONTEXT ( ( #1467 ) ) GLOBAL_UNIT_ASSIGNED_CONTEXT ( ( #670, #820, #1392 ) ) REPRESENTATION_CONTEXT ( 'NONE', 'WORKASPACE' ) );
#924 = CARTESIAN_POINT ( 'NONE',  ( 22.00000000000007461, -15.60000000000000320, -11.99999999999995204 ) ) ;
#925 = AXIS2_PLACEMENT_3D ( 'NONE', #1138, #1739, #422 ) ;
#926 = ORIENTED_EDGE ( 'NONE', *, *, #164, .T. ) ;
#927 = LINE ( 'NONE', #1712, #230 ) ;
#928 = EDGE_LOOP ( 'NONE', ( #1491, #452 ) ) ;
#929 = CIRCLE ( 'NONE', #80, 1.499999999999997780 ) ;
#930 = CARTESIAN_POINT ( 'NONE',  ( 69.79991587212562365, -12.59999999999999964, 2.488148210778209755E-13 ) ) ;
#931 = CIRCLE ( 'NONE', #116, 1.200000000000001066 ) ;
#932 = CARTESIAN_POINT ( 'NONE',  ( 28.99999999999997513, -15.60000000000000320, -24.50000000000000000 ) ) ;
#933 = DIRECTION ( 'NONE',  ( 0.000000000000000000, 1.000000000000000000, 0.000000000000000000 ) ) ;
#934 = VERTEX_POINT ( 'NONE', #408 ) ;
#935 = EDGE_CURVE ( 'NONE', #412, #1162, #1137, .T. ) ;
#936 = DIRECTION ( 'NONE',  ( -0.000000000000000000, 1.000000000000000000, -0.000000000000000000 ) ) ;
#937 = VERTEX_POINT ( 'NONE', #261 ) ;
#938 = ORIENTED_EDGE ( 'NONE', *, *, #1103, .F. ) ;
#939 = LINE ( 'NONE', #1540, #921 ) ;
#940 = DIRECTION ( 'NONE',  ( 0.000000000000000000, 1.000000000000000000, 0.000000000000000000 ) ) ;
#941 = EDGE_CURVE ( 'NONE', #1297, #26, #1682, .T. ) ;
#942 = CARTESIAN_POINT ( 'NONE',  ( -49.35599383943031171, -7.736038969321066716, 47.10599383943081619 ) ) ;
#943 = DIRECTION ( 'NONE',  ( 0.000000000000000000, 1.000000000000000000, 0.000000000000000000 ) ) ;
#944 = ORIENTED_EDGE ( 'NONE', *, *, #1327, .T. ) ;
#945 = DIRECTION ( 'NONE',  ( 0.000000000000000000, 1.000000000000000000, 0.000000000000000000 ) ) ;
#946 = AXIS2_PLACEMENT_3D ( 'NONE', #1286, #722, #1127 ) ;
#947 = CARTESIAN_POINT ( 'NONE',  ( 35.99999999999997868, -15.60000000000000320, -26.00000000000000000 ) ) ;
#948 = CARTESIAN_POINT ( 'NONE',  ( 49.35599383943030460, -7.736038969321066716, 49.35599383943082330 ) ) ;
#949 = DIRECTION ( 'NONE',  ( -0.000000000000000000, 1.000000000000000000, -0.000000000000000000 ) ) ;
#950 = EDGE_CURVE ( 'NONE', #987, #404, #283, .T. ) ;
#951 = CIRCLE ( 'NONE', #38, 1.499999999999996225 ) ;
#952 = DIRECTION ( 'NONE',  ( 0.000000000000000000, 0.000000000000000000, 1.000000000000000000 ) ) ;
#953 =( GEOMETRIC_REPRESENTATION_CONTEXT ( 3 ) GLOBAL_UNCERTAINTY_ASSIGNED_CONTEXT ( ( #1409 ) ) GLOBAL_UNIT_ASSIGNED_CONTEXT ( ( #1445, #1876, #717 ) ) REPRESENTATION_CONTEXT ( 'NONE', 'WORKASPACE' ) );
#954 = ORIENTED_EDGE ( 'NONE', *, *, #1103, .T. ) ;
#955 = CARTESIAN_POINT ( 'NONE',  ( 32.71231060122932632, -12.59999999999999964, -8.216621586905120012 ) ) ;
#956 = PRESENTATION_STYLE_ASSIGNMENT (( #1852 ) ) ;
#957 = ORIENTED_EDGE ( 'NONE', *, *, #1067, .T. ) ;
#958 = ORIENTED_EDGE ( 'NONE', *, *, #973, .F. ) ;
#959 = CYLINDRICAL_SURFACE ( 'NONE', #1518, 1.499999999999997780 ) ;
#960 = DIRECTION ( 'NONE',  ( 0.000000000000000000, 1.000000000000000000, 0.000000000000000000 ) ) ;
#961 = AXIS2_PLACEMENT_3D ( 'NONE', #475, #766, #1541 ) ;
#962 = AXIS2_PLACEMENT_3D ( 'NONE', #1381, #933, #1813 ) ;
#963 = ORIENTED_EDGE ( 'NONE', *, *, #867, .F. ) ;
#964 = EDGE_CURVE ( 'NONE', #600, #412, #423, .T. ) ;
#965 = CYLINDRICAL_SURFACE ( 'NONE', #1905, 1.499999999999997780 ) ;
#966 = ORIENTED_EDGE ( 'NONE', *, *, #208, .T. ) ;
#967 = ORIENTED_EDGE ( 'NONE', *, *, #1855, .T. ) ;
#968 = LINE ( 'NONE', #1098, #1482 ) ;
#969 = DIRECTION ( 'NONE',  ( 0.000000000000000000, 0.000000000000000000, 1.000000000000000000 ) ) ;
#970 = EDGE_LOOP ( 'NONE', ( #1851, #1185, #1877, #898, #1273 ) ) ;
#971 = ADVANCED_FACE ( 'NONE', ( #1410, #1791, #1201, #906, #886, #1639, #1880, #284, #1697 ), #221, .T. ) ;
#972 = VERTEX_POINT ( 'NONE', #1249 ) ;
#973 = EDGE_CURVE ( 'NONE', #450, #1638, #1046, .T. ) ;
#974 = APPLICATION_PROTOCOL_DEFINITION ( 'draft international standard', 'automotive_design', 1998, #1709 ) ;
#975 = VERTEX_POINT ( 'NONE', #1272 ) ;
#976 = VERTEX_POINT ( 'NONE', #370 ) ;
#977 = CARTESIAN_POINT ( 'NONE',  ( 49.35599383943065988, -12.59999999999999964, -49.35599383943047513 ) ) ;
#978 = CYLINDRICAL_SURFACE ( 'NONE', #1590, 2.250000000000001776 ) ;
#979 = DIRECTION ( 'NONE',  ( 0.000000000000000000, 1.000000000000000000, 0.000000000000000000 ) ) ;
#980 = CIRCLE ( 'NONE', #1425, 2.249999999999996003 ) ;
#981 = LINE ( 'NONE', #263, #606 ) ;
#982 = AXIS2_PLACEMENT_3D ( 'NONE', #1064, #1640, #1045 ) ;
#983 = VERTEX_POINT ( 'NONE', #1458 ) ;
#984 = AXIS2_PLACEMENT_3D ( 'NONE', #1318, #445, #1892 ) ;
#985 = CARTESIAN_POINT ( 'NONE',  ( 29.00000000000000000, -15.60000000000000320, -17.50000000000000000 ) ) ;
#986 = ORIENTED_EDGE ( 'NONE', *, *, #68, .T. ) ;
#987 = VERTEX_POINT ( 'NONE', #440 ) ;
#988 = CARTESIAN_POINT ( 'NONE',  ( -49.35599383943031171, -14.09999999999999964, 49.35599383943081619 ) ) ;
#989 = FACE_OUTER_BOUND ( 'NONE', #818, .T. ) ;
#990 = DIRECTION ( 'NONE',  ( 0.000000000000000000, 0.000000000000000000, 1.000000000000000000 ) ) ;
#991 = LINE ( 'NONE', #1477, #14 ) ;
#992 = AXIS2_PLACEMENT_3D ( 'NONE', #824, #548, #1107 ) ;
#993 = EDGE_LOOP ( 'NONE', ( #1582, #1145 ) ) ;
#994 = CIRCLE ( 'NONE', #992, 2.249999999999996003 ) ;
#995 = ORIENTED_EDGE ( 'NONE', *, *, #1922, .F. ) ;
#996 = DIRECTION ( 'NONE',  ( 0.000000000000000000, 0.000000000000000000, 1.000000000000000000 ) ) ;
#997 = EDGE_CURVE ( 'NONE', #313, #868, #918, .T. ) ;
#998 = CARTESIAN_POINT ( 'NONE',  ( -49.35599383943065277, -15.59999999999999964, -49.35599383943048224 ) ) ;
#999 = EDGE_CURVE ( 'NONE', #39, #593, #507, .T. ) ;
#1000 = DIRECTION ( 'NONE',  ( 0.000000000000000000, 0.000000000000000000, 1.000000000000000000 ) ) ;
#1001 = LINE ( 'NONE', #584, #199 ) ;
#1002 = EDGE_CURVE ( 'NONE', #1245, #838, #591, .T. ) ;
#1003 = LINE ( 'NONE', #862, #1631 ) ;
#1004 = LINE ( 'NONE', #589, #106 ) ;
#1005 = EDGE_CURVE ( 'NONE', #1422, #291, #446, .T. ) ;
#1006 = PLANE ( 'NONE',  #1173 ) ;
#1007 = CARTESIAN_POINT ( 'NONE',  ( 29.00000000000007461, -15.60000000000000320, -12.00000000000000000 ) ) ;
#1008 = EDGE_CURVE ( 'NONE', #99, #893, #834, .T. ) ;
#1009 = AXIS2_PLACEMENT_3D ( 'NONE', #1083, #794, #1344 ) ;
#1010 = CIRCLE ( 'NONE', #192, 1.499999999999997780 ) ;
#1011 = ORIENTED_EDGE ( 'NONE', *, *, #153, .F. ) ;
#1012 = CIRCLE ( 'NONE', #1796, 2.250000000000001776 ) ;
#1013 = CIRCLE ( 'NONE', #1239, 1.199999999999999734 ) ;
#1014 = DIRECTION ( 'NONE',  ( -0.7071067811865512365, 0.000000000000000000, 0.7071067811865439090 ) ) ;
#1015 = VECTOR ( 'NONE', #202, 1000.000000000000000 ) ;
#1016 = DIRECTION ( 'NONE',  ( 0.000000000000000000, 0.000000000000000000, 1.000000000000000000 ) ) ;
#1017 = EDGE_CURVE ( 'NONE', #610, #1123, #289, .T. ) ;
#1018 = CARTESIAN_POINT ( 'NONE',  ( 35.99999999999997868, -15.60000000000000320, -27.49999999999999645 ) ) ;
#1019 = VECTOR ( 'NONE', #70, 1000.000000000000000 ) ;
#1020 = VECTOR ( 'NONE', #1319, 1000.000000000000114 ) ;
#1021 = VERTEX_POINT ( 'NONE', #1923 ) ;
#1022 = EDGE_CURVE ( 'NONE', #890, #1274, #1010, .T. ) ;
#1023 = CARTESIAN_POINT ( 'NONE',  ( 25.46446609406724804, -53.59137802864847089, -15.46446609406727646 ) ) ;
#1024 = FACE_OUTER_BOUND ( 'NONE', #1332, .T. ) ;
#1025 = DIRECTION ( 'NONE',  ( 0.000000000000000000, 1.000000000000000000, 0.000000000000000000 ) ) ;
#1026 = EDGE_LOOP ( 'NONE', ( #1031, #899 ) ) ;
#1027 = VERTEX_POINT ( 'NONE', #741 ) ;
#1028 = CARTESIAN_POINT ( 'NONE',  ( 69.79991587212562365, -12.59999999999999964, 2.488148210778209755E-13 ) ) ;
#1029 = ADVANCED_FACE ( 'NONE', ( #1603 ), #851, .T. ) ;
#1030 = DIRECTION ( 'NONE',  ( 0.000000000000000000, 1.000000000000000000, 0.000000000000000000 ) ) ;
#1031 = ORIENTED_EDGE ( 'NONE', *, *, #322, .T. ) ;
#1032 = DIRECTION ( 'NONE',  ( 0.000000000000000000, 0.000000000000000000, 1.000000000000000000 ) ) ;
#1033 = ORIENTED_EDGE ( 'NONE', *, *, #878, .T. ) ;
#1034 = LINE ( 'NONE', #316, #743 ) ;
#1035 = VECTOR ( 'NONE', #1264, 1000.000000000000114 ) ;
#1036 = VERTEX_POINT ( 'NONE', #1465 ) ;
#1037 = CARTESIAN_POINT ( 'NONE',  ( 0.000000000000000000, -14.09999999999999964, 0.000000000000000000 ) ) ;
#1038 = DIRECTION ( 'NONE',  ( -0.000000000000000000, 1.000000000000000000, -0.000000000000000000 ) ) ;
#1039 = FACE_OUTER_BOUND ( 'NONE', #1192, .T. ) ;
#1040 = CARTESIAN_POINT ( 'NONE',  ( 69.79991587212562365, -12.59999999999999964, 1.200000000000249756 ) ) ;
#1041 = CIRCLE ( 'NONE', #476, 2.250000000000001776 ) ;
#1042 = VERTEX_POINT ( 'NONE', #449 ) ;
#1043 = CARTESIAN_POINT ( 'NONE',  ( 0.000000000000000000, -12.59999999999999964, 0.000000000000000000 ) ) ;
#1044 = AXIS2_PLACEMENT_3D ( 'NONE', #366, #1306, #134 ) ;
#1045 = DIRECTION ( 'NONE',  ( 0.000000000000000000, 0.000000000000000000, -1.000000000000000000 ) ) ;
#1046 = LINE ( 'NONE', #243, #1580 ) ;
#1047 = FACE_OUTER_BOUND ( 'NONE', #970, .T. ) ;
#1048 = DIRECTION ( 'NONE',  ( 0.000000000000000000, 1.000000000000000000, 0.000000000000000000 ) ) ;
#1049 = CYLINDRICAL_SURFACE ( 'NONE', #1050, 2.250000000000001776 ) ;
#1050 = AXIS2_PLACEMENT_3D ( 'NONE', #1803, #1675, #487 ) ;
#1051 = VERTEX_POINT ( 'NONE', #1614 ) ;
#1052 = DIRECTION ( 'NONE',  ( -0.000000000000000000, 1.000000000000000000, -0.000000000000000000 ) ) ;
#1053 = AXIS2_PLACEMENT_3D ( 'NONE', #1483, #1374, #754 ) ;
#1054 = DIRECTION ( 'NONE',  ( -0.000000000000000000, 1.000000000000000000, -0.000000000000000000 ) ) ;
#1055 = ORIENTED_EDGE ( 'NONE', *, *, #665, .F. ) ;
#1056 = CARTESIAN_POINT ( 'NONE',  ( -49.35599383943031171, -15.60000000000000320, 49.35599383943081619 ) ) ;
#1057 = FACE_BOUND ( 'NONE', #1670, .T. ) ;
#1058 = ADVANCED_FACE ( 'NONE', ( #726, #457 ), #1006, .F. ) ;
#1059 = DIRECTION ( 'NONE',  ( 0.000000000000000000, -1.000000000000000000, 0.000000000000000000 ) ) ;
#1060 = EDGE_LOOP ( 'NONE', ( #1160, #1843 ) ) ;
#1061 = FACE_OUTER_BOUND ( 'NONE', #267, .T. ) ;
#1062 = DIRECTION ( 'NONE',  ( -0.000000000000000000, 1.000000000000000000, -0.000000000000000000 ) ) ;
#1063 = ORIENTED_EDGE ( 'NONE', *, *, #1267, .F. ) ;
#1064 = CARTESIAN_POINT ( 'NONE',  ( -49.35599383943065277, -7.736038969321066716, -49.35599383943048224 ) ) ;
#1065 = CARTESIAN_POINT ( 'NONE',  ( 29.00000000000000000, -14.59999999999999787, -20.49999999999999645 ) ) ;
#1066 = CARTESIAN_POINT ( 'NONE',  ( -69.79991587212562365, -14.09999999999999964, -1.199999999999762368 ) ) ;
#1067 = EDGE_CURVE ( 'NONE', #1102, #1360, #1290, .T. ) ;
#1068 = DIRECTION ( 'NONE',  ( 0.000000000000000000, 1.000000000000000000, 0.000000000000000000 ) ) ;
#1069 = ORIENTED_EDGE ( 'NONE', *, *, #1109, .T. ) ;
#1070 = CARTESIAN_POINT ( 'NONE',  ( 49.35599383943065988, -15.59999999999999964, -51.60599383943048224 ) ) ;
#1071 = AXIS2_PLACEMENT_3D ( 'NONE', #1023, #1470, #744 ) ;
#1072 = DIRECTION ( 'NONE',  ( 0.000000000000000000, 0.000000000000000000, 1.000000000000000000 ) ) ;
#1073 = ORIENTED_EDGE ( 'NONE', *, *, #1214, .F. ) ;
#1074 = AXIS2_PLACEMENT_3D ( 'NONE', #930, #1530, #474 ) ;
#1075 = CARTESIAN_POINT ( 'NONE',  ( 49.35599383943065988, -15.60000000000000320, -50.55599383943047798 ) ) ;
#1076 = VERTEX_POINT ( 'NONE', #1310 ) ;
#1077 = CIRCLE ( 'NONE', #257, 2.250000000000001776 ) ;
#1078 = CIRCLE ( 'NONE', #1515, 2.250000000000001776 ) ;
#1079 = CARTESIAN_POINT ( 'NONE',  ( -49.35599383943065277, -7.736038969321066716, -47.10599383943048224 ) ) ;
#1080 = EDGE_CURVE ( 'NONE', #531, #661, #991, .T. ) ;
#1081 = AXIS2_PLACEMENT_3D ( 'NONE', #879, #299, #1894 ) ;
#1082 = VERTEX_POINT ( 'NONE', #433 ) ;
#1083 = CARTESIAN_POINT ( 'NONE',  ( 0.000000000000000000, -14.09999999999999964, 0.000000000000000000 ) ) ;
#1084 = EDGE_CURVE ( 'NONE', #207, #1610, #1916, .T. ) ;
#1085 = DIRECTION ( 'NONE',  ( -0.000000000000000000, 1.000000000000000000, -0.000000000000000000 ) ) ;
#1086 = ORIENTED_EDGE ( 'NONE', *, *, #1202, .F. ) ;
#1087 = AXIS2_PLACEMENT_3D ( 'NONE', #504, #797, #1497 ) ;
#1088 = CARTESIAN_POINT ( 'NONE',  ( 28.99999999999997513, -14.59999999999999787, -27.49999999999999645 ) ) ;
#1089 = ORIENTED_EDGE ( 'NONE', *, *, #1809, .F. ) ;
#1090 = DIRECTION ( 'NONE',  ( 0.000000000000000000, 0.000000000000000000, 1.000000000000000000 ) ) ;
#1091 = DIRECTION ( 'NONE',  ( -0.000000000000000000, -1.000000000000000000, -0.000000000000000000 ) ) ;
#1092 = CARTESIAN_POINT ( 'NONE',  ( 11.22513200914134757, -12.59999999999999964, -23.73223304703363823 ) ) ;
#1093 = ORIENTED_EDGE ( 'NONE', *, *, #964, .T. ) ;
#1094 = ADVANCED_FACE ( 'NONE', ( #564 ), #127, .F. ) ;
#1095 = EDGE_LOOP ( 'NONE', ( #1325, #568 ) ) ;
#1096 = EDGE_LOOP ( 'NONE', ( #1285, #1764, #846, #1437 ) ) ;
#1097 = ADVANCED_FACE ( 'NONE', ( #147 ), #286, .F. ) ;
#1098 = CARTESIAN_POINT ( 'NONE',  ( 25.46446609406724804, -53.59137802864847089, -5.214466094067270241 ) ) ;
#1099 = CYLINDRICAL_SURFACE ( 'NONE', #1243, 1.199999999999999734 ) ;
#1100 = CYLINDRICAL_SURFACE ( 'NONE', #1860, 4.000000000000000000 ) ;
#1101 = ORIENTED_EDGE ( 'NONE', *, *, #1352, .F. ) ;
#1102 = VERTEX_POINT ( 'NONE', #1749 ) ;
#1103 = EDGE_CURVE ( 'NONE', #1153, #1021, #1001, .T. ) ;
#1104 = EDGE_LOOP ( 'NONE', ( #1811, #1805, #553, #1432 ) ) ;
#1105 = VECTOR ( 'NONE', #791, 1000.000000000000000 ) ;
#1106 = DIRECTION ( 'NONE',  ( 0.000000000000000000, 1.000000000000000000, 0.000000000000000000 ) ) ;
#1107 = DIRECTION ( 'NONE',  ( 0.000000000000000000, 0.000000000000000000, 1.000000000000000000 ) ) ;
#1108 = CARTESIAN_POINT ( 'NONE',  ( 22.00000000000000355, -15.60000000000000320, -17.49999999999995381 ) ) ;
#1109 = EDGE_CURVE ( 'NONE', #1874, #795, #27, .T. ) ;
#1110 = CIRCLE ( 'NONE', #138, 1.499999999999997780 ) ;
#1111 = DIRECTION ( 'NONE',  ( 0.000000000000000000, -1.000000000000000000, 0.000000000000000000 ) ) ;
#1112 = VECTOR ( 'NONE', #1283, 1000.000000000000000 ) ;
#1113 = ORIENTED_EDGE ( 'NONE', *, *, #1606, .F. ) ;
#1114 = DIRECTION ( 'NONE',  ( -0.000000000000000000, 1.000000000000000000, -0.000000000000000000 ) ) ;
#1115 = ORIENTED_EDGE ( 'NONE', *, *, #330, .F. ) ;
#1116 = VERTEX_POINT ( 'NONE', #45 ) ;
#1117 = DIRECTION ( 'NONE',  ( 0.000000000000000000, 0.000000000000000000, 1.000000000000000000 ) ) ;
#1118 = LINE ( 'NONE', #259, #579 ) ;
#1119 = VECTOR ( 'NONE', #1387, 1000.000000000000000 ) ;
#1120 = CIRCLE ( 'NONE', #298, 74.79991587212560944 ) ;
#1121 = ORIENTED_EDGE ( 'NONE', *, *, #1841, .T. ) ;
#1122 = PRODUCT_DEFINITION ( 'UNKNOWN', '', #863, #675 ) ;
#1123 = VERTEX_POINT ( 'NONE', #18 ) ;
#1124 = DIRECTION ( 'NONE',  ( -0.000000000000000000, 1.000000000000000000, -0.000000000000000000 ) ) ;
#1125 = ORIENTED_EDGE ( 'NONE', *, *, #751, .T. ) ;
#1126 = EDGE_LOOP ( 'NONE', ( #737, #1315 ) ) ;
#1127 = DIRECTION ( 'NONE',  ( 0.000000000000000000, 0.000000000000000000, 1.000000000000000000 ) ) ;
#1128 = DIRECTION ( 'NONE',  ( -0.000000000000000000, 1.000000000000000000, -0.000000000000000000 ) ) ;
#1129 = DIRECTION ( 'NONE',  ( -0.000000000000000000, 1.000000000000000000, -0.000000000000000000 ) ) ;
#1130 = EDGE_CURVE ( 'NONE', #395, #1205, #748, .T. ) ;
#1131 = ORIENTED_EDGE ( 'NONE', *, *, #858, .T. ) ;
#1132 = DIRECTION ( 'NONE',  ( 0.000000000000000000, 1.000000000000000000, 0.000000000000000000 ) ) ;
#1133 = ORIENTED_EDGE ( 'NONE', *, *, #1327, .F. ) ;
#1134 = ORIENTED_EDGE ( 'NONE', *, *, #800, .T. ) ;
#1135 = DIRECTION ( 'NONE',  ( 0.000000000000000000, 0.000000000000000000, 1.000000000000000000 ) ) ;
#1136 = DIRECTION ( 'NONE',  ( -0.000000000000000000, 1.000000000000000000, -0.000000000000000000 ) ) ;
#1137 = CIRCLE ( 'NONE', #859, 1.199999999999999734 ) ;
#1138 = CARTESIAN_POINT ( 'NONE',  ( 28.99999999999997513, -15.60000000000000320, -26.00000000000000000 ) ) ;
#1139 = DIRECTION ( 'NONE',  ( 0.000000000000000000, 0.000000000000000000, 1.000000000000000000 ) ) ;
#1140 = DIRECTION ( 'NONE',  ( 0.000000000000000000, 0.000000000000000000, 1.000000000000000000 ) ) ;
#1141 = AXIS2_PLACEMENT_3D ( 'NONE', #1056, #662, #232 ) ;
#1142 = ORIENTED_EDGE ( 'NONE', *, *, #1489, .F. ) ;
#1143 = CARTESIAN_POINT ( 'NONE',  ( 0.000000000000000000, -15.60000000000000320, 0.000000000000000000 ) ) ;
#1144 = AXIS2_PLACEMENT_3D ( 'NONE', #650, #63, #1828 ) ;
#1145 = ORIENTED_EDGE ( 'NONE', *, *, #950, .T. ) ;
#1146 = DIRECTION ( 'NONE',  ( -0.000000000000000000, -1.000000000000000000, -0.000000000000000000 ) ) ;
#1147 = FACE_BOUND ( 'NONE', #183, .T. ) ;
#1148 = DIRECTION ( 'NONE',  ( -0.000000000000000000, -1.000000000000000000, -0.000000000000000000 ) ) ;
#1149 = DIRECTION ( 'NONE',  ( 0.000000000000000000, 0.000000000000000000, 1.000000000000000000 ) ) ;
#1150 = CIRCLE ( 'NONE', #204, 1.499999999999996225 ) ;
#1151 = CIRCLE ( 'NONE', #816, 1.200000000000001066 ) ;
#1152 = CARTESIAN_POINT ( 'NONE',  ( 22.00000000000007461, -14.59999999999999787, -11.99999999999995204 ) ) ;
#1153 = VERTEX_POINT ( 'NONE', #503 ) ;
#1154 = ADVANCED_FACE ( 'NONE', ( #188 ), #607, .F. ) ;
#1155 = CARTESIAN_POINT ( 'NONE',  ( -49.35599383943065277, -12.59999999999999964, -49.35599383943048224 ) ) ;
#1156 = FACE_OUTER_BOUND ( 'NONE', #608, .T. ) ;
#1157 = CARTESIAN_POINT ( 'NONE',  ( 49.35599383943030460, -7.736038969321066716, 49.35599383943082330 ) ) ;
#1158 = EDGE_CURVE ( 'NONE', #893, #1082, #788, .T. ) ;
#1159 = DIRECTION ( 'NONE',  ( 0.000000000000000000, -1.000000000000000000, 0.000000000000000000 ) ) ;
#1160 = ORIENTED_EDGE ( 'NONE', *, *, #1821, .T. ) ;
#1161 = LINE ( 'NONE', #985, #1705 ) ;
#1162 = VERTEX_POINT ( 'NONE', #1348 ) ;
#1163 = CARTESIAN_POINT ( 'NONE',  ( 17.58909303982028405, -15.60000000000000320, -24.43933982822015238 ) ) ;
#1164 = DIRECTION ( 'NONE',  ( 0.000000000000000000, 1.000000000000000000, 0.000000000000000000 ) ) ;
#1165 = DIRECTION ( 'NONE',  ( 0.000000000000000000, 0.000000000000000000, 1.000000000000000000 ) ) ;
#1166 = EDGE_CURVE ( 'NONE', #2, #58, #1738, .T. ) ;
#1167 = CIRCLE ( 'NONE', #9, 1.499999999999997780 ) ;
#1168 = ORIENTED_EDGE ( 'NONE', *, *, #94, .F. ) ;
#1169 = ORIENTED_EDGE ( 'NONE', *, *, #164, .F. ) ;
#1170 = CIRCLE ( 'NONE', #861, 1.199999999999999734 ) ;
#1171 = STYLED_ITEM ( 'NONE', ( #956 ), #1717 ) ;
#1172 = CARTESIAN_POINT ( 'NONE',  ( -49.35599383943065277, -12.59999999999999964, -48.15599383943048650 ) ) ;
#1173 = AXIS2_PLACEMENT_3D ( 'NONE', #1473, #1025, #7 ) ;
#1174 = DIRECTION ( 'NONE',  ( 0.000000000000000000, 0.000000000000000000, 1.000000000000000000 ) ) ;
#1175 = ORIENTED_EDGE ( 'NONE', *, *, #292, .T. ) ;
#1176 = ADVANCED_FACE ( 'NONE', ( #776 ), #907, .F. ) ;
#1177 = VECTOR ( 'NONE', #182, 1000.000000000000000 ) ;
#1178 = EDGE_CURVE ( 'NONE', #749, #39, #1672, .T. ) ;
#1179 = VECTOR ( 'NONE', #649, 1000.000000000000000 ) ;
#1180 = ORIENTED_EDGE ( 'NONE', *, *, #133, .F. ) ;
#1181 = ORIENTED_EDGE ( 'NONE', *, *, #1524, .F. ) ;
#1182 = DIRECTION ( 'NONE',  ( 0.000000000000000000, 0.000000000000000000, 1.000000000000000000 ) ) ;
#1183 = ORIENTED_EDGE ( 'NONE', *, *, #1166, .T. ) ;
#1184 = CARTESIAN_POINT ( 'NONE',  ( -49.35599383943031171, -14.09999999999999964, 49.35599383943081619 ) ) ;
#1185 = ORIENTED_EDGE ( 'NONE', *, *, #392, .F. ) ;
#1186 = CARTESIAN_POINT ( 'NONE',  ( -49.35599383943065277, -14.09999999999999964, -48.15599383943048650 ) ) ;
#1187 = VERTEX_POINT ( 'NONE', #56 ) ;
#1188 = FACE_OUTER_BOUND ( 'NONE', #1282, .T. ) ;
#1189 = DIRECTION ( 'NONE',  ( 0.000000000000000000, 1.000000000000000000, 0.000000000000000000 ) ) ;
#1190 = DIRECTION ( 'NONE',  ( 0.000000000000000000, 0.000000000000000000, 1.000000000000000000 ) ) ;
#1191 = LINE ( 'NONE', #1377, #1826 ) ;
#1192 = EDGE_LOOP ( 'NONE', ( #1646, #1089 ) ) ;
#1193 = DIRECTION ( 'NONE',  ( 0.000000000000000000, -1.000000000000000000, 0.000000000000000000 ) ) ;
#1194 = AXIS2_PLACEMENT_3D ( 'NONE', #770, #730, #1770 ) ;
#1195 = ORIENTED_EDGE ( 'NONE', *, *, #878, .F. ) ;
#1196 = PLANE ( 'NONE',  #1778 ) ;
#1197 = EDGE_CURVE ( 'NONE', #1495, #1478, #104, .T. ) ;
#1198 = CARTESIAN_POINT ( 'NONE',  ( -49.35599383943031171, -15.59999999999999964, 49.35599383943081619 ) ) ;
#1199 = VECTOR ( 'NONE', #1856, 1000.000000000000000 ) ;
#1200 = ORIENTED_EDGE ( 'NONE', *, *, #1291, .F. ) ;
#1201 = FACE_BOUND ( 'NONE', #1655, .T. ) ;
#1202 = EDGE_CURVE ( 'NONE', #1237, #1630, #615, .T. ) ;
#1203 = PRESENTATION_LAYER_ASSIGNMENT (  '', '', ( #1171 ) ) ;
#1204 = CYLINDRICAL_SURFACE ( 'NONE', #1433, 2.250000000000001776 ) ;
#1205 = VERTEX_POINT ( 'NONE', #345 ) ;
#1206 = CYLINDRICAL_SURFACE ( 'NONE', #326, 2.249999999999996003 ) ;
#1207 = ORIENTED_EDGE ( 'NONE', *, *, #20, .T. ) ;
#1208 = CARTESIAN_POINT ( 'NONE',  ( 22.00000000000000355, -15.60000000000000320, -18.99999999999995026 ) ) ;
#1209 = AXIS2_PLACEMENT_3D ( 'NONE', #1157, #447, #1464 ) ;
#1210 = CARTESIAN_POINT ( 'NONE',  ( -69.79991587212562365, -15.59999999999999964, -2.249999999999757527 ) ) ;
#1211 = ORIENTED_EDGE ( 'NONE', *, *, #129, .F. ) ;
#1212 = EDGE_CURVE ( 'NONE', #1412, #718, #1191, .T. ) ;
#1213 = DIRECTION ( 'NONE',  ( -0.7071067811865440200, 0.000000000000000000, -0.7071067811865511255 ) ) ;
#1214 = EDGE_CURVE ( 'NONE', #325, #600, #885, .T. ) ;
#1215 = EDGE_LOOP ( 'NONE', ( #1180, #244, #636, #180 ) ) ;
#1216 = DIRECTION ( 'NONE',  ( 0.000000000000000000, 0.000000000000000000, 1.000000000000000000 ) ) ;
#1217 = DIRECTION ( 'NONE',  ( 0.000000000000000000, 0.000000000000000000, 1.000000000000000000 ) ) ;
#1218 = ORIENTED_EDGE ( 'NONE', *, *, #999, .F. ) ;
#1219 = VERTEX_POINT ( 'NONE', #1651 ) ;
#1220 = CARTESIAN_POINT ( 'NONE',  ( 32.71231060122932632, -53.59137802864847089, -8.216621586905120012 ) ) ;
#1221 = DIRECTION ( 'NONE',  ( 0.000000000000000000, 0.000000000000000000, 1.000000000000000000 ) ) ;
#1222 = ORIENTED_EDGE ( 'NONE', *, *, #1617, .F. ) ;
#1223 = EDGE_CURVE ( 'NONE', #937, #1076, #1167, .T. ) ;
#1224 = CARTESIAN_POINT ( 'NONE',  ( 49.35599383943065988, -14.09999999999999964, -50.55599383943047798 ) ) ;
#1225 = EDGE_LOOP ( 'NONE', ( #543, #701, #1228, #654 ) ) ;
#1226 = FACE_OUTER_BOUND ( 'NONE', #759, .T. ) ;
#1227 = EDGE_CURVE ( 'NONE', #1469, #976, #1270, .T. ) ;
#1228 = ORIENTED_EDGE ( 'NONE', *, *, #322, .F. ) ;
#1229 = AXIS2_PLACEMENT_3D ( 'NONE', #81, #380, #1251 ) ;
#1230 = DIRECTION ( 'NONE',  ( 0.000000000000000000, 1.000000000000000000, 0.000000000000000000 ) ) ;
#1231 = CIRCLE ( 'NONE', #1576, 2.250000000000001776 ) ;
#1232 = SURFACE_SIDE_STYLE ('',( #1669 ) ) ;
#1233 = ORIENTED_EDGE ( 'NONE', *, *, #1628, .T. ) ;
#1234 = ORIENTED_EDGE ( 'NONE', *, *, #1080, .T. ) ;
#1235 = AXIS2_PLACEMENT_3D ( 'NONE', #1762, #1328, #272 ) ;
#1236 = CARTESIAN_POINT ( 'NONE',  ( 69.79991587212562365, -15.60000000000000320, -1.199999999999752154 ) ) ;
#1237 = VERTEX_POINT ( 'NONE', #1224 ) ;
#1238 = CIRCLE ( 'NONE', #1397, 1.499999999999996225 ) ;
#1239 = AXIS2_PLACEMENT_3D ( 'NONE', #1757, #1132, #1295 ) ;
#1240 = DIRECTION ( 'NONE',  ( 0.000000000000000000, 0.000000000000000000, 1.000000000000000000 ) ) ;
#1241 = ORIENTED_EDGE ( 'NONE', *, *, #417, .T. ) ;
#1242 = ADVANCED_FACE ( 'NONE', ( #483 ), #1204, .F. ) ;
#1243 = AXIS2_PLACEMENT_3D ( 'NONE', #87, #563, #1258 ) ;
#1244 = FACE_OUTER_BOUND ( 'NONE', #462, .T. ) ;
#1245 = VERTEX_POINT ( 'NONE', #1782 ) ;
#1246 = EDGE_LOOP ( 'NONE', ( #790, #1574, #1415, #1222 ) ) ;
#1247 = CIRCLE ( 'NONE', #1715, 1.499999999999997780 ) ;
#1248 = DIRECTION ( 'NONE',  ( 0.000000000000000000, 1.000000000000000000, 0.000000000000000000 ) ) ;
#1249 = CARTESIAN_POINT ( 'NONE',  ( -49.35599383943031171, -14.09999999999999964, 47.10599383943081619 ) ) ;
#1250 = DIRECTION ( 'NONE',  ( -0.000000000000000000, 1.000000000000000000, -0.000000000000000000 ) ) ;
#1251 = DIRECTION ( 'NONE',  ( 0.000000000000000000, 0.000000000000000000, -1.000000000000000000 ) ) ;
#1252 = CARTESIAN_POINT ( 'NONE',  ( 22.00000000000000355, -15.60000000000000320, -20.49999999999995026 ) ) ;
#1253 = ORIENTED_EDGE ( 'NONE', *, *, #3, .F. ) ;
#1254 = DIRECTION ( 'NONE',  ( -0.7071067811865512365, 0.000000000000000000, 0.7071067811865439090 ) ) ;
#1255 = ORIENTED_EDGE ( 'NONE', *, *, #1906, .F. ) ;
#1256 = ORIENTED_EDGE ( 'NONE', *, *, #1459, .F. ) ;
#1257 = CARTESIAN_POINT ( 'NONE',  ( 17.58909303982028405, -15.60000000000000320, -24.43933982822015238 ) ) ;
#1258 = DIRECTION ( 'NONE',  ( 0.000000000000000000, 0.000000000000000000, 1.000000000000000000 ) ) ;
#1259 = CARTESIAN_POINT ( 'NONE',  ( 69.79991587212562365, -14.09999999999999964, 1.200000000000249756 ) ) ;
#1260 = EDGE_LOOP ( 'NONE', ( #336, #132, #1406, #1735 ) ) ;
#1261 = CYLINDRICAL_SURFACE ( 'NONE', #573, 1.200000000000001066 ) ;
#1262 = ORIENTED_EDGE ( 'NONE', *, *, #222, .T. ) ;
#1263 = AXIS2_PLACEMENT_3D ( 'NONE', #1155, #1919, #460 ) ;
#1264 = DIRECTION ( 'NONE',  ( 0.7071067811865507924, -0.000000000000000000, -0.7071067811865442421 ) ) ;
#1265 = LINE ( 'NONE', #223, #1199 ) ;
#1266 = FACE_OUTER_BOUND ( 'NONE', #1104, .T. ) ;
#1267 = EDGE_CURVE ( 'NONE', #1638, #464, #1428, .T. ) ;
#1268 = AXIS2_PLACEMENT_3D ( 'NONE', #1881, #107, #1702 ) ;
#1269 = ORIENTED_EDGE ( 'NONE', *, *, #533, .T. ) ;
#1270 = CIRCLE ( 'NONE', #1331, 1.199999999999999734 ) ;
#1271 = CARTESIAN_POINT ( 'NONE',  ( 49.35599383943065988, -14.09999999999999964, -49.35599383943047513 ) ) ;
#1272 = CARTESIAN_POINT ( 'NONE',  ( 29.00000000000007461, -14.59999999999999787, -13.49999999999999645 ) ) ;
#1273 = ORIENTED_EDGE ( 'NONE', *, *, #1372, .F. ) ;
#1274 = VERTEX_POINT ( 'NONE', #1338 ) ;
#1275 = ADVANCED_FACE ( 'NONE', ( #172 ), #1801, .F. ) ;
#1276 = DIRECTION ( 'NONE',  ( 0.000000000000000000, 0.000000000000000000, 1.000000000000000000 ) ) ;
#1277 = FACE_OUTER_BOUND ( 'NONE', #170, .T. ) ;
#1278 = FACE_OUTER_BOUND ( 'NONE', #1779, .T. ) ;
#1279 = CIRCLE ( 'NONE', #1748, 1.499999999999997780 ) ;
#1280 = ORIENTED_EDGE ( 'NONE', *, *, #950, .F. ) ;
#1281 = CARTESIAN_POINT ( 'NONE',  ( -49.35599383943031171, -14.09999999999999964, 49.35599383943081619 ) ) ;
#1282 = EDGE_LOOP ( 'NONE', ( #1688, #912, #671, #688 ) ) ;
#1283 = DIRECTION ( 'NONE',  ( -0.000000000000000000, 1.000000000000000000, -0.000000000000000000 ) ) ;
#1284 = EDGE_LOOP ( 'NONE', ( #237, #1714 ) ) ;
#1285 = ORIENTED_EDGE ( 'NONE', *, *, #392, .T. ) ;
#1286 = CARTESIAN_POINT ( 'NONE',  ( 69.79991587212562365, -14.09999999999999964, 2.488148210778209755E-13 ) ) ;
#1287 = FACE_OUTER_BOUND ( 'NONE', #1246, .T. ) ;
#1288 = DIRECTION ( 'NONE',  ( 0.000000000000000000, 1.000000000000000000, 0.000000000000000000 ) ) ;
#1289 = ADVANCED_FACE ( 'NONE', ( #387 ), #1407, .F. ) ;
#1290 = LINE ( 'NONE', #599, #545 ) ;
#1291 = EDGE_CURVE ( 'NONE', #1570, #785, #451, .T. ) ;
#1292 = DIRECTION ( 'NONE',  ( 0.000000000000000000, 0.000000000000000000, 1.000000000000000000 ) ) ;
#1293 = VERTEX_POINT ( 'NONE', #1257 ) ;
#1294 = ADVANCED_FACE ( 'NONE', ( #823 ), #959, .F. ) ;
#1295 = DIRECTION ( 'NONE',  ( 0.000000000000000000, 0.000000000000000000, 1.000000000000000000 ) ) ;
#1296 = ORIENTED_EDGE ( 'NONE', *, *, #1202, .T. ) ;
#1297 = VERTEX_POINT ( 'NONE', #1386 ) ;
#1298 = CARTESIAN_POINT ( 'NONE',  ( 29.00000000000000000, -14.59999999999999787, -17.50000000000000000 ) ) ;
#1299 = DIRECTION ( 'NONE',  ( 0.000000000000000000, 1.000000000000000000, 0.000000000000000000 ) ) ;
#1300 = DIRECTION ( 'NONE',  ( 0.000000000000000000, 0.000000000000000000, 1.000000000000000000 ) ) ;
#1301 = CIRCLE ( 'NONE', #715, 2.250000000000001776 ) ;
#1302 = DIRECTION ( 'NONE',  ( 0.000000000000000000, 1.000000000000000000, 0.000000000000000000 ) ) ;
#1303 = AXIS2_PLACEMENT_3D ( 'NONE', #285, #1146, #1595 ) ;
#1304 = ORIENTED_EDGE ( 'NONE', *, *, #1529, .F. ) ;
#1305 = EDGE_CURVE ( 'NONE', #319, #1187, #695, .T. ) ;
#1306 = DIRECTION ( 'NONE',  ( 0.000000000000000000, 1.000000000000000000, 0.000000000000000000 ) ) ;
#1307 = DIRECTION ( 'NONE',  ( -0.000000000000000000, 1.000000000000000000, -0.000000000000000000 ) ) ;
#1308 = DIRECTION ( 'NONE',  ( 0.000000000000000000, 1.000000000000000000, 0.000000000000000000 ) ) ;
#1309 = FACE_BOUND ( 'NONE', #1891, .T. ) ;
#1310 = CARTESIAN_POINT ( 'NONE',  ( 35.99999999999997868, -14.59999999999999787, -24.50000000000000000 ) ) ;
#1311 = VECTOR ( 'NONE', #1129, 1000.000000000000000 ) ;
#1312 = DIRECTION ( 'NONE',  ( 0.000000000000000000, 0.000000000000000000, 1.000000000000000000 ) ) ;
#1313 = AXIS2_PLACEMENT_3D ( 'NONE', #683, #1869, #1620 ) ;
#1314 = DIRECTION ( 'NONE',  ( 0.000000000000000000, 0.000000000000000000, 1.000000000000000000 ) ) ;
#1315 = ORIENTED_EDGE ( 'NONE', *, *, #520, .T. ) ;
#1316 = CARTESIAN_POINT ( 'NONE',  ( -49.35599383943065277, -15.59999999999999964, -51.60599383943048934 ) ) ;
#1317 = PLANE ( 'NONE',  #621 ) ;
#1318 = CARTESIAN_POINT ( 'NONE',  ( 36.00000000000000711, -15.60000000000000320, -19.00000000000000000 ) ) ;
#1319 = DIRECTION ( 'NONE',  ( -0.7071067811865511255, 0.000000000000000000, 0.7071067811865439090 ) ) ;
#1320 = EDGE_CURVE ( 'NONE', #1123, #610, #356, .T. ) ;
#1321 = DIRECTION ( 'NONE',  ( 0.000000000000000000, 0.000000000000000000, 1.000000000000000000 ) ) ;
#1322 = EDGE_LOOP ( 'NONE', ( #1594, #1488, #1898, #625 ) ) ;
#1323 = DIRECTION ( 'NONE',  ( 0.000000000000000000, 0.000000000000000000, 1.000000000000000000 ) ) ;
#1324 = EDGE_LOOP ( 'NONE', ( #1859, #1451 ) ) ;
#1325 = ORIENTED_EDGE ( 'NONE', *, *, #731, .T. ) ;
#1326 = DIRECTION ( 'NONE',  ( 0.7071067811865442421, 0.000000000000000000, 0.7071067811865509034 ) ) ;
#1327 = EDGE_CURVE ( 'NONE', #661, #680, #539, .T. ) ;
#1328 = DIRECTION ( 'NONE',  ( 0.000000000000000000, 1.000000000000000000, 0.000000000000000000 ) ) ;
#1329 = EDGE_CURVE ( 'NONE', #1784, #826, #775, .T. ) ;
#1330 = CIRCLE ( 'NONE', #594, 1.200000000000001066 ) ;
#1331 = AXIS2_PLACEMENT_3D ( 'NONE', #1184, #624, #644 ) ;
#1332 = EDGE_LOOP ( 'NONE', ( #793, #1446, #84, #122 ) ) ;
#1333 = ORIENTED_EDGE ( 'NONE', *, *, #1855, .F. ) ;
#1334 = AXIS2_PLACEMENT_3D ( 'NONE', #1753, #1772, #1135 ) ;
#1335 = FACE_OUTER_BOUND ( 'NONE', #1725, .T. ) ;
#1336 = AXIS2_PLACEMENT_3D ( 'NONE', #414, #1724, #1314 ) ;
#1337 = DIRECTION ( 'NONE',  ( -0.000000000000000000, 1.000000000000000000, -0.000000000000000000 ) ) ;
#1338 = CARTESIAN_POINT ( 'NONE',  ( 36.00000000000000711, -15.60000000000000320, -17.50000000000000000 ) ) ;
#1339 = EDGE_LOOP ( 'NONE', ( #1710, #1853 ) ) ;
#1340 = DIRECTION ( 'NONE',  ( 0.000000000000000000, 0.000000000000000000, 1.000000000000000000 ) ) ;
#1341 = CIRCLE ( 'NONE', #550, 1.499999999999997780 ) ;
#1342 = EDGE_LOOP ( 'NONE', ( #752, #90, #247, #93 ) ) ;
#1343 = DIRECTION ( 'NONE',  ( 0.000000000000000000, 1.000000000000000000, 0.000000000000000000 ) ) ;
#1344 = DIRECTION ( 'NONE',  ( 0.000000000000000000, -0.000000000000000000, 1.000000000000000000 ) ) ;
#1345 = DIRECTION ( 'NONE',  ( 0.000000000000000000, 0.000000000000000000, 1.000000000000000000 ) ) ;
#1346 = ORIENTED_EDGE ( 'NONE', *, *, #214, .T. ) ;
#1347 = ORIENTED_EDGE ( 'NONE', *, *, #1379, .F. ) ;
#1348 = CARTESIAN_POINT ( 'NONE',  ( 49.35599383943030460, -12.59999999999999964, 48.15599383943082756 ) ) ;
#1349 = ORIENTED_EDGE ( 'NONE', *, *, #1227, .T. ) ;
#1350 = EDGE_CURVE ( 'NONE', #1412, #255, #1364, .T. ) ;
#1351 = ORIENTED_EDGE ( 'NONE', *, *, #161, .F. ) ;
#1352 = EDGE_CURVE ( 'NONE', #1623, #99, #968, .T. ) ;
#1353 = CARTESIAN_POINT ( 'NONE',  ( -49.35599383943065277, -14.09999999999999964, -49.35599383943048224 ) ) ;
#1354 = CYLINDRICAL_SURFACE ( 'NONE', #317, 1.499999999999996225 ) ;
#1355 = ORIENTED_EDGE ( 'NONE', *, *, #681, .T. ) ;
#1356 = DIRECTION ( 'NONE',  ( -0.000000000000000000, 1.000000000000000000, -0.000000000000000000 ) ) ;
#1357 = ORIENTED_EDGE ( 'NONE', *, *, #1809, .T. ) ;
#1358 = LINE ( 'NONE', #780, #1019 ) ;
#1359 = AXIS2_PLACEMENT_3D ( 'NONE', #1007, #1607, #1323 ) ;
#1360 = VERTEX_POINT ( 'NONE', #86 ) ;
#1361 = CARTESIAN_POINT ( 'NONE',  ( 0.000000000000000000, -14.09999999999999964, 0.000000000000000000 ) ) ;
#1362 = EDGE_CURVE ( 'NONE', #1051, #1630, #1632, .T. ) ;
#1363 = CARTESIAN_POINT ( 'NONE',  ( 49.35599383943065988, -12.59999999999999964, -50.55599383943047798 ) ) ;
#1364 = CIRCLE ( 'NONE', #1513, 1.499999999999996225 ) ;
#1365 = AXIS2_PLACEMENT_3D ( 'NONE', #1152, #113, #581 ) ;
#1366 = DIRECTION ( 'NONE',  ( 0.000000000000000000, 0.000000000000000000, 1.000000000000000000 ) ) ;
#1367 = FACE_BOUND ( 'NONE', #1896, .T. ) ;
#1368 = LINE ( 'NONE', #226, #1177 ) ;
#1369 = AXIS2_PLACEMENT_3D ( 'NONE', #1043, #363, #1837 ) ;
#1370 = VECTOR ( 'NONE', #1747, 1000.000000000000000 ) ;
#1371 = ORIENTED_EDGE ( 'NONE', *, *, #867, .T. ) ;
#1372 = EDGE_CURVE ( 'NONE', #58, #934, #1265, .T. ) ;
#1373 = DIRECTION ( 'NONE',  ( 0.000000000000000000, 0.000000000000000000, 1.000000000000000000 ) ) ;
#1374 = DIRECTION ( 'NONE',  ( 0.7071067811865440200, 0.000000000000000000, 0.7071067811865511255 ) ) ;
#1375 = CIRCLE ( 'NONE', #1879, 1.499999999999997780 ) ;
#1376 = CYLINDRICAL_SURFACE ( 'NONE', #511, 1.199999999999999734 ) ;
#1377 = CARTESIAN_POINT ( 'NONE',  ( 22.00000000000007461, -15.60000000000000320, -13.49999999999994849 ) ) ;
#1378 = LINE ( 'NONE', #932, #1119 ) ;
#1379 = EDGE_CURVE ( 'NONE', #1544, #464, #534, .T. ) ;
#1380 = DIRECTION ( 'NONE',  ( 0.000000000000000000, -0.000000000000000000, 1.000000000000000000 ) ) ;
#1381 = CARTESIAN_POINT ( 'NONE',  ( 0.000000000000000000, -12.59999999999999964, 0.000000000000000000 ) ) ;
#1382 = CARTESIAN_POINT ( 'NONE',  ( 25.28768939877068433, -14.60000000000000142, -29.78337841309487288 ) ) ;
#1383 = VERTEX_POINT ( 'NONE', #1088 ) ;
#1384 = DIRECTION ( 'NONE',  ( -0.000000000000000000, 1.000000000000000000, -0.000000000000000000 ) ) ;
#1385 = FACE_OUTER_BOUND ( 'NONE', #82, .T. ) ;
#1386 = CARTESIAN_POINT ( 'NONE',  ( 22.00000000000000355, -15.60000000000000320, -17.49999999999995381 ) ) ;
#1387 = DIRECTION ( 'NONE',  ( -0.000000000000000000, 1.000000000000000000, -0.000000000000000000 ) ) ;
#1388 = CARTESIAN_POINT ( 'NONE',  ( 17.58909303982028405, -15.60000000000000320, -24.43933982822015238 ) ) ;
#1389 = CARTESIAN_POINT ( 'NONE',  ( 29.00000000000000000, -14.59999999999999787, -19.00000000000000000 ) ) ;
#1390 = ORIENTED_EDGE ( 'NONE', *, *, #1450, .T. ) ;
#1391 = CIRCLE ( 'NONE', #190, 1.199999999999999734 ) ;
#1392 =( NAMED_UNIT ( * ) SI_UNIT ( $, .STERADIAN. ) SOLID_ANGLE_UNIT ( ) );
#1393 = ORIENTED_EDGE ( 'NONE', *, *, #1798, .F. ) ;
#1394 = CIRCLE ( 'NONE', #1903, 1.199999999999999734 ) ;
#1395 = DIRECTION ( 'NONE',  ( -0.000000000000000000, 1.000000000000000000, -0.000000000000000000 ) ) ;
#1396 = VERTEX_POINT ( 'NONE', #1426 ) ;
#1397 = AXIS2_PLACEMENT_3D ( 'NONE', #490, #905, #186 ) ;
#1398 = LINE ( 'NONE', #1382, #727 ) ;
#1399 = AXIS2_PLACEMENT_3D ( 'NONE', #1908, #1917, #427 ) ;
#1400 = DIRECTION ( 'NONE',  ( 0.000000000000000000, 1.000000000000000000, 0.000000000000000000 ) ) ;
#1401 = CYLINDRICAL_SURFACE ( 'NONE', #1229, 2.250000000000001776 ) ;
#1402 = DIRECTION ( 'NONE',  ( 0.000000000000000000, 0.000000000000000000, 1.000000000000000000 ) ) ;
#1403 = ORIENTED_EDGE ( 'NONE', *, *, #935, .T. ) ;
#1404 = CYLINDRICAL_SURFACE ( 'NONE', #1144, 1.200000000000001066 ) ;
#1405 = ORIENTED_EDGE ( 'NONE', *, *, #1329, .T. ) ;
#1406 = ORIENTED_EDGE ( 'NONE', *, *, #941, .T. ) ;
#1407 = CYLINDRICAL_SURFACE ( 'NONE', #41, 1.200000000000001066 ) ;
#1408 = CYLINDRICAL_SURFACE ( 'NONE', #425, 1.499999999999997780 ) ;
#1409 = UNCERTAINTY_MEASURE_WITH_UNIT (LENGTH_MEASURE( 1.000000000000000082E-05 ), #1445, 'distance_accuracy_value', 'NONE');
#1410 = FACE_BOUND ( 'NONE', #401, .T. ) ;
#1411 = ADVANCED_FACE ( 'NONE', ( #1868 ), #249, .F. ) ;
#1412 = VERTEX_POINT ( 'NONE', #406 ) ;
#1413 = ADVANCED_FACE ( 'NONE', ( #1689 ), #78, .F. ) ;
#1414 = CARTESIAN_POINT ( 'NONE',  ( 49.35599383943065988, -7.736038969321066716, -49.35599383943047513 ) ) ;
#1415 = ORIENTED_EDGE ( 'NONE', *, *, #665, .T. ) ;
#1416 = VERTEX_POINT ( 'NONE', #212 ) ;
#1417 = DIRECTION ( 'NONE',  ( 0.000000000000000000, 1.000000000000000000, 0.000000000000000000 ) ) ;
#1418 = DIRECTION ( 'NONE',  ( 0.000000000000000000, 1.000000000000000000, 0.000000000000000000 ) ) ;
#1419 = DIRECTION ( 'NONE',  ( 0.000000000000000000, 0.000000000000000000, 1.000000000000000000 ) ) ;
#1420 = VERTEX_POINT ( 'NONE', #796 ) ;
#1421 = CARTESIAN_POINT ( 'NONE',  ( 22.00000000000000355, -15.60000000000000320, -18.99999999999995026 ) ) ;
#1422 = VERTEX_POINT ( 'NONE', #1833 ) ;
#1423 = ORIENTED_EDGE ( 'NONE', *, *, #1022, .T. ) ;
#1424 = EDGE_CURVE ( 'NONE', #2, #1420, #939, .T. ) ;
#1425 = AXIS2_PLACEMENT_3D ( 'NONE', #873, #155, #674 ) ;
#1426 = CARTESIAN_POINT ( 'NONE',  ( 28.99999999999997513, -14.59999999999999787, -24.50000000000000000 ) ) ;
#1427 = CARTESIAN_POINT ( 'NONE',  ( 29.00000000000000000, -15.60000000000000320, -20.49999999999999645 ) ) ;
#1428 = CIRCLE ( 'NONE', #1074, 1.200000000000001066 ) ;
#1429 = CIRCLE ( 'NONE', #887, 2.250000000000001776 ) ;
#1430 = ORIENTED_EDGE ( 'NONE', *, *, #153, .T. ) ;
#1431 = CIRCLE ( 'NONE', #1484, 10.25000000000000533 ) ;
#1432 = ORIENTED_EDGE ( 'NONE', *, *, #1002, .F. ) ;
#1433 = AXIS2_PLACEMENT_3D ( 'NONE', #1819, #1792, #179 ) ;
#1434 = SHAPE_DEFINITION_REPRESENTATION ( #131, #1527 ) ;
#1435 = ORIENTED_EDGE ( 'NONE', *, *, #1362, .F. ) ;
#1436 = EDGE_CURVE ( 'NONE', #838, #1684, #194, .T. ) ;
#1437 = ORIENTED_EDGE ( 'NONE', *, *, #1067, .F. ) ;
#1438 = CIRCLE ( 'NONE', #1743, 1.499999999999997780 ) ;
#1439 = CARTESIAN_POINT ( 'NONE',  ( 49.35599383943065988, -15.59999999999999964, -49.35599383943047513 ) ) ;
#1440 = DIRECTION ( 'NONE',  ( 0.000000000000000000, 0.000000000000000000, 1.000000000000000000 ) ) ;
#1441 = CIRCLE ( 'NONE', #484, 2.249999999999996003 ) ;
#1442 = ADVANCED_FACE ( 'NONE', ( #1736 ), #1588, .F. ) ;
#1443 = CARTESIAN_POINT ( 'NONE',  ( 22.00000000000000355, -14.59999999999999787, -18.99999999999995026 ) ) ;
#1444 = EDGE_LOOP ( 'NONE', ( #648, #385 ) ) ;
#1445 =( LENGTH_UNIT ( ) NAMED_UNIT ( * ) SI_UNIT ( .MILLI., .METRE. ) );
#1446 = ORIENTED_EDGE ( 'NONE', *, *, #1329, .F. ) ;
#1447 = CARTESIAN_POINT ( 'NONE',  ( 29.00000000000007461, -14.59999999999999787, -12.00000000000000000 ) ) ;
#1448 = DIRECTION ( 'NONE',  ( 0.000000000000000000, -1.000000000000000000, 0.000000000000000000 ) ) ;
#1449 = DIRECTION ( 'NONE',  ( 0.000000000000000000, -1.000000000000000000, 0.000000000000000000 ) ) ;
#1450 = EDGE_CURVE ( 'NONE', #1874, #231, #123, .T. ) ;
#1451 = ORIENTED_EDGE ( 'NONE', *, *, #492, .F. ) ;
#1452 = DIRECTION ( 'NONE',  ( -0.000000000000000000, -1.000000000000000000, -0.000000000000000000 ) ) ;
#1453 = EDGE_LOOP ( 'NONE', ( #21, #315 ) ) ;
#1454 = CARTESIAN_POINT ( 'NONE',  ( 8.396704884395173707, -12.59999999999999964, -26.56066017177984762 ) ) ;
#1455 = DIRECTION ( 'NONE',  ( 0.000000000000000000, 0.000000000000000000, 1.000000000000000000 ) ) ;
#1456 = CARTESIAN_POINT ( 'NONE',  ( 29.00000000000000000, -14.59999999999999787, -19.00000000000000000 ) ) ;
#1457 = CIRCLE ( 'NONE', #1794, 1.499999999999997780 ) ;
#1458 = CARTESIAN_POINT ( 'NONE',  ( -49.35599383943065277, -14.09999999999999964, -50.55599383943048508 ) ) ;
#1459 = EDGE_CURVE ( 'NONE', #600, #325, #1170, .T. ) ;
#1460 = AXIS2_PLACEMENT_3D ( 'NONE', #1163, #1326, #4 ) ;
#1461 = APPLICATION_PROTOCOL_DEFINITION ( 'draft international standard', 'automotive_design', 1998, #1668 ) ;
#1462 = ORIENTED_EDGE ( 'NONE', *, *, #819, .T. ) ;
#1463 = CARTESIAN_POINT ( 'NONE',  ( 69.79991587212562365, -15.59999999999999964, 2.250000000000244693 ) ) ;
#1464 = DIRECTION ( 'NONE',  ( 0.000000000000000000, 0.000000000000000000, -1.000000000000000000 ) ) ;
#1465 = CARTESIAN_POINT ( 'NONE',  ( 9.160347754928993300E-15, -15.60000000000000320, -74.79991587212560944 ) ) ;
#1466 = AXIS2_PLACEMENT_3D ( 'NONE', #388, #960, #1440 ) ;
#1467 = UNCERTAINTY_MEASURE_WITH_UNIT (LENGTH_MEASURE( 1.000000000000000082E-05 ), #670, 'distance_accuracy_value', 'NONE');
#1468 = AXIS2_PLACEMENT_3D ( 'NONE', #1730, #1838, #1419 ) ;
#1469 = VERTEX_POINT ( 'NONE', #419 ) ;
#1470 = DIRECTION ( 'NONE',  ( -0.000000000000000000, 1.000000000000000000, -0.000000000000000000 ) ) ;
#1471 = EDGE_CURVE ( 'NONE', #255, #1890, #1004, .T. ) ;
#1472 = DIRECTION ( 'NONE',  ( -0.000000000000000000, -1.000000000000000000, -0.000000000000000000 ) ) ;
#1473 = CARTESIAN_POINT ( 'NONE',  ( 0.000000000000000000, -14.09999999999999964, 0.000000000000000000 ) ) ;
#1474 = CARTESIAN_POINT ( 'NONE',  ( 69.79991587212562365, -15.59999999999999964, 2.488148210778209755E-13 ) ) ;
#1475 = VERTEX_POINT ( 'NONE', #1454 ) ;
#1476 = CARTESIAN_POINT ( 'NONE',  ( -69.79991587212562365, -12.59999999999999964, 2.385953863628735661E-13 ) ) ;
#1477 = CARTESIAN_POINT ( 'NONE',  ( -49.35599383943065277, -7.736038969321066716, -51.60599383943048934 ) ) ;
#1478 = VERTEX_POINT ( 'NONE', #117 ) ;
#1479 = CIRCLE ( 'NONE', #1696, 2.249999999999996003 ) ;
#1480 = VECTOR ( 'NONE', #1659, 1000.000000000000000 ) ;
#1481 = ORIENTED_EDGE ( 'NONE', *, *, #222, .F. ) ;
#1482 = VECTOR ( 'NONE', #66, 1000.000000000000000 ) ;
#1483 = CARTESIAN_POINT ( 'NONE',  ( 39.78337841309484446, -53.59137802864847089, -15.28768939877056887 ) ) ;
#1484 = AXIS2_PLACEMENT_3D ( 'NONE', #238, #75, #660 ) ;
#1485 = EDGE_CURVE ( 'NONE', #1383, #1396, #689, .T. ) ;
#1486 = FACE_OUTER_BOUND ( 'NONE', #799, .T. ) ;
#1487 = CARTESIAN_POINT ( 'NONE',  ( 25.28768939877068433, -53.59137802864847089, -29.78337841309487288 ) ) ;
#1488 = ORIENTED_EDGE ( 'NONE', *, *, #1352, .T. ) ;
#1489 = EDGE_CURVE ( 'NONE', #761, #983, #1394, .T. ) ;
#1490 = AXIS2_PLACEMENT_3D ( 'NONE', #1208, #1799, #1806 ) ;
#1491 = ORIENTED_EDGE ( 'NONE', *, *, #473, .T. ) ;
#1492 = FACE_OUTER_BOUND ( 'NONE', #303, .T. ) ;
#1493 = CARTESIAN_POINT ( 'NONE',  ( 9.160347754928993300E-15, -227.1661109814531869, -74.79991587212560944 ) ) ;
#1494 = CYLINDRICAL_SURFACE ( 'NONE', #418, 4.000000000000000000 ) ;
#1495 = VERTEX_POINT ( 'NONE', #1463 ) ;
#1496 = CARTESIAN_POINT ( 'NONE',  ( 35.99999999999997868, -14.59999999999999787, -26.00000000000000000 ) ) ;
#1497 = DIRECTION ( 'NONE',  ( 0.000000000000000000, -0.000000000000000000, 1.000000000000000000 ) ) ;
#1498 = CARTESIAN_POINT ( 'NONE',  ( 22.00000000000007461, -15.60000000000000320, -11.99999999999995204 ) ) ;
#1499 = EDGE_CURVE ( 'NONE', #975, #735, #951, .T. ) ;
#1500 = ORIENTED_EDGE ( 'NONE', *, *, #208, .F. ) ;
#1501 = FACE_OUTER_BOUND ( 'NONE', #917, .T. ) ;
#1502 = DIRECTION ( 'NONE',  ( 0.000000000000000000, 1.000000000000000000, 0.000000000000000000 ) ) ;
#1503 = CARTESIAN_POINT ( 'NONE',  ( 69.79991587212562365, -15.59999999999999964, 2.488148210778209755E-13 ) ) ;
#1504 = PLANE ( 'NONE',  #1087 ) ;
#1505 = DIRECTION ( 'NONE',  ( 0.000000000000000000, 0.000000000000000000, 1.000000000000000000 ) ) ;
#1506 = EDGE_CURVE ( 'NONE', #1293, #1874, #541, .T. ) ;
#1507 = PRODUCT ( 'back-enclosure', 'back-enclosure', '', ( #736 ) ) ;
#1508 = AXIS2_PLACEMENT_3D ( 'NONE', #1474, #128, #1312 ) ;
#1509 = EDGE_LOOP ( 'NONE', ( #1599, #1825, #398, #175 ) ) ;
#1510 = AXIS2_PLACEMENT_3D ( 'NONE', #1592, #1621, #139 ) ;
#1511 = CARTESIAN_POINT ( 'NONE',  ( 25.46446609406724804, -53.59137802864847089, -15.46446609406727646 ) ) ;
#1512 = CARTESIAN_POINT ( 'NONE',  ( 22.00000000000007461, -15.60000000000000320, -11.99999999999995204 ) ) ;
#1513 = AXIS2_PLACEMENT_3D ( 'NONE', #96, #1248, #1845 ) ;
#1514 = EDGE_LOOP ( 'NONE', ( #302, #1633, #30, #1565 ) ) ;
#1515 = AXIS2_PLACEMENT_3D ( 'NONE', #1781, #1030, #522 ) ;
#1516 = CARTESIAN_POINT ( 'NONE',  ( 11.93223879032792745, -15.60000000000000320, -30.09619407771255695 ) ) ;
#1517 = DIRECTION ( 'NONE',  ( -0.000000000000000000, -1.000000000000000000, -0.000000000000000000 ) ) ;
#1518 = AXIS2_PLACEMENT_3D ( 'NONE', #369, #241, #1716 ) ;
#1519 = CARTESIAN_POINT ( 'NONE',  ( -49.35599383943031171, -15.60000000000000320, 48.15599383943082046 ) ) ;
#1520 = CLOSED_SHELL ( 'NONE', ( #646, #745, #913, #1780, #1685, #57, #1812, #1575, #281, #270, #740, #65, #340, #1777, #1029, #1609, #1654, #1787, #1720, #1294, #1442, #71, #1097, #910, #1691, #1094, #149, #288, #889, #1553, #971, #390, #1242, #874, #441, #1058, #368, #630, #549, #693, #305, #609, #1176, #497, #1411, #1413, #1275, #142, #1289, #667, #109, #1571, #1650, #1641, #10, #301, #557, #536, #1154 ) ) ;
#1521 = CIRCLE ( 'NONE', #1676, 10.25000000000000533 ) ;
#1522 = EDGE_LOOP ( 'NONE', ( #120, #1423 ) ) ;
#1523 = CARTESIAN_POINT ( 'NONE',  ( -49.35599383943065277, -14.09999999999999964, -51.60599383943048934 ) ) ;
#1524 = EDGE_CURVE ( 'NONE', #735, #975, #1766, .T. ) ;
#1525 = AXIS2_PLACEMENT_3D ( 'NONE', #528, #1694, #676 ) ;
#1526 = CARTESIAN_POINT ( 'NONE',  ( 49.35599383943065988, -14.09999999999999964, -49.35599383943047513 ) ) ;
#1527 = ADVANCED_BREP_SHAPE_REPRESENTATION ( 'back-enclosure', ( #1717, #691 ), #953 ) ;
#1528 = EDGE_LOOP ( 'NONE', ( #668, #1371 ) ) ;
#1529 = EDGE_CURVE ( 'NONE', #531, #1563, #1041, .T. ) ;
#1530 = DIRECTION ( 'NONE',  ( 0.000000000000000000, 1.000000000000000000, 0.000000000000000000 ) ) ;
#1531 = VERTEX_POINT ( 'NONE', #439 ) ;
#1532 = FACE_OUTER_BOUND ( 'NONE', #1658, .T. ) ;
#1533 = CARTESIAN_POINT ( 'NONE',  ( 11.22513200914134757, -12.59999999999999964, -19.73223304703363823 ) ) ;
#1534 = CARTESIAN_POINT ( 'NONE',  ( 0.000000000000000000, -15.60000000000000320, 0.000000000000000000 ) ) ;
#1535 = ORIENTED_EDGE ( 'NONE', *, *, #1821, .F. ) ;
#1536 = CARTESIAN_POINT ( 'NONE',  ( 36.00000000000000711, -15.60000000000000320, -20.49999999999999645 ) ) ;
#1537 = DIRECTION ( 'NONE',  ( 0.000000000000000000, 0.000000000000000000, -1.000000000000000000 ) ) ;
#1538 = ORIENTED_EDGE ( 'NONE', *, *, #413, .F. ) ;
#1539 = EDGE_LOOP ( 'NONE', ( #1585, #46, #663, #1802 ) ) ;
#1540 = CARTESIAN_POINT ( 'NONE',  ( 25.28768939877068433, -53.59137802864847089, -29.78337841309487288 ) ) ;
#1541 = DIRECTION ( 'NONE',  ( 0.000000000000000000, 0.000000000000000000, 1.000000000000000000 ) ) ;
#1542 = CARTESIAN_POINT ( 'NONE',  ( -69.79991587212562365, -14.09999999999999964, 2.385953863628735661E-13 ) ) ;
#1543 = CARTESIAN_POINT ( 'NONE',  ( 49.35599383943065988, -7.736038969321066716, -51.60599383943048224 ) ) ;
#1544 = VERTEX_POINT ( 'NONE', #864 ) ;
#1545 = AXIS2_PLACEMENT_3D ( 'NONE', #193, #639, #1217 ) ;
#1546 = LINE ( 'NONE', #219, #1671 ) ;
#1547 = ORIENTED_EDGE ( 'NONE', *, *, #760, .T. ) ;
#1548 = EDGE_LOOP ( 'NONE', ( #679, #64, #436, #963 ) ) ;
#1549 = EDGE_CURVE ( 'NONE', #1531, #972, #1429, .T. ) ;
#1550 = AXIS2_PLACEMENT_3D ( 'NONE', #738, #429, #136 ) ;
#1551 = DIRECTION ( 'NONE',  ( -0.000000000000000000, 1.000000000000000000, -0.000000000000000000 ) ) ;
#1552 = CARTESIAN_POINT ( 'NONE',  ( 22.00000000000000355, -15.60000000000000320, -18.99999999999995026 ) ) ;
#1553 = ADVANCED_FACE ( 'NONE', ( #1746 ), #723, .T. ) ;
#1554 = CARTESIAN_POINT ( 'NONE',  ( 0.000000000000000000, -15.60000000000000320, 74.79991587212560944 ) ) ;
#1555 = DIRECTION ( 'NONE',  ( 0.000000000000000000, 0.000000000000000000, 1.000000000000000000 ) ) ;
#1556 = ORIENTED_EDGE ( 'NONE', *, *, #1732, .T. ) ;
#1557 = FACE_OUTER_BOUND ( 'NONE', #43, .T. ) ;
#1558 = EDGE_LOOP ( 'NONE', ( #1481, #1618, #1840, #659 ) ) ;
#1559 = ORIENTED_EDGE ( 'NONE', *, *, #1617, .T. ) ;
#1560 = CARTESIAN_POINT ( 'NONE',  ( -49.35599383943065277, -12.59999999999999964, -49.35599383943048224 ) ) ;
#1561 = CARTESIAN_POINT ( 'NONE',  ( -49.35599383943031171, -15.60000000000000320, 49.35599383943081619 ) ) ;
#1562 = EDGE_CURVE ( 'NONE', #1021, #587, #509, .T. ) ;
#1563 = VERTEX_POINT ( 'NONE', #277 ) ;
#1564 = EDGE_CURVE ( 'NONE', #680, #661, #598, .T. ) ;
#1565 = ORIENTED_EDGE ( 'NONE', *, *, #1839, .T. ) ;
#1566 = ORIENTED_EDGE ( 'NONE', *, *, #68, .F. ) ;
#1567 = DIRECTION ( 'NONE',  ( 0.000000000000000000, 0.000000000000000000, 1.000000000000000000 ) ) ;
#1568 = CARTESIAN_POINT ( 'NONE',  ( 39.78337841309484446, -14.60000000000000142, -15.28768939877056887 ) ) ;
#1569 = ORIENTED_EDGE ( 'NONE', *, *, #1886, .T. ) ;
#1570 = VERTEX_POINT ( 'NONE', #1172 ) ;
#1571 = ADVANCED_FACE ( 'NONE', ( #1156 ), #732, .F. ) ;
#1572 = VERTEX_POINT ( 'NONE', #704 ) ;
#1573 = CARTESIAN_POINT ( 'NONE',  ( 49.35599383943030460, -15.59999999999999964, 49.35599383943082330 ) ) ;
#1574 = ORIENTED_EDGE ( 'NONE', *, *, #1863, .T. ) ;
#1575 = ADVANCED_FACE ( 'NONE', ( #1287 ), #1619, .F. ) ;
#1576 = AXIS2_PLACEMENT_3D ( 'NONE', #498, #1068, #1663 ) ;
#1577 = DIRECTION ( 'NONE',  ( 0.000000000000000000, 1.000000000000000000, 0.000000000000000000 ) ) ;
#1578 = CYLINDRICAL_SURFACE ( 'NONE', #664, 4.000000000000000000 ) ;
#1579 = DIRECTION ( 'NONE',  ( 0.000000000000000000, 0.000000000000000000, 1.000000000000000000 ) ) ;
#1580 = VECTOR ( 'NONE', #922, 1000.000000000000000 ) ;
#1581 = CIRCLE ( 'NONE', #1829, 1.200000000000001066 ) ;
#1582 = ORIENTED_EDGE ( 'NONE', *, *, #1665, .T. ) ;
#1583 = DIRECTION ( 'NONE',  ( 0.000000000000000000, 1.000000000000000000, 0.000000000000000000 ) ) ;
#1584 = VECTOR ( 'NONE', #275, 1000.000000000000000 ) ;
#1585 = ORIENTED_EDGE ( 'NONE', *, *, #699, .F. ) ;
#1586 = DIRECTION ( 'NONE',  ( 0.000000000000000000, 1.000000000000000000, 0.000000000000000000 ) ) ;
#1587 = EDGE_CURVE ( 'NONE', #1572, #1677, #1012, .T. ) ;
#1588 = CYLINDRICAL_SURFACE ( 'NONE', #984, 1.499999999999997780 ) ;
#1589 = CARTESIAN_POINT ( 'NONE',  ( -49.35599383943065277, -14.09999999999999964, -49.35599383943048224 ) ) ;
#1590 = AXIS2_PLACEMENT_3D ( 'NONE', #948, #1704, #1870 ) ;
#1591 = EDGE_CURVE ( 'NONE', #524, #344, #1110, .T. ) ;
#1592 = CARTESIAN_POINT ( 'NONE',  ( 0.000000000000000000, -12.59999999999999964, 0.000000000000000000 ) ) ;
#1593 = ORIENTED_EDGE ( 'NONE', *, *, #771, .T. ) ;
#1594 = ORIENTED_EDGE ( 'NONE', *, *, #40, .T. ) ;
#1595 = DIRECTION ( 'NONE',  ( 0.000000000000000000, 0.000000000000000000, 1.000000000000000000 ) ) ;
#1596 = FACE_BOUND ( 'NONE', #1522, .T. ) ;
#1597 = CARTESIAN_POINT ( 'NONE',  ( 35.99999999999997868, -14.59999999999999787, -26.00000000000000000 ) ) ;
#1598 = DIRECTION ( 'NONE',  ( 0.000000000000000000, 1.000000000000000000, 0.000000000000000000 ) ) ;
#1599 = ORIENTED_EDGE ( 'NONE', *, *, #83, .T. ) ;
#1600 = CARTESIAN_POINT ( 'NONE',  ( -49.35599383943065277, -15.59999999999999964, -47.10599383943048224 ) ) ;
#1601 = DIRECTION ( 'NONE',  ( 0.000000000000000000, 0.000000000000000000, 1.000000000000000000 ) ) ;
#1602 = AXIS2_PLACEMENT_3D ( 'NONE', #1751, #1343, #604 ) ;
#1603 = FACE_OUTER_BOUND ( 'NONE', #882, .T. ) ;
#1604 = AXIS2_PLACEMENT_3D ( 'NONE', #515, #1106, #830 ) ;
#1605 = ORIENTED_EDGE ( 'NONE', *, *, #1765, .F. ) ;
#1606 = EDGE_CURVE ( 'NONE', #610, #1383, #32, .T. ) ;
#1607 = DIRECTION ( 'NONE',  ( 0.000000000000000000, 1.000000000000000000, 0.000000000000000000 ) ) ;
#1608 = AXIS2_PLACEMENT_3D ( 'NONE', #25, #1054, #1190 ) ;
#1609 = ADVANCED_FACE ( 'NONE', ( #1486 ), #169, .F. ) ;
#1610 = VERTEX_POINT ( 'NONE', #1210 ) ;
#1611 = AXIS2_PLACEMENT_3D ( 'NONE', #1487, #1213, #758 ) ;
#1612 = CARTESIAN_POINT ( 'NONE',  ( -49.35599383943065277, -14.09999999999999964, -49.35599383943048224 ) ) ;
#1613 = CARTESIAN_POINT ( 'NONE',  ( 49.35599383943065988, -12.59999999999999964, -49.35599383943047513 ) ) ;
#1614 = CARTESIAN_POINT ( 'NONE',  ( 49.35599383943065988, -12.59999999999999964, -48.15599383943047940 ) ) ;
#1615 = VECTOR ( 'NONE', #1059, 1000.000000000000000 ) ;
#1616 = CIRCLE ( 'NONE', #866, 1.199999999999999734 ) ;
#1617 = EDGE_CURVE ( 'NONE', #761, #1570, #773, .T. ) ;
#1618 = ORIENTED_EDGE ( 'NONE', *, *, #1227, .F. ) ;
#1619 = CYLINDRICAL_SURFACE ( 'NONE', #1608, 1.199999999999999734 ) ;
#1620 = DIRECTION ( 'NONE',  ( 0.000000000000000000, 0.000000000000000000, -1.000000000000000000 ) ) ;
#1621 = DIRECTION ( 'NONE',  ( 0.000000000000000000, 1.000000000000000000, 0.000000000000000000 ) ) ;
#1622 = EDGE_LOOP ( 'NONE', ( #640, #742 ) ) ;
#1623 = VERTEX_POINT ( 'NONE', #784 ) ;
#1624 = CARTESIAN_POINT ( 'NONE',  ( 49.35599383943065988, -15.60000000000000320, -49.35599383943047513 ) ) ;
#1625 = EDGE_CURVE ( 'NONE', #329, #151, #1581, .T. ) ;
#1626 = DIRECTION ( 'NONE',  ( 0.000000000000000000, 1.000000000000000000, 0.000000000000000000 ) ) ;
#1627 = ORIENTED_EDGE ( 'NONE', *, *, #843, .F. ) ;
#1628 = EDGE_CURVE ( 'NONE', #587, #1021, #1077, .T. ) ;
#1629 = DIRECTION ( 'NONE',  ( -0.000000000000000000, -1.000000000000000000, -0.000000000000000000 ) ) ;
#1630 = VERTEX_POINT ( 'NONE', #1363 ) ;
#1631 = VECTOR ( 'NONE', #911, 1000.000000000000000 ) ;
#1632 = CIRCLE ( 'NONE', #1866, 1.199999999999999734 ) ;
#1633 = ORIENTED_EDGE ( 'NONE', *, *, #1109, .F. ) ;
#1634 = DIRECTION ( 'NONE',  ( 0.000000000000000000, -0.000000000000000000, 1.000000000000000000 ) ) ;
#1635 = PLANE ( 'NONE',  #1009 ) ;
#1636 = AXIS2_PLACEMENT_3D ( 'NONE', #1573, #266, #996 ) ;
#1637 = FACE_OUTER_BOUND ( 'NONE', #213, .T. ) ;
#1638 = VERTEX_POINT ( 'NONE', #1040 ) ;
#1639 = FACE_BOUND ( 'NONE', #1324, .T. ) ;
#1640 = DIRECTION ( 'NONE',  ( 0.000000000000000000, -1.000000000000000000, 0.000000000000000000 ) ) ;
#1641 = ADVANCED_FACE ( 'NONE', ( #1637 ), #159, .F. ) ;
#1642 = LINE ( 'NONE', #1681, #814 ) ;
#1643 = CARTESIAN_POINT ( 'NONE',  ( 69.79991587212562365, -7.736038969321066716, -2.249999999999746869 ) ) ;
#1644 = CIRCLE ( 'NONE', #1466, 1.200000000000001066 ) ;
#1645 = FACE_OUTER_BOUND ( 'NONE', #1844, .T. ) ;
#1646 = ORIENTED_EDGE ( 'NONE', *, *, #1841, .F. ) ;
#1647 = CARTESIAN_POINT ( 'NONE',  ( 49.35599383943030460, -14.09999999999999964, 50.55599383943082614 ) ) ;
#1648 = DIRECTION ( 'NONE',  ( 0.000000000000000000, 0.000000000000000000, 1.000000000000000000 ) ) ;
#1649 = ORIENTED_EDGE ( 'NONE', *, *, #1587, .F. ) ;
#1650 = ADVANCED_FACE ( 'NONE', ( #897 ), #1494, .F. ) ;
#1651 = CARTESIAN_POINT ( 'NONE',  ( -49.35599383943031171, -12.59999999999999964, 50.55599383943081904 ) ) ;
#1652 = FACE_BOUND ( 'NONE', #150, .T. ) ;
#1653 = LINE ( 'NONE', #1388, #265 ) ;
#1654 = ADVANCED_FACE ( 'NONE', ( #343 ), #1354, .F. ) ;
#1655 = EDGE_LOOP ( 'NONE', ( #1200, #1055 ) ) ;
#1656 = LINE ( 'NONE', #342, #1179 ) ;
#1657 = CARTESIAN_POINT ( 'NONE',  ( 11.93223879032792745, -15.60000000000000320, -30.09619407771255695 ) ) ;
#1658 = EDGE_LOOP ( 'NONE', ( #618, #810, #1556, #1759 ) ) ;
#1659 = DIRECTION ( 'NONE',  ( 0.000000000000000000, 1.000000000000000000, 0.000000000000000000 ) ) ;
#1660 = CARTESIAN_POINT ( 'NONE',  ( 25.46446609406724804, -14.60000000000000142, -15.46446609406727646 ) ) ;
#1661 = DIRECTION ( 'NONE',  ( 0.000000000000000000, 0.000000000000000000, 1.000000000000000000 ) ) ;
#1662 = AXIS2_PLACEMENT_3D ( 'NONE', #1037, #437, #1634 ) ;
#1663 = DIRECTION ( 'NONE',  ( 0.000000000000000000, 0.000000000000000000, 1.000000000000000000 ) ) ;
#1664 = ORIENTED_EDGE ( 'NONE', *, *, #1197, .T. ) ;
#1665 = EDGE_CURVE ( 'NONE', #404, #987, #1238, .T. ) ;
#1666 = AXIS2_PLACEMENT_3D ( 'NONE', #900, #765, #1366 ) ;
#1667 = LINE ( 'NONE', #355, #162 ) ;
#1668 = APPLICATION_CONTEXT ( 'automotive_design' ) ;
#1669 = SURFACE_STYLE_FILL_AREA ( #358 ) ;
#1670 = EDGE_LOOP ( 'NONE', ( #513, #1797 ) ) ;
#1671 = VECTOR ( 'NONE', #1254, 1000.000000000000000 ) ;
#1672 = LINE ( 'NONE', #34, #1480 ) ;
#1673 = CARTESIAN_POINT ( 'NONE',  ( 0.000000000000000000, -12.59999999999999964, 74.79991587212560944 ) ) ;
#1674 = AXIS2_PLACEMENT_3D ( 'NONE', #525, #547, #377 ) ;
#1675 = DIRECTION ( 'NONE',  ( 0.000000000000000000, -1.000000000000000000, 0.000000000000000000 ) ) ;
#1676 = AXIS2_PLACEMENT_3D ( 'NONE', #1660, #1517, #1793 ) ;
#1677 = VERTEX_POINT ( 'NONE', #42 ) ;
#1678 = DIRECTION ( 'NONE',  ( -0.000000000000000000, 1.000000000000000000, -0.000000000000000000 ) ) ;
#1679 = EDGE_LOOP ( 'NONE', ( #966, #1241 ) ) ;
#1680 = DIRECTION ( 'NONE',  ( 0.000000000000000000, 0.000000000000000000, 1.000000000000000000 ) ) ;
#1681 = CARTESIAN_POINT ( 'NONE',  ( 14.05355913388752853, -15.60000000000000320, -20.90380592228743240 ) ) ;
#1682 = LINE ( 'NONE', #1108, #470 ) ;
#1683 = DIRECTION ( 'NONE',  ( -0.000000000000000000, 1.000000000000000000, -0.000000000000000000 ) ) ;
#1684 = VERTEX_POINT ( 'NONE', #632 ) ;
#1685 = ADVANCED_FACE ( 'NONE', ( #200 ), #1376, .F. ) ;
#1686 = FACE_OUTER_BOUND ( 'NONE', #1225, .T. ) ;
#1687 = VERTEX_POINT ( 'NONE', #1817 ) ;
#1688 = ORIENTED_EDGE ( 'NONE', *, *, #1372, .T. ) ;
#1689 = FACE_OUTER_BOUND ( 'NONE', #1731, .T. ) ;
#1690 = CARTESIAN_POINT ( 'NONE',  ( 36.00000000000000711, -15.60000000000000320, -19.00000000000000000 ) ) ;
#1691 = ADVANCED_FACE ( 'NONE', ( #1024 ), #877, .F. ) ;
#1692 = CARTESIAN_POINT ( 'NONE',  ( 36.00000000000000711, -15.60000000000000320, -19.00000000000000000 ) ) ;
#1693 = CARTESIAN_POINT ( 'NONE',  ( 11.22513200914134757, -15.60000000000000320, -23.73223304703363823 ) ) ;
#1694 = DIRECTION ( 'NONE',  ( 0.000000000000000000, -1.000000000000000000, 0.000000000000000000 ) ) ;
#1695 = ORIENTED_EDGE ( 'NONE', *, *, #195, .F. ) ;
#1696 = AXIS2_PLACEMENT_3D ( 'NONE', #546, #870, #24 ) ;
#1697 = FACE_OUTER_BOUND ( 'NONE', #256, .T. ) ;
#1698 = CYLINDRICAL_SURFACE ( 'NONE', #601, 2.250000000000001776 ) ;
#1699 = ORIENTED_EDGE ( 'NONE', *, *, #1625, .T. ) ;
#1700 = EDGE_LOOP ( 'NONE', ( #1253, #264, #1500, #1255 ) ) ;
#1701 = AXIS2_PLACEMENT_3D ( 'NONE', #1657, #323, #622 ) ;
#1702 = DIRECTION ( 'NONE',  ( 0.000000000000000000, 0.000000000000000000, 1.000000000000000000 ) ) ;
#1703 = FACE_OUTER_BOUND ( 'NONE', #710, .T. ) ;
#1704 = DIRECTION ( 'NONE',  ( 0.000000000000000000, -1.000000000000000000, 0.000000000000000000 ) ) ;
#1705 = VECTOR ( 'NONE', #1124, 1000.000000000000000 ) ;
#1706 = DIRECTION ( 'NONE',  ( -0.000000000000000000, 1.000000000000000000, -0.000000000000000000 ) ) ;
#1707 = EDGE_CURVE ( 'NONE', #1245, #1416, #1078, .T. ) ;
#1708 = CARTESIAN_POINT ( 'NONE',  ( 36.00000000000000711, -14.59999999999999787, -19.00000000000000000 ) ) ;
#1709 = APPLICATION_CONTEXT ( 'automotive_design' ) ;
#1710 = ORIENTED_EDGE ( 'NONE', *, *, #126, .T. ) ;
#1711 = CIRCLE ( 'NONE', #755, 1.499999999999997780 ) ;
#1712 = CARTESIAN_POINT ( 'NONE',  ( 39.78337841309484446, -53.59137802864847089, -15.28768939877056887 ) ) ;
#1713 = ORIENTED_EDGE ( 'NONE', *, *, #44, .F. ) ;
#1714 = ORIENTED_EDGE ( 'NONE', *, *, #1223, .T. ) ;
#1715 = AXIS2_PLACEMENT_3D ( 'NONE', #215, #655, #1240 ) ;
#1716 = DIRECTION ( 'NONE',  ( 0.000000000000000000, 0.000000000000000000, 1.000000000000000000 ) ) ;
#1717 = MANIFOLD_SOLID_BREP ( 'Cut-Extrude5', #1520 ) ;
#1718 = DIRECTION ( 'NONE',  ( 0.000000000000000000, 0.000000000000000000, 1.000000000000000000 ) ) ;
#1719 = DIRECTION ( 'NONE',  ( -0.000000000000000000, 1.000000000000000000, -0.000000000000000000 ) ) ;
#1720 = ADVANCED_FACE ( 'NONE', ( #1557 ), #965, .F. ) ;
#1721 = ORIENTED_EDGE ( 'NONE', *, *, #731, .F. ) ;
#1722 = ORIENTED_EDGE ( 'NONE', *, *, #473, .F. ) ;
#1723 = EDGE_CURVE ( 'NONE', #58, #1082, #927, .T. ) ;
#1724 = DIRECTION ( 'NONE',  ( 0.000000000000000000, 1.000000000000000000, 0.000000000000000000 ) ) ;
#1725 = EDGE_LOOP ( 'NONE', ( #1086, #1535, #967, #443 ) ) ;
#1726 = ORIENTED_EDGE ( 'NONE', *, *, #1755, .T. ) ;
#1727 = DIRECTION ( 'NONE',  ( 0.000000000000000000, 1.000000000000000000, 0.000000000000000000 ) ) ;
#1728 = DIRECTION ( 'NONE',  ( 0.000000000000000000, 0.000000000000000000, 1.000000000000000000 ) ) ;
#1729 = DIRECTION ( 'NONE',  ( 0.000000000000000000, 0.000000000000000000, 1.000000000000000000 ) ) ;
#1730 = CARTESIAN_POINT ( 'NONE',  ( 11.22513200914134757, -15.60000000000000320, -23.73223304703363823 ) ) ;
#1731 = EDGE_LOOP ( 'NONE', ( #1169, #1722, #603, #1699 ) ) ;
#1732 = EDGE_CURVE ( 'NONE', #404, #735, #809, .T. ) ;
#1733 = CARTESIAN_POINT ( 'NONE',  ( -49.35599383943065277, -15.60000000000000320, -50.55599383943048508 ) ) ;
#1734 = ORIENTED_EDGE ( 'NONE', *, *, #699, .T. ) ;
#1735 = ORIENTED_EDGE ( 'NONE', *, *, #485, .F. ) ;
#1736 = FACE_OUTER_BOUND ( 'NONE', #1342, .T. ) ;
#1737 = CARTESIAN_POINT ( 'NONE',  ( -69.79991587212562365, -12.59999999999999964, -1.199999999999762368 ) ) ;
#1738 = CIRCLE ( 'NONE', #781, 10.25000000000000533 ) ;
#1739 = DIRECTION ( 'NONE',  ( -0.000000000000000000, 1.000000000000000000, -0.000000000000000000 ) ) ;
#1740 = MECHANICAL_DESIGN_GEOMETRIC_PRESENTATION_REPRESENTATION (  '', ( #1171 ), #923 ) ;
#1741 = EDGE_LOOP ( 'NONE', ( #365, #777, #1834, #201, #346 ) ) ;
#1742 = DIRECTION ( 'NONE',  ( 0.000000000000000000, 0.000000000000000000, 1.000000000000000000 ) ) ;
#1743 = AXIS2_PLACEMENT_3D ( 'NONE', #494, #940, #901 ) ;
#1744 = EDGE_LOOP ( 'NONE', ( #1430, #561 ) ) ;
#1745 = AXIS2_PLACEMENT_3D ( 'NONE', #1589, #1418, #407 ) ;
#1746 = FACE_OUTER_BOUND ( 'NONE', #554, .T. ) ;
#1747 = DIRECTION ( 'NONE',  ( -0.000000000000000000, 1.000000000000000000, -0.000000000000000000 ) ) ;
#1748 = AXIS2_PLACEMENT_3D ( 'NONE', #1389, #72, #519 ) ;
#1749 = CARTESIAN_POINT ( 'NONE',  ( 18.21662158690516975, -14.60000000000001563, -22.71231060122942935 ) ) ;
#1750 = ORIENTED_EDGE ( 'NONE', *, *, #1485, .F. ) ;
#1751 = CARTESIAN_POINT ( 'NONE',  ( -69.79991587212562365, -12.59999999999999964, 2.385953863628735661E-13 ) ) ;
#1752 = CARTESIAN_POINT ( 'NONE',  ( 17.58909303982028405, -12.59999999999999964, -24.43933982822015238 ) ) ;
#1753 = CARTESIAN_POINT ( 'NONE',  ( 14.76066591507410841, -15.60000000000000320, -27.26776695296636532 ) ) ;
#1754 = CARTESIAN_POINT ( 'NONE',  ( 69.79991587212562365, -14.09999999999999964, 2.488148210778209755E-13 ) ) ;
#1755 = EDGE_CURVE ( 'NONE', #795, #1475, #1546, .T. ) ;
#1756 = ORIENTED_EDGE ( 'NONE', *, *, #1765, .T. ) ;
#1757 = CARTESIAN_POINT ( 'NONE',  ( -49.35599383943031171, -12.59999999999999964, 49.35599383943081619 ) ) ;
#1758 = ORIENTED_EDGE ( 'NONE', *, *, #44, .T. ) ;
#1759 = ORIENTED_EDGE ( 'NONE', *, *, #1499, .F. ) ;
#1760 = DIRECTION ( 'NONE',  ( 0.000000000000000000, 1.000000000000000000, 0.000000000000000000 ) ) ;
#1761 = CARTESIAN_POINT ( 'NONE',  ( 25.28768939877068433, -12.59999999999999964, -29.78337841309487288 ) ) ;
#1762 = CARTESIAN_POINT ( 'NONE',  ( 0.000000000000000000, -227.1661109814531869, 0.000000000000000000 ) ) ;
#1763 = VECTOR ( 'NONE', #634, 1000.000000000000000 ) ;
#1764 = ORIENTED_EDGE ( 'NONE', *, *, #1424, .T. ) ;
#1765 = EDGE_CURVE ( 'NONE', #1082, #1420, #1431, .T. ) ;
#1766 = CIRCLE ( 'NONE', #1303, 1.499999999999996225 ) ;
#1767 = COLOUR_RGB ( '',0.7921568627450980005, 0.8196078431372548767, 0.9333333333333333481 ) ;
#1768 = ORIENTED_EDGE ( 'NONE', *, *, #1732, .F. ) ;
#1769 = AXIS2_PLACEMENT_3D ( 'NONE', #653, #812, #1567 ) ;
#1770 = DIRECTION ( 'NONE',  ( 0.000000000000000000, -0.000000000000000000, 1.000000000000000000 ) ) ;
#1771 = CARTESIAN_POINT ( 'NONE',  ( 14.05355913388752853, -15.60000000000000320, -20.90380592228743240 ) ) ;
#1772 = DIRECTION ( 'NONE',  ( 0.000000000000000000, 1.000000000000000000, 0.000000000000000000 ) ) ;
#1773 = FACE_BOUND ( 'NONE', #703, .T. ) ;
#1774 = CARTESIAN_POINT ( 'NONE',  ( 36.00000000000000711, -15.60000000000000320, -19.00000000000000000 ) ) ;
#1775 = CIRCLE ( 'NONE', #961, 10.25000000000000533 ) ;
#1776 = ORIENTED_EDGE ( 'NONE', *, *, #55, .T. ) ;
#1777 = ADVANCED_FACE ( 'NONE', ( #1244 ), #1698, .F. ) ;
#1778 = AXIS2_PLACEMENT_3D ( 'NONE', #1361, #468, #310 ) ;
#1779 = EDGE_LOOP ( 'NONE', ( #1393, #1296, #1887, #1333 ) ) ;
#1780 = ADVANCED_FACE ( 'NONE', ( #229 ), #1261, .F. ) ;
#1781 = CARTESIAN_POINT ( 'NONE',  ( 49.35599383943030460, -14.09999999999999964, 49.35599383943082330 ) ) ;
#1782 = CARTESIAN_POINT ( 'NONE',  ( 49.35599383943030460, -14.09999999999999964, 47.10599383943082330 ) ) ;
#1783 = ORIENTED_EDGE ( 'NONE', *, *, #620, .T. ) ;
#1784 = VERTEX_POINT ( 'NONE', #396 ) ;
#1785 = PLANE ( 'NONE',  #1662 ) ;
#1786 = DIRECTION ( 'NONE',  ( 0.000000000000000000, 0.000000000000000000, 1.000000000000000000 ) ) ;
#1787 = ADVANCED_FACE ( 'NONE', ( #1686 ), #1842, .F. ) ;
#1788 = DIRECTION ( 'NONE',  ( 0.000000000000000000, -0.000000000000000000, 1.000000000000000000 ) ) ;
#1789 = CARTESIAN_POINT ( 'NONE',  ( 28.99999999999997513, -15.60000000000000320, -27.49999999999999645 ) ) ;
#1790 = ORIENTED_EDGE ( 'NONE', *, *, #1886, .F. ) ;
#1791 = FACE_BOUND ( 'NONE', #1741, .T. ) ;
#1792 = DIRECTION ( 'NONE',  ( 0.000000000000000000, -1.000000000000000000, 0.000000000000000000 ) ) ;
#1793 = DIRECTION ( 'NONE',  ( -1.015447888376666990E-15, 0.000000000000000000, 1.000000000000000000 ) ) ;
#1794 = AXIS2_PLACEMENT_3D ( 'NONE', #348, #181, #1340 ) ;
#1795 = DIRECTION ( 'NONE',  ( 0.7071067811865507924, -0.000000000000000000, -0.7071067811865442421 ) ) ;
#1796 = AXIS2_PLACEMENT_3D ( 'NONE', #1198, #1626, #605 ) ;
#1797 = ORIENTED_EDGE ( 'NONE', *, *, #1499, .T. ) ;
#1798 = EDGE_CURVE ( 'NONE', #1237, #1027, #627, .T. ) ;
#1799 = DIRECTION ( 'NONE',  ( 0.000000000000000000, 1.000000000000000000, 0.000000000000000000 ) ) ;
#1800 = CARTESIAN_POINT ( 'NONE',  ( 49.35599383943065988, -15.59999999999999964, -49.35599383943047513 ) ) ;
#1801 = CYLINDRICAL_SURFACE ( 'NONE', #1141, 1.199999999999999734 ) ;
#1802 = ORIENTED_EDGE ( 'NONE', *, *, #805, .T. ) ;
#1803 = CARTESIAN_POINT ( 'NONE',  ( -49.35599383943065277, -7.736038969321066716, -49.35599383943048224 ) ) ;
#1804 = AXIS2_PLACEMENT_3D ( 'NONE', #1822, #804, #506 ) ;
#1805 = ORIENTED_EDGE ( 'NONE', *, *, #141, .T. ) ;
#1806 = DIRECTION ( 'NONE',  ( 0.000000000000000000, 0.000000000000000000, 1.000000000000000000 ) ) ;
#1807 = CARTESIAN_POINT ( 'NONE',  ( 11.22513200914134757, -15.60000000000000320, -23.73223304703363823 ) ) ;
#1808 = ORIENTED_EDGE ( 'NONE', *, *, #1002, .T. ) ;
#1809 = EDGE_CURVE ( 'NONE', #1153, #1116, #542, .T. ) ;
#1810 = CARTESIAN_POINT ( 'NONE',  ( 32.53553390593276617, -14.60000000000000142, -22.53553390593271999 ) ) ;
#1811 = ORIENTED_EDGE ( 'NONE', *, *, #1707, .T. ) ;
#1812 = ADVANCED_FACE ( 'NONE', ( #1385 ), #1404, .F. ) ;
#1813 = DIRECTION ( 'NONE',  ( 0.000000000000000000, 0.000000000000000000, 1.000000000000000000 ) ) ;
#1814 = CARTESIAN_POINT ( 'NONE',  ( 22.00000000000007461, -14.59999999999999787, -13.49999999999994849 ) ) ;
#1815 = EDGE_LOOP ( 'NONE', ( #1134, #76, #1721, #1831 ) ) ;
#1816 = LINE ( 'NONE', #500, #100 ) ;
#1817 = CARTESIAN_POINT ( 'NONE',  ( -49.35599383943031171, -12.59999999999999964, 48.15599383943082046 ) ) ;
#1818 = ORIENTED_EDGE ( 'NONE', *, *, #403, .T. ) ;
#1819 = CARTESIAN_POINT ( 'NONE',  ( 49.35599383943065988, -7.736038969321066716, -49.35599383943047513 ) ) ;
#1820 = FACE_BOUND ( 'NONE', #1026, .T. ) ;
#1821 = EDGE_CURVE ( 'NONE', #1027, #1237, #260, .T. ) ;
#1822 = CARTESIAN_POINT ( 'NONE',  ( -69.79991587212562365, -7.736038969321066716, 2.385953863628735661E-13 ) ) ;
#1823 = CIRCLE ( 'NONE', #537, 4.000000000000000000 ) ;
#1824 = DIRECTION ( 'NONE',  ( -0.000000000000000000, 1.000000000000000000, -0.000000000000000000 ) ) ;
#1825 = ORIENTED_EDGE ( 'NONE', *, *, #466, .T. ) ;
#1826 = VECTOR ( 'NONE', #1356, 1000.000000000000000 ) ;
#1827 = CYLINDRICAL_SURFACE ( 'NONE', #580, 10.25000000000000533 ) ;
#1828 = DIRECTION ( 'NONE',  ( 0.000000000000000000, 0.000000000000000000, 1.000000000000000000 ) ) ;
#1829 = AXIS2_PLACEMENT_3D ( 'NONE', #1476, #884, #1345 ) ;
#1830 = ORIENTED_EDGE ( 'NONE', *, *, #669, .T. ) ;
#1831 = ORIENTED_EDGE ( 'NONE', *, *, #214, .F. ) ;
#1832 = CIRCLE ( 'NONE', #1365, 1.499999999999996225 ) ;
#1833 = CARTESIAN_POINT ( 'NONE',  ( 69.79991587212562365, -14.09999999999999964, 2.250000000000244693 ) ) ;
#1834 = ORIENTED_EDGE ( 'NONE', *, *, #1305, .F. ) ;
#1835 = CARTESIAN_POINT ( 'NONE',  ( 49.35599383943030460, -14.09999999999999964, 48.15599383943082756 ) ) ;
#1836 = EDGE_CURVE ( 'NONE', #1297, #395, #477, .T. ) ;
#1837 = DIRECTION ( 'NONE',  ( 0.000000000000000000, -0.000000000000000000, 1.000000000000000000 ) ) ;
#1838 = DIRECTION ( 'NONE',  ( 0.000000000000000000, 1.000000000000000000, 0.000000000000000000 ) ) ;
#1839 = EDGE_CURVE ( 'NONE', #1293, #821, #853, .T. ) ;
#1840 = ORIENTED_EDGE ( 'NONE', *, *, #570, .T. ) ;
#1841 = EDGE_CURVE ( 'NONE', #1116, #1153, #721, .T. ) ;
#1842 = CYLINDRICAL_SURFACE ( 'NONE', #140, 1.499999999999997780 ) ;
#1843 = ORIENTED_EDGE ( 'NONE', *, *, #1798, .T. ) ;
#1844 = EDGE_LOOP ( 'NONE', ( #623, #529, #1133, #397 ) ) ;
#1845 = DIRECTION ( 'NONE',  ( 0.000000000000000000, 0.000000000000000000, 1.000000000000000000 ) ) ;
#1846 = CYLINDRICAL_SURFACE ( 'NONE', #1313, 2.249999999999996003 ) ;
#1847 = CARTESIAN_POINT ( 'NONE',  ( -69.79991587212562365, -15.60000000000000320, -1.199999999999762368 ) ) ;
#1848 = CARTESIAN_POINT ( 'NONE',  ( 11.93223879032792745, -12.59999999999999964, -30.09619407771255695 ) ) ;
#1849 = FACE_OUTER_BOUND ( 'NONE', #35, .T. ) ;
#1850 = CYLINDRICAL_SURFACE ( 'NONE', #1525, 2.249999999999996003 ) ;
#1851 = ORIENTED_EDGE ( 'NONE', *, *, #1166, .F. ) ;
#1852 = SURFACE_STYLE_USAGE ( .BOTH. , #1232 ) ;
#1853 = ORIENTED_EDGE ( 'NONE', *, *, #843, .T. ) ;
#1854 = ORIENTED_EDGE ( 'NONE', *, *, #410, .T. ) ;
#1855 = EDGE_CURVE ( 'NONE', #1027, #1051, #290, .T. ) ;
#1856 = DIRECTION ( 'NONE',  ( -0.7071067811865511255, 0.000000000000000000, 0.7071067811865440200 ) ) ;
#1857 = DIRECTION ( 'NONE',  ( -0.000000000000000000, -1.000000000000000000, -0.000000000000000000 ) ) ;
#1858 = CARTESIAN_POINT ( 'NONE',  ( 69.79991587212562365, -12.59999999999999964, -1.199999999999752154 ) ) ;
#1859 = ORIENTED_EDGE ( 'NONE', *, *, #935, .F. ) ;
#1860 = AXIS2_PLACEMENT_3D ( 'NONE', #1693, #527, #952 ) ;
#1861 = CARTESIAN_POINT ( 'NONE',  ( 28.99999999999997513, -15.60000000000000320, -26.00000000000000000 ) ) ;
#1862 = ORIENTED_EDGE ( 'NONE', *, *, #1291, .T. ) ;
#1863 = EDGE_CURVE ( 'NONE', #983, #785, #1897, .T. ) ;
#1864 = ORIENTED_EDGE ( 'NONE', *, *, #1008, .F. ) ;
#1865 = AXIS2_PLACEMENT_3D ( 'NONE', #947, #1417, #1680 ) ;
#1866 = AXIS2_PLACEMENT_3D ( 'NONE', #977, #802, #682 ) ;
#1867 = CARTESIAN_POINT ( 'NONE',  ( 36.00000000000000711, -14.59999999999999787, -20.49999999999999645 ) ) ;
#1868 = FACE_OUTER_BOUND ( 'NONE', #157, .T. ) ;
#1869 = DIRECTION ( 'NONE',  ( 0.000000000000000000, -1.000000000000000000, 0.000000000000000000 ) ) ;
#1870 = DIRECTION ( 'NONE',  ( 0.000000000000000000, 0.000000000000000000, -1.000000000000000000 ) ) ;
#1871 = CIRCLE ( 'NONE', #1399, 1.499999999999996225 ) ;
#1872 = VECTOR ( 'NONE', #463, 1000.000000000000000 ) ;
#1873 = EDGE_CURVE ( 'NONE', #749, #1036, #750, .T. ) ;
#1874 = VERTEX_POINT ( 'NONE', #1889 ) ;
#1875 = VECTOR ( 'NONE', #526, 1000.000000000000000 ) ;
#1876 =( NAMED_UNIT ( * ) PLANE_ANGLE_UNIT ( ) SI_UNIT ( $, .RADIAN. ) );
#1877 = ORIENTED_EDGE ( 'NONE', *, *, #706, .F. ) ;
#1878 = ORIENTED_EDGE ( 'NONE', *, *, #1884, .F. ) ;
#1879 = AXIS2_PLACEMENT_3D ( 'NONE', #1708, #807, #1402 ) ;
#1880 = FACE_BOUND ( 'NONE', #523, .T. ) ;
#1881 = CARTESIAN_POINT ( 'NONE',  ( -49.35599383943065277, -15.60000000000000320, -49.35599383943048224 ) ) ;
#1882 = DIRECTION ( 'NONE',  ( 0.000000000000000000, 0.000000000000000000, 1.000000000000000000 ) ) ;
#1883 = CYLINDRICAL_SURFACE ( 'NONE', #566, 1.199999999999999734 ) ;
#1884 = EDGE_CURVE ( 'NONE', #1890, #718, #1871, .T. ) ;
#1885 = DIRECTION ( 'NONE',  ( 0.000000000000000000, 0.000000000000000000, 1.000000000000000000 ) ) ;
#1886 = EDGE_CURVE ( 'NONE', #718, #1890, #1832, .T. ) ;
#1887 = ORIENTED_EDGE ( 'NONE', *, *, #357, .T. ) ;
#1888 = DIRECTION ( 'NONE',  ( -0.000000000000000000, 1.000000000000000000, -0.000000000000000000 ) ) ;
#1889 = CARTESIAN_POINT ( 'NONE',  ( 11.93223879032792745, -15.60000000000000320, -30.09619407771255695 ) ) ;
#1890 = VERTEX_POINT ( 'NONE', #121 ) ;
#1891 = EDGE_LOOP ( 'NONE', ( #944, #488 ) ) ;
#1892 = DIRECTION ( 'NONE',  ( 0.000000000000000000, 0.000000000000000000, 1.000000000000000000 ) ) ;
#1893 = FACE_OUTER_BOUND ( 'NONE', #1514, .T. ) ;
#1894 = DIRECTION ( 'NONE',  ( 0.000000000000000000, 0.000000000000000000, 1.000000000000000000 ) ) ;
#1895 = CARTESIAN_POINT ( 'NONE',  ( -69.79991587212562365, -14.09999999999999964, 2.385953863628735661E-13 ) ) ;
#1896 = EDGE_LOOP ( 'NONE', ( #402, #1547 ) ) ;
#1897 = LINE ( 'NONE', #1733, #1584 ) ;
#1898 = ORIENTED_EDGE ( 'NONE', *, *, #1008, .T. ) ;
#1899 = CIRCLE ( 'NONE', #1263, 1.199999999999999734 ) ;
#1900 = CARTESIAN_POINT ( 'NONE',  ( 28.99999999999997513, -14.59999999999999787, -26.00000000000000000 ) ) ;
#1901 = FACE_BOUND ( 'NONE', #374, .T. ) ;
#1902 = DIRECTION ( 'NONE',  ( 0.000000000000000000, 1.000000000000000000, 0.000000000000000000 ) ) ;
#1903 = AXIS2_PLACEMENT_3D ( 'NONE', #258, #574, #1601 ) ;
#1904 = DIRECTION ( 'NONE',  ( 0.000000000000000000, -1.000000000000000000, 0.000000000000000000 ) ) ;
#1905 = AXIS2_PLACEMENT_3D ( 'NONE', #1861, #1085, #678 ) ;
#1906 = EDGE_CURVE ( 'NONE', #524, #839, #1161, .T. ) ;
#1907 = EDGE_CURVE ( 'NONE', #1687, #1219, #1013, .T. ) ;
#1908 = CARTESIAN_POINT ( 'NONE',  ( 22.00000000000007461, -14.59999999999999787, -11.99999999999995204 ) ) ;
#1909 = ORIENTED_EDGE ( 'NONE', *, *, #1424, .F. ) ;
#1910 = ORIENTED_EDGE ( 'NONE', *, *, #1907, .T. ) ;
#1911 = FACE_BOUND ( 'NONE', #376, .T. ) ;
#1912 = CIRCLE ( 'NONE', #171, 1.499999999999997780 ) ;
#1913 = EDGE_CURVE ( 'NONE', #291, #1422, #384, .T. ) ;
#1914 = DIRECTION ( 'NONE',  ( 0.000000000000000000, 1.000000000000000000, 0.000000000000000000 ) ) ;
#1915 = AXIS2_PLACEMENT_3D ( 'NONE', #1443, #565, #1140 ) ;
#1916 = LINE ( 'NONE', #872, #262 ) ;
#1917 = DIRECTION ( 'NONE',  ( -0.000000000000000000, -1.000000000000000000, -0.000000000000000000 ) ) ;
#1918 = ORIENTED_EDGE ( 'NONE', *, *, #1005, .T. ) ;
#1919 = DIRECTION ( 'NONE',  ( 0.000000000000000000, 1.000000000000000000, 0.000000000000000000 ) ) ;
#1920 = DIRECTION ( 'NONE',  ( 0.000000000000000000, 1.000000000000000000, 0.000000000000000000 ) ) ;
#1921 = DIRECTION ( 'NONE',  ( 0.000000000000000000, 0.000000000000000000, 1.000000000000000000 ) ) ;
#1922 = EDGE_CURVE ( 'NONE', #1684, #838, #577, .T. ) ;
#1923 = CARTESIAN_POINT ( 'NONE',  ( 49.35599383943065988, -15.59999999999999964, -47.10599383943047513 ) ) ;
ENDSEC;
END-ISO-10303-21;
