ISO-10303-21;
HEADER;
FILE_DESCRIPTION (( 'STEP AP214' ),
    '1' );
FILE_NAME ('button-shaft_1V4.STEP',
    '2026-10-09T02:14:49',
    ( '' ),
    ( '' ),
    'SwSTEP 2.0',
    'SolidWorks 2023',
    '' );
FILE_SCHEMA (( 'AUTOMOTIVE_DESIGN' ));
ENDSEC;

DATA;
#1 = VERTEX_POINT ( 'NONE', #1097 ) ;
#2 = EDGE_CURVE ( 'NONE', #97, #1214, #885, .T. ) ;
#3 = ORIENTED_EDGE ( 'NONE', *, *, #73, .T. ) ;
#4 = FACE_OUTER_BOUND ( 'NONE', #1061, .T. ) ;
#5 = CARTESIAN_POINT ( 'NONE',  ( 2.676562237446669990, -6.850000000000004086, -61.98643312522600013 ) ) ;
#6 = AXIS2_PLACEMENT_3D ( 'NONE', #223, #654, #1225 ) ;
#7 = TOROIDAL_SURFACE ( 'NONE', #1084, 1.749999999999996003, 0.5000000000000000000 ) ;
#8 = ORIENTED_EDGE ( 'NONE', *, *, #997, .T. ) ;
#9 = DIRECTION ( 'NONE',  ( -0.000000000000000000, 0.000000000000000000, 1.000000000000000000 ) ) ;
#10 = CARTESIAN_POINT ( 'NONE',  ( 2.250000000000000444, -4.350000000000011191, -53.32556061586002727 ) ) ;
#11 = CARTESIAN_POINT ( 'NONE',  ( 2.500000000000006217, -3.850000000000010747, -64.23125476628096919 ) ) ;
#12 = EDGE_CURVE ( 'NONE', #414, #1338, #348, .T. ) ;
#13 = FACE_OUTER_BOUND ( 'NONE', #992, .T. ) ;
#14 = FACE_OUTER_BOUND ( 'NONE', #640, .T. ) ;
#15 = CARTESIAN_POINT ( 'NONE',  ( -3.740139617970214658, -5.777054374469183351, -61.91255556460018994 ) ) ;
#16 = VERTEX_POINT ( 'NONE', #437 ) ;
#17 = CARTESIAN_POINT ( 'NONE',  ( 1.749999999999999778, -3.350000000000010747, -62.97125476628097118 ) ) ;
#18 = ADVANCED_FACE ( 'NONE', ( #314 ), #759, .T. ) ;
#19 = CARTESIAN_POINT ( 'NONE',  ( 3.128640901285178355, -4.516468846147636107, -62.02892782108885683 ) ) ;
#20 = AXIS2_PLACEMENT_3D ( 'NONE', #288, #843, #948 ) ;
#21 = CARTESIAN_POINT ( 'NONE',  ( -2.500000000000006217, -7.350000000000002309, -63.73125476628096919 ) ) ;
#22 = CARTESIAN_POINT ( 'NONE',  ( -3.986692640526644738, -4.785562035755266841, -61.44411569952880114 ) ) ;
#23 = ORIENTED_EDGE ( 'NONE', *, *, #855, .T. ) ;
#24 = DIRECTION ( 'NONE',  ( -0.000000000000000000, -0.000000000000000000, -1.000000000000000000 ) ) ;
#25 = DIRECTION ( 'NONE',  ( 0.000000000000000000, -1.000000000000000000, 0.000000000000000000 ) ) ;
#26 = CARTESIAN_POINT ( 'NONE',  ( -2.500000000000006217, -5.600000000000006750, -53.71935674546664785 ) ) ;
#27 = AXIS2_PLACEMENT_3D ( 'NONE', #1446, #691, #147 ) ;
#28 = CARTESIAN_POINT ( 'NONE',  ( 2.500000000000006217, -5.600000000000006750, -80.79991587212563786 ) ) ;
#29 = ORIENTED_EDGE ( 'NONE', *, *, #39, .F. ) ;
#30 = LINE ( 'NONE', #1360, #862 ) ;
#31 = VERTEX_POINT ( 'NONE', #1086 ) ;
#32 = PLANE ( 'NONE',  #519 ) ;
#33 = ADVANCED_BREP_SHAPE_REPRESENTATION ( 'button-shaft_1V4', ( #670, #635 ), #1010 ) ;
#34 = CARTESIAN_POINT ( 'NONE',  ( -1.749999999999999778, -6.850000000000003197, -63.47125476628097118 ) ) ;
#35 = FACE_OUTER_BOUND ( 'NONE', #209, .T. ) ;
#36 = AXIS2_PLACEMENT_3D ( 'NONE', #425, #856, #1436 ) ;
#37 = DIRECTION ( 'NONE',  ( 0.000000000000000000, 0.000000000000000000, 1.000000000000000000 ) ) ;
#38 = ORIENTED_EDGE ( 'NONE', *, *, #884, .F. ) ;
#39 = EDGE_CURVE ( 'NONE', #1289, #230, #942, .T. ) ;
#40 = CARTESIAN_POINT ( 'NONE',  ( -2.250000000000000444, -3.980960583949463949, -61.64009413237220514 ) ) ;
#41 = ORIENTED_EDGE ( 'NONE', *, *, #73, .F. ) ;
#42 = DIRECTION ( 'NONE',  ( -0.000000000000000000, -0.000000000000000000, -1.000000000000000000 ) ) ;
#43 = CARTESIAN_POINT ( 'NONE',  ( 1.350000000000000089, -5.599999999999999645, -72.18153925371828450 ) ) ;
#44 = DIRECTION ( 'NONE',  ( -0.000000000000000000, 1.000000000000000000, -0.000000000000000000 ) ) ;
#45 = ORIENTED_EDGE ( 'NONE', *, *, #360, .T. ) ;
#46 = ORIENTED_EDGE ( 'NONE', *, *, #413, .T. ) ;
#47 = ADVANCED_FACE ( 'NONE', ( #979 ), #179, .T. ) ;
#48 = DIRECTION ( 'NONE',  ( -1.000000000000000000, -0.000000000000000000, -0.000000000000000000 ) ) ;
#49 = ORIENTED_EDGE ( 'NONE', *, *, #811, .F. ) ;
#50 = FACE_OUTER_BOUND ( 'NONE', #68, .T. ) ;
#51 = DIRECTION ( 'NONE',  ( 0.000000000000000000, 0.000000000000000000, 1.000000000000000000 ) ) ;
#52 = ADVANCED_FACE ( 'NONE', ( #1424 ), #499, .F. ) ;
#53 = CARTESIAN_POINT ( 'NONE',  ( 3.946221183957499878, -6.502362036842142423, -61.45002231575087137 ) ) ;
#54 = CARTESIAN_POINT ( 'NONE',  ( -3.570958101505104398, -6.936924291283179222, -61.50118062982066647 ) ) ;
#55 = CIRCLE ( 'NONE', #1409, 0.5000000000000004441 ) ;
#56 = AXIS2_PLACEMENT_3D ( 'NONE', #803, #790, #267 ) ;
#57 = DIRECTION ( 'NONE',  ( 1.000000000000000000, 0.000000000000000000, 0.000000000000000000 ) ) ;
#58 = EDGE_LOOP ( 'NONE', ( #512, #1420, #362, #1411 ) ) ;
#59 = ORIENTED_EDGE ( 'NONE', *, *, #738, .T. ) ;
#60 = CARTESIAN_POINT ( 'NONE',  ( -2.250000000000000444, -3.350000000000010747, -62.97125476628097118 ) ) ;
#61 = CARTESIAN_POINT ( 'NONE',  ( -3.591085995795789465, -4.968546128087324654, -61.94346956665266646 ) ) ;
#62 = EDGE_CURVE ( 'NONE', #211, #1214, #533, .T. ) ;
#63 = PLANE ( 'NONE',  #470 ) ;
#64 = CIRCLE ( 'NONE', #1017, 2.249999999999996003 ) ;
#65 = LINE ( 'NONE', #502, #692 ) ;
#66 = TOROIDAL_SURFACE ( 'NONE', #458, 1.749999999999996003, 0.5000000000000000000 ) ;
#67 = LINE ( 'NONE', #503, #763 ) ;
#68 = EDGE_LOOP ( 'NONE', ( #149, #311, #1106, #59 ) ) ;
#69 = ORIENTED_EDGE ( 'NONE', *, *, #445, .T. ) ;
#70 = DIRECTION ( 'NONE',  ( 0.000000000000000000, 0.000000000000000000, -1.000000000000000000 ) ) ;
#71 = CARTESIAN_POINT ( 'NONE',  ( 3.709646820523357924, -5.925599903686315173, -61.91898133560885498 ) ) ;
#72 = CARTESIAN_POINT ( 'NONE',  ( -3.065909599454754275, -6.718746273809603764, -61.56278458566496425 ) ) ;
#73 = EDGE_CURVE ( 'NONE', #1075, #1435, #1163, .T. ) ;
#74 = CARTESIAN_POINT ( 'NONE',  ( 4.080600077180135621, -6.183356986419179968, -61.43031431542176790 ) ) ;
#75 = ORIENTED_EDGE ( 'NONE', *, *, #278, .F. ) ;
#76 = ORIENTED_EDGE ( 'NONE', *, *, #460, .F. ) ;
#77 = CARTESIAN_POINT ( 'NONE',  ( 2.250000000000000444, -3.350000000000010747, -62.97125476628097118 ) ) ;
#78 = CARTESIAN_POINT ( 'NONE',  ( -4.173860902541472129, -5.730919838283544010, -61.41628270007626611 ) ) ;
#79 = CARTESIAN_POINT ( 'NONE',  ( 3.276056926739873365, -6.584665974794543075, -61.53930009207530816 ) ) ;
#80 = ADVANCED_FACE ( 'NONE', ( #1228 ), #1362, .F. ) ;
#81 = AXIS2_PLACEMENT_3D ( 'NONE', #677, #1323, #335 ) ;
#82 = VECTOR ( 'NONE', #553, 1000.000000000000000 ) ;
#83 = EDGE_LOOP ( 'NONE', ( #976, #107 ) ) ;
#84 = ORIENTED_EDGE ( 'NONE', *, *, #664, .T. ) ;
#85 = CARTESIAN_POINT ( 'NONE',  ( 3.259798567456321017, -4.604096065662975690, -62.00623780507259397 ) ) ;
#86 = DIRECTION ( 'NONE',  ( -0.000000000000000000, -1.000000000000000000, 0.000000000000000000 ) ) ;
#87 = CARTESIAN_POINT ( 'NONE',  ( 4.114640201676960096, -6.073718565814049342, -61.42521675021303196 ) ) ;
#88 = EDGE_CURVE ( 'NONE', #220, #826, #1038, .T. ) ;
#89 =( LENGTH_UNIT ( ) NAMED_UNIT ( * ) SI_UNIT ( .MILLI., .METRE. ) );
#90 = ORIENTED_EDGE ( 'NONE', *, *, #814, .T. ) ;
#91 = VECTOR ( 'NONE', #507, 1000.000000000000000 ) ;
#92 = LINE ( 'NONE', #416, #973 ) ;
#93 = CARTESIAN_POINT ( 'NONE',  ( -3.260132221161272881, -4.604347152479371097, -62.00617864372875232 ) ) ;
#94 = CARTESIAN_POINT ( 'NONE',  ( 3.882937976096499266, -6.590874411867050142, -61.45899262901320981 ) ) ;
#95 = DIRECTION ( 'NONE',  ( -1.000000000000000000, 0.000000000000000000, -0.000000000000000000 ) ) ;
#96 = LINE ( 'NONE', #535, #341 ) ;
#97 = VERTEX_POINT ( 'NONE', #364 ) ;
#98 = DIRECTION ( 'NONE',  ( 0.000000000000000000, 1.000000000000000000, -0.000000000000000000 ) ) ;
#99 = CARTESIAN_POINT ( 'NONE',  ( 0.000000000000000000, -6.850000000000003197, -33.91875476628099051 ) ) ;
#100 = CARTESIAN_POINT ( 'NONE',  ( -4.153134510275986457, -5.273607917718518223, -61.41942493128833291 ) ) ;
#101 = CARTESIAN_POINT ( 'NONE',  ( -3.128640901285178355, -4.516468846147636107, -62.02892782108885683 ) ) ;
#102 = VECTOR ( 'NONE', #1373, 1000.000000000000000 ) ;
#103 = ORIENTED_EDGE ( 'NONE', *, *, #1096, .T. ) ;
#104 = AXIS2_PLACEMENT_3D ( 'NONE', #1165, #1374, #174 ) ;
#105 = ORIENTED_EDGE ( 'NONE', *, *, #855, .F. ) ;
#106 = DIRECTION ( 'NONE',  ( 0.000000000000000000, 0.000000000000000000, -1.000000000000000000 ) ) ;
#107 = ORIENTED_EDGE ( 'NONE', *, *, #538, .F. ) ;
#108 = CARTESIAN_POINT ( 'NONE',  ( 2.500000000000006217, -4.350000000000011191, -63.73125476628096919 ) ) ;
#109 = ADVANCED_FACE ( 'NONE', ( #773 ), #205, .F. ) ;
#110 = ORIENTED_EDGE ( 'NONE', *, *, #938, .F. ) ;
#111 = LINE ( 'NONE', #10, #500 ) ;
#112 = AXIS2_PLACEMENT_3D ( 'NONE', #1315, #1216, #208 ) ;
#113 = DIRECTION ( 'NONE',  ( 0.000000000000000000, 0.000000000000000000, -1.000000000000000000 ) ) ;
#114 = DIRECTION ( 'NONE',  ( -1.000000000000000000, 0.000000000000000000, -0.000000000000000000 ) ) ;
#115 = CARTESIAN_POINT ( 'NONE',  ( -3.086037592533567686, -4.491651551331883319, -61.56060069308075100 ) ) ;
#116 = EDGE_CURVE ( 'NONE', #969, #1054, #64, .T. ) ;
#117 = ORIENTED_EDGE ( 'NONE', *, *, #572, .F. ) ;
#118 = CARTESIAN_POINT ( 'NONE',  ( 0.000000000000000000, -3.850000000000010747, -33.91875476628099051 ) ) ;
#119 = CARTESIAN_POINT ( 'NONE',  ( -3.962717075792059340, -4.726934657675472273, -61.44763844398259778 ) ) ;
#120 = CARTESIAN_POINT ( 'NONE',  ( -3.310825070651743030, -6.554945920794041037, -61.99704446508579991 ) ) ;
#121 = EDGE_CURVE ( 'NONE', #970, #268, #131, .T. ) ;
#122 = CIRCLE ( 'NONE', #319, 0.5000000000000004441 ) ;
#123 = VERTEX_POINT ( 'NONE', #34 ) ;
#124 = DIRECTION ( 'NONE',  ( -0.000000000000000000, -0.000000000000000000, -1.000000000000000000 ) ) ;
#125 = DIRECTION ( 'NONE',  ( 0.000000000000000000, 1.000000000000000000, -0.000000000000000000 ) ) ;
#126 = VECTOR ( 'NONE', #832, 1000.000000000000000 ) ;
#127 = CIRCLE ( 'NONE', #1193, 2.249999999999996447 ) ;
#128 = CARTESIAN_POINT ( 'NONE',  ( 3.658965712514919311, -6.850000000000003197, -61.48952055478675049 ) ) ;
#129 = ORIENTED_EDGE ( 'NONE', *, *, #657, .F. ) ;
#130 = CARTESIAN_POINT ( 'NONE',  ( -2.250000000000000000, -4.350000000000011191, -53.32556061586002727 ) ) ;
#131 = LINE ( 'NONE', #357, #527 ) ;
#132 = CIRCLE ( 'NONE', #749, 27.81249999999998224 ) ;
#133 = CARTESIAN_POINT ( 'NONE',  ( -2.500000000000006217, -4.350000000000011191, -62.12066350044292307 ) ) ;
#134 = ORIENTED_EDGE ( 'NONE', *, *, #604, .F. ) ;
#135 = CARTESIAN_POINT ( 'NONE',  ( -2.664879341737867335, -6.850000000000004086, -62.10020113736239722 ) ) ;
#136 = LINE ( 'NONE', #576, #569 ) ;
#137 = EDGE_CURVE ( 'NONE', #1328, #1075, #1359, .T. ) ;
#138 = CARTESIAN_POINT ( 'NONE',  ( -5.445804195804195835, -3.350000000000010747, -61.19288853641126025 ) ) ;
#139 = DIRECTION ( 'NONE',  ( 1.000000000000000000, 0.000000000000000000, -0.000000000000000000 ) ) ;
#140 = ORIENTED_EDGE ( 'NONE', *, *, #824, .T. ) ;
#141 = DIRECTION ( 'NONE',  ( 0.000000000000000000, 0.000000000000000000, -1.000000000000000000 ) ) ;
#142 = ORIENTED_EDGE ( 'NONE', *, *, #263, .T. ) ;
#143 = FACE_BOUND ( 'NONE', #849, .T. ) ;
#144 = DIRECTION ( 'NONE',  ( 0.000000000000000000, -1.000000000000000000, 0.000000000000000000 ) ) ;
#145 = ADVANCED_FACE ( 'NONE', ( #378 ), #583, .F. ) ;
#146 = FACE_OUTER_BOUND ( 'NONE', #928, .T. ) ;
#147 = DIRECTION ( 'NONE',  ( 0.000000000000000000, 0.000000000000000000, -1.000000000000000000 ) ) ;
#148 = DIRECTION ( 'NONE',  ( 0.000000000000000000, 0.000000000000000000, 1.000000000000000000 ) ) ;
#149 = ORIENTED_EDGE ( 'NONE', *, *, #638, .F. ) ;
#150 = CARTESIAN_POINT ( 'NONE',  ( -2.500000000000006217, -3.350000000000010747, -53.71935674546664785 ) ) ;
#151 = CARTESIAN_POINT ( 'NONE',  ( 2.250000000000000888, -4.111393807284870583, -61.69441948279698806 ) ) ;
#152 = DIRECTION ( 'NONE',  ( -1.000000000000000000, 0.000000000000000000, 0.000000000000000000 ) ) ;
#153 = VERTEX_POINT ( 'NONE', #559 ) ;
#154 = CIRCLE ( 'NONE', #1442, 28.31249999999998224 ) ;
#155 = EDGE_CURVE ( 'NONE', #1429, #342, #1198, .T. ) ;
#156 = LINE ( 'NONE', #1280, #126 ) ;
#157 = EDGE_CURVE ( 'NONE', #1394, #123, #136, .T. ) ;
#158 = DIRECTION ( 'NONE',  ( 0.000000000000000000, -0.000000000000000000, 1.000000000000000000 ) ) ;
#159 = EDGE_LOOP ( 'NONE', ( #441, #1133, #1365, #76 ) ) ;
#160 = DIRECTION ( 'NONE',  ( 0.000000000000000000, -0.000000000000000000, 1.000000000000000000 ) ) ;
#161 = CARTESIAN_POINT ( 'NONE',  ( -2.500000000000006661, -6.850000000000003197, -62.12066350044292307 ) ) ;
#162 = CARTESIAN_POINT ( 'NONE',  ( 3.034914709840825342, -6.732745459774281294, -62.04443728343312614 ) ) ;
#163 = FACE_OUTER_BOUND ( 'NONE', #709, .T. ) ;
#164 = EDGE_CURVE ( 'NONE', #376, #1142, #917, .T. ) ;
#165 = CARTESIAN_POINT ( 'NONE',  ( -2.500000000000006217, -3.850000000000010747, -62.12066350044292307 ) ) ;
#166 = ORIENTED_EDGE ( 'NONE', *, *, #1122, .F. ) ;
#167 = CARTESIAN_POINT ( 'NONE',  ( 0.000000000000000000, -7.350000000000002309, -64.73125476628096919 ) ) ;
#168 = CARTESIAN_POINT ( 'NONE',  ( -5.249999999999999112, -3.350000000000010747, -60.21224552445151801 ) ) ;
#169 = DIRECTION ( 'NONE',  ( 0.000000000000000000, -0.000000000000000000, 1.000000000000000000 ) ) ;
#170 = CARTESIAN_POINT ( 'NONE',  ( 2.500000000000006217, -5.600000000000006750, -64.73125476628096919 ) ) ;
#171 = CARTESIAN_POINT ( 'NONE',  ( 2.805686894617029026, -6.823126982873294999, -62.08027177727330326 ) ) ;
#172 = ORIENTED_EDGE ( 'NONE', *, *, #650, .F. ) ;
#173 = AXIS2_PLACEMENT_3D ( 'NONE', #1237, #688, #674 ) ;
#174 = DIRECTION ( 'NONE',  ( 1.000000000000000000, 0.000000000000000000, 0.000000000000000000 ) ) ;
#175 = VERTEX_POINT ( 'NONE', #469 ) ;
#176 = DIRECTION ( 'NONE',  ( -0.000000000000000000, -1.000000000000000000, -0.000000000000000000 ) ) ;
#177 = CARTESIAN_POINT ( 'NONE',  ( -3.124590306685272267, -4.514176563515825080, -62.02960750752563968 ) ) ;
#178 = CARTESIAN_POINT ( 'NONE',  ( 3.595683523618103727, -4.976381898383102076, -61.94253972276806763 ) ) ;
#179 = TOROIDAL_SURFACE ( 'NONE', #911, 1.749999999999996003, 0.5000000000000000000 ) ;
#180 = CIRCLE ( 'NONE', #1243, 0.5000000000000004441 ) ;
#181 = ORIENTED_EDGE ( 'NONE', *, *, #12, .F. ) ;
#182 = ORIENTED_EDGE ( 'NONE', *, *, #318, .F. ) ;
#183 = CARTESIAN_POINT ( 'NONE',  ( 2.250000000000000000, -4.296250167845784063, -61.88015945158100806 ) ) ;
#184 = LINE ( 'NONE', #741, #605 ) ;
#185 = DIRECTION ( 'NONE',  ( 0.000000000000000000, 0.000000000000000000, -1.000000000000000000 ) ) ;
#186 = PLANE ( 'NONE',  #1275 ) ;
#187 = CARTESIAN_POINT ( 'NONE',  ( 3.706150899901357043, -5.938370403914306372, -61.91971494294990919 ) ) ;
#188 = EDGE_LOOP ( 'NONE', ( #753, #945, #321, #808 ) ) ;
#189 = VERTEX_POINT ( 'NONE', #1371 ) ;
#190 = CARTESIAN_POINT ( 'NONE',  ( -3.716742745164594020, -5.270242915671957462, -61.91762355863613720 ) ) ;
#191 = EDGE_LOOP ( 'NONE', ( #370, #1403, #555, #280, #355 ) ) ;
#192 = B_SPLINE_CURVE_WITH_KNOTS ( 'NONE', 3,
 ( #993, #1326, #331, #1444, #748, #574, #643, #449, #22, #221, #100, #338, #1200, #1003, #443, #540, #1449, #878 ),
 .UNSPECIFIED., .F., .F.,
 ( 4, 2, 2, 2, 2, 2, 2, 2, 4 ),
 ( 0.000000000000000000, 0.0005129175261074337636, 0.001025835052214867527, 0.001538752578322301074, 0.002051670104429735055, 0.002564587630537169035, 0.003077505156644602148, 0.003590422682752036129, 0.004103340208859470976 ),
 .UNSPECIFIED. ) ;
#193 = CARTESIAN_POINT ( 'NONE',  ( 3.329317298947532144, -4.661145151012910937, -61.99367349439436481 ) ) ;
#194 = CARTESIAN_POINT ( 'NONE',  ( -2.828829098472563253, -4.382855552515962927, -62.07687446220068495 ) ) ;
#195 = ORIENTED_EDGE ( 'NONE', *, *, #1299, .F. ) ;
#196 = ADVANCED_FACE ( 'NONE', ( #907 ), #1218, .T. ) ;
#197 = CIRCLE ( 'NONE', #27, 0.5000000000000004441 ) ;
#198 = AXIS2_PLACEMENT_3D ( 'NONE', #1107, #981, #1234 ) ;
#199 = ORIENTED_EDGE ( 'NONE', *, *, #510, .F. ) ;
#200 = ORIENTED_EDGE ( 'NONE', *, *, #1401, .F. ) ;
#201 = CARTESIAN_POINT ( 'NONE',  ( 3.658965712514919311, -6.850000000000003197, -61.48952055478675049 ) ) ;
#202 = CARTESIAN_POINT ( 'NONE',  ( -2.593557743545738425, -6.857718950976041228, -61.61051307418302514 ) ) ;
#203 = CARTESIAN_POINT ( 'NONE',  ( -2.500000000000006217, -5.600000000000006750, -63.73125476628096919 ) ) ;
#204 = DIRECTION ( 'NONE',  ( 0.000000000000000000, -1.000000000000000000, 0.000000000000000000 ) ) ;
#205 = TOROIDAL_SURFACE ( 'NONE', #616, 28.31249999999998224, 0.5000000000000000000 ) ;
#206 = EDGE_LOOP ( 'NONE', ( #456, #182, #586, #1166 ) ) ;
#207 = DIRECTION ( 'NONE',  ( -0.000000000000000000, -0.000000000000000000, -1.000000000000000000 ) ) ;
#208 = DIRECTION ( 'NONE',  ( -1.000000000000000000, 0.000000000000000000, 0.000000000000000000 ) ) ;
#209 = EDGE_LOOP ( 'NONE', ( #475, #415, #975, #406, #172 ) ) ;
#210 = EDGE_CURVE ( 'NONE', #624, #328, #132, .T. ) ;
#211 = VERTEX_POINT ( 'NONE', #668 ) ;
#212 = CARTESIAN_POINT ( 'NONE',  ( -2.500000000000006217, -3.850000000000010747, -64.23125476628096919 ) ) ;
#213 = CARTESIAN_POINT ( 'NONE',  ( 4.112657373745882694, -5.102802383547425435, -61.42557689215279737 ) ) ;
#214 = CIRCLE ( 'NONE', #800, 1.350000000000000089 ) ;
#215 = VECTOR ( 'NONE', #1336, 1000.000000000000000 ) ;
#216 = ORIENTED_EDGE ( 'NONE', *, *, #671, .T. ) ;
#217 = CARTESIAN_POINT ( 'NONE',  ( 2.250000000000000444, -3.350000000000010747, -60.63668238520381237 ) ) ;
#218 = VECTOR ( 'NONE', #207, 1000.000000000000000 ) ;
#219 = DIRECTION ( 'NONE',  ( 0.000000000000000000, 0.000000000000000000, 1.000000000000000000 ) ) ;
#220 = VERTEX_POINT ( 'NONE', #566 ) ;
#221 = CARTESIAN_POINT ( 'NONE',  ( -4.112715851817043244, -5.102998974455766223, -61.42556812293514668 ) ) ;
#222 = EDGE_LOOP ( 'NONE', ( #1000, #49, #1334, #858, #1105, #1395, #334 ) ) ;
#223 = CARTESIAN_POINT ( 'NONE',  ( 2.500000000000006217, -5.600000000000006750, -64.73125476628096919 ) ) ;
#224 = CARTESIAN_POINT ( 'NONE',  ( -3.674375685464029040, -6.037285461604626313, -61.49054962192299456 ) ) ;
#225 = VERTEX_POINT ( 'NONE', #1014 ) ;
#226 = DIRECTION ( 'NONE',  ( 0.000000000000000000, -1.000000000000000000, 0.000000000000000000 ) ) ;
#227 = AXIS2_PLACEMENT_3D ( 'NONE', #170, #898, #1353 ) ;
#228 = CARTESIAN_POINT ( 'NONE',  ( -2.500000000000006217, -5.600000000000006750, -53.71935674546664785 ) ) ;
#229 = CARTESIAN_POINT ( 'NONE',  ( -2.476535622614785659, -6.849779749793510675, -62.12355626816651011 ) ) ;
#230 = VERTEX_POINT ( 'NONE', #11 ) ;
#231 = EDGE_CURVE ( 'NONE', #1181, #1109, #459, .T. ) ;
#232 = ORIENTED_EDGE ( 'NONE', *, *, #774, .T. ) ;
#233 = CARTESIAN_POINT ( 'NONE',  ( 2.500000000000006217, -3.850000000000010747, -62.12066350044292307 ) ) ;
#234 = DIRECTION ( 'NONE',  ( 1.000000000000000000, -0.000000000000000000, -0.000000000000000000 ) ) ;
#235 = DIRECTION ( 'NONE',  ( 0.000000000000000000, 0.000000000000000000, -1.000000000000000000 ) ) ;
#236 = ADVANCED_FACE ( 'NONE', ( #1069 ), #598, .F. ) ;
#237 = AXIS2_PLACEMENT_3D ( 'NONE', #1203, #124, #454 ) ;
#238 = ORIENTED_EDGE ( 'NONE', *, *, #577, .T. ) ;
#239 = DIRECTION ( 'NONE',  ( 0.000000000000000000, 0.000000000000000000, 1.000000000000000000 ) ) ;
#240 = VECTOR ( 'NONE', #486, 1000.000000000000000 ) ;
#241 = CARTESIAN_POINT ( 'NONE',  ( -2.615771238844764035, -4.344226839389292216, -61.60844008197047827 ) ) ;
#242 = DIRECTION ( 'NONE',  ( 0.000000000000000000, 0.000000000000000000, 1.000000000000000000 ) ) ;
#243 = DIRECTION ( 'NONE',  ( -0.000000000000000000, -1.000000000000000000, -0.000000000000000000 ) ) ;
#244 = DIRECTION ( 'NONE',  ( -0.000000000000000000, -1.000000000000000000, -0.000000000000000000 ) ) ;
#245 = ORIENTED_EDGE ( 'NONE', *, *, #738, .F. ) ;
#246 = FACE_OUTER_BOUND ( 'NONE', #1356, .T. ) ;
#247 = VECTOR ( 'NONE', #1136, 1000.000000000000000 ) ;
#248 = DIRECTION ( 'NONE',  ( 1.000000000000000000, 0.000000000000000000, -0.000000000000000000 ) ) ;
#249 = AXIS2_PLACEMENT_3D ( 'NONE', #924, #272, #696 ) ;
#250 = DIRECTION ( 'NONE',  ( 1.000000000000000000, 0.000000000000000000, 0.000000000000000000 ) ) ;
#251 = ORIENTED_EDGE ( 'NONE', *, *, #698, .T. ) ;
#252 = DIRECTION ( 'NONE',  ( 0.000000000000000000, 0.000000000000000000, 1.000000000000000000 ) ) ;
#253 = EDGE_LOOP ( 'NONE', ( #746, #1242, #84, #1264 ) ) ;
#254 = CARTESIAN_POINT ( 'NONE',  ( -3.498736737605210312, -6.369514180086655486, -61.96208938763735574 ) ) ;
#255 = CARTESIAN_POINT ( 'NONE',  ( 3.435605536104217261, -6.850000000000005862, -61.51916308388068444 ) ) ;
#256 = ADVANCED_FACE ( 'NONE', ( #625 ), #591, .T. ) ;
#257 = DIRECTION ( 'NONE',  ( 0.000000000000000000, 0.000000000000000000, -1.000000000000000000 ) ) ;
#258 = FACE_OUTER_BOUND ( 'NONE', #423, .T. ) ;
#259 = CARTESIAN_POINT ( 'NONE',  ( 2.250000000000000444, -4.350000000000011191, -62.97125476628097118 ) ) ;
#260 = EDGE_LOOP ( 'NONE', ( #407, #422, #542, #1162 ) ) ;
#261 = CARTESIAN_POINT ( 'NONE',  ( 0.000000000000000000, -3.350000000000010747, -33.91875476628099051 ) ) ;
#262 = CARTESIAN_POINT ( 'NONE',  ( -5.445804195804195835, -3.350000000000010747, -61.19288853641126025 ) ) ;
#263 = EDGE_CURVE ( 'NONE', #623, #733, #1276, .T. ) ;
#264 = FACE_OUTER_BOUND ( 'NONE', #888, .T. ) ;
#265 = VECTOR ( 'NONE', #42, 1000.000000000000000 ) ;
#266 = TOROIDAL_SURFACE ( 'NONE', #494, 1.749999999999996003, 0.5000000000000000000 ) ;
#267 = DIRECTION ( 'NONE',  ( 0.000000000000000000, 0.000000000000000000, -1.000000000000000000 ) ) ;
#268 = VERTEX_POINT ( 'NONE', #1268 ) ;
#269 = EDGE_CURVE ( 'NONE', #613, #750, #810, .T. ) ;
#270 = CARTESIAN_POINT ( 'NONE',  ( -2.673951048951049625, -3.350000000000010747, -47.31066089835618982 ) ) ;
#271 = DIRECTION ( 'NONE',  ( 0.000000000000000000, 0.000000000000000000, 1.000000000000000000 ) ) ;
#272 = DIRECTION ( 'NONE',  ( -0.000000000000000000, 1.000000000000000000, -0.000000000000000000 ) ) ;
#273 = CARTESIAN_POINT ( 'NONE',  ( -3.595683523618103727, -4.976381898383102076, -61.94253972276806763 ) ) ;
#274 = CARTESIAN_POINT ( 'NONE',  ( 3.056641291575885155, -4.477762160670206271, -62.04090454605402982 ) ) ;
#275 = EDGE_LOOP ( 'NONE', ( #166, #1327, #312, #453 ) ) ;
#276 = FACE_OUTER_BOUND ( 'NONE', #920, .T. ) ;
#277 = VECTOR ( 'NONE', #1159, 1000.000000000000000 ) ;
#278 = EDGE_CURVE ( 'NONE', #225, #1128, #1290, .T. ) ;
#279 = CARTESIAN_POINT ( 'NONE',  ( -5.347902097902099250, -3.350000000000010747, -60.70256703043138913 ) ) ;
#280 = ORIENTED_EDGE ( 'NONE', *, *, #88, .T. ) ;
#281 = CYLINDRICAL_SURFACE ( 'NONE', #340, 27.81249999999998224 ) ;
#282 = DIRECTION ( 'NONE',  ( 0.000000000000000000, 0.000000000000000000, 1.000000000000000000 ) ) ;
#283 = CARTESIAN_POINT ( 'NONE',  ( -3.497490098434488104, -4.829262007190176398, -61.96232109112866482 ) ) ;
#284 = CARTESIAN_POINT ( 'NONE',  ( 0.000000000000000000, -5.599999999999999645, -75.99991587212564070 ) ) ;
#285 = CARTESIAN_POINT ( 'NONE',  ( 2.755952394013149398, -6.835674710104404639, -61.59502068089064153 ) ) ;
#286 = CARTESIAN_POINT ( 'NONE',  ( -3.276056926739873365, -6.584665974794543075, -61.53930009207530816 ) ) ;
#287 = EDGE_CURVE ( 'NONE', #1214, #1142, #1148, .T. ) ;
#288 = CARTESIAN_POINT ( 'NONE',  ( -2.500000000000006217, -5.600000000000006750, -53.32556061586002727 ) ) ;
#289 = DIRECTION ( 'NONE',  ( 1.000000000000000000, -0.000000000000000000, -0.000000000000000000 ) ) ;
#290 = EDGE_LOOP ( 'NONE', ( #791, #90, #8, #872 ) ) ;
#291 = DIRECTION ( 'NONE',  ( 0.000000000000000000, -1.000000000000000000, 0.000000000000000000 ) ) ;
#292 = CARTESIAN_POINT ( 'NONE',  ( 3.741874633455915422, -5.764341481256376909, -61.91218683847466053 ) ) ;
#293 =( BOUNDED_SURFACE ( )  B_SPLINE_SURFACE ( 3, 2, ( 
 ( #573, #374, #381 ),
 ( #1346, #699, #797 ),
 ( #1138, #812, #1263 ),
 ( #274, #359, #1023 ),
 ( #19, #600, #1186 ),
 ( #420, #951, #732 ),
 ( #193, #495, #1171 ),
 ( #295, #722, #397 ),
 ( #178, #1180, #1292 ),
 ( #1051, #501, #1060 ),
 ( #1418, #737, #310 ),
 ( #620, #848, #632 ),
 ( #1087, #1152, #1300 ),
 ( #187, #626, #87 ),
 ( #1072, #303, #74 ),
 ( #822, #526, #53 ),
 ( #974, #1078, #1399 ),
 ( #712, #79, #509 ),
 ( #518, #958, #939 ),
 ( #1161, #1407, #410 ),
 ( #162, #842, #1271 ),
 ( #171, #285, #404 ),
 ( #966, #1426, #427 ),
 ( #1279, #857, #1308 ) ),
 .UNSPECIFIED., .F., .F., .F. ) 
 B_SPLINE_SURFACE_WITH_KNOTS ( ( 4, 2, 2, 2, 2, 2, 2, 2, 2, 2, 2, 4 ),
 ( 3, 3 ),
 ( 0.005662576950456956956, 0.006352797943362895050, 0.006697908439815863230, 0.007043018936268832277, 0.007733239929174769503, 0.008423460922080707597, 0.008768571418533675776, 0.009113681914986645691, 0.009803902907892583785, 0.01014901340434555196, 0.01049412390079852188, 0.01118434489370445997 ),
 ( 0.000000000000000000, 1.000000000000000000 ),
 .UNSPECIFIED. ) 
 GEOMETRIC_REPRESENTATION_ITEM ( )  RATIONAL_B_SPLINE_SURFACE ( (
 ( 1.000000000000000000, 0.7071067811865475727, 1.000000000000000000),
 ( 1.000000000000000000, 0.7111943358003554039, 1.000000000000000000),
 ( 1.000000000000000000, 0.7164700910028410918, 1.000000000000000000),
 ( 1.000000000000000000, 0.7250402156847645108, 1.000000000000000000),
 ( 1.000000000000000000, 0.7279677466068241731, 1.000000000000000000),
 ( 1.000000000000000000, 0.7338272233996601113, 1.000000000000000000),
 ( 1.000000000000000000, 0.7367745223762377504, 1.000000000000000000),
 ( 1.000000000000000000, 0.7450204352934346463, 1.000000000000000000),
 ( 1.000000000000000000, 0.7499202394609514322, 1.000000000000000000),
 ( 1.000000000000000000, 0.7565872030512343915, 1.000000000000000000),
 ( 1.000000000000000000, 0.7584036101984475975, 1.000000000000000000),
 ( 1.000000000000000000, 0.7582798834543004185, 1.000000000000000000),
 ( 1.000000000000000000, 0.7577707003815551401, 1.000000000000000000),
 ( 1.000000000000000000, 0.7558911160073934488, 1.000000000000000000),
 ( 1.000000000000000000, 0.7545297814045953677, 1.000000000000000000),
 ( 1.000000000000000000, 0.7492881017517895037, 1.000000000000000000),
 ( 1.000000000000000000, 0.7443406241675429857, 1.000000000000000000),
 ( 1.000000000000000000, 0.7359211916790099339, 1.000000000000000000),
 ( 1.000000000000000000, 0.7330164589026990640, 1.000000000000000000),
 ( 1.000000000000000000, 0.7271648771103491615, 1.000000000000000000),
 ( 1.000000000000000000, 0.7241859447777865277, 1.000000000000000000),
 ( 1.000000000000000000, 0.7156921819657589001, 1.000000000000000000),
 ( 1.000000000000000000, 0.7105434956138316771, 1.000000000000000000),
 ( 1.000000000000000000, 0.7065282203272471584, 1.000000000000000000) ) ) 
 REPRESENTATION_ITEM ( '' )  SURFACE ( )  );
#294 = CARTESIAN_POINT ( 'NONE',  ( -2.755952394013149398, -6.835674710104404639, -61.59502068089064153 ) ) ;
#295 = CARTESIAN_POINT ( 'NONE',  ( 3.502530957771630149, -4.835608661803456165, -61.96134035058827294 ) ) ;
#296 = CARTESIAN_POINT ( 'NONE',  ( 3.750000000000002220, -5.600000000000006750, -63.73125476628096919 ) ) ;
#297 = AXIS2_PLACEMENT_3D ( 'NONE', #578, #44, #479 ) ;
#298 = ORIENTED_EDGE ( 'NONE', *, *, #1209, .F. ) ;
#299 = ORIENTED_EDGE ( 'NONE', *, *, #309, .T. ) ;
#300 = LINE ( 'NONE', #394, #658 ) ;
#301 = DIRECTION ( 'NONE',  ( 0.000000000000000000, 0.000000000000000000, 1.000000000000000000 ) ) ;
#302 = ORIENTED_EDGE ( 'NONE', *, *, #164, .T. ) ;
#303 = CARTESIAN_POINT ( 'NONE',  ( 3.674375685463979302, -6.037285461604626313, -61.49054962192299456 ) ) ;
#304 = VECTOR ( 'NONE', #176, 1000.000000000000000 ) ;
#305 = DIRECTION ( 'NONE',  ( 0.000000000000000000, 0.000000000000000000, 1.000000000000000000 ) ) ;
#306 = ORIENTED_EDGE ( 'NONE', *, *, #556, .F. ) ;
#307 = VERTEX_POINT ( 'NONE', #1057 ) ;
#308 = CARTESIAN_POINT ( 'NONE',  ( 0.000000000000000000, -5.599999999999999645, -80.79991587212563786 ) ) ;
#309 = EDGE_CURVE ( 'NONE', #623, #726, #478, .T. ) ;
#310 = CARTESIAN_POINT ( 'NONE',  ( 4.176905387091433219, -5.385225676425316799, -61.41582046158296038 ) ) ;
#311 = ORIENTED_EDGE ( 'NONE', *, *, #1209, .T. ) ;
#312 = ORIENTED_EDGE ( 'NONE', *, *, #781, .T. ) ;
#313 = ORIENTED_EDGE ( 'NONE', *, *, #1358, .T. ) ;
#314 = FACE_OUTER_BOUND ( 'NONE', #191, .T. ) ;
#315 = CARTESIAN_POINT ( 'NONE',  ( -2.989650863038909367, -6.754081954881545613, -61.57094334002304947 ) ) ;
#316 = EDGE_CURVE ( 'NONE', #875, #1157, #386, .T. ) ;
#317 = CARTESIAN_POINT ( 'NONE',  ( 2.250000000000000000, -6.850000000000003197, -53.32556061586002727 ) ) ;
#318 = EDGE_CURVE ( 'NONE', #1181, #1187, #154, .T. ) ;
#319 = AXIS2_PLACEMENT_3D ( 'NONE', #1005, #1351, #906 ) ;
#320 = CIRCLE ( 'NONE', #1104, 28.31249999999998224 ) ;
#321 = ORIENTED_EDGE ( 'NONE', *, *, #413, .F. ) ;
#322 = DIRECTION ( 'NONE',  ( -0.000000000000000000, -1.000000000000000000, 0.000000000000000000 ) ) ;
#323 = DIRECTION ( 'NONE',  ( 0.000000000000000000, -1.000000000000000000, 0.000000000000000000 ) ) ;
#324 = CARTESIAN_POINT ( 'NONE',  ( 2.500000000000005773, -7.850000000000003197, -80.79991587212563786 ) ) ;
#325 = VECTOR ( 'NONE', #717, 1000.000000000000000 ) ;
#326 = EDGE_CURVE ( 'NONE', #624, #887, #1112, .T. ) ;
#327 = CIRCLE ( 'NONE', #1318, 26.81249999999998224 ) ;
#328 = VERTEX_POINT ( 'NONE', #491 ) ;
#329 = ORIENTED_EDGE ( 'NONE', *, *, #781, .F. ) ;
#330 = LINE ( 'NONE', #752, #411 ) ;
#331 = CARTESIAN_POINT ( 'NONE',  ( -2.796915577882409298, -3.875949256881811689, -61.59075379683600460 ) ) ;
#332 = CARTESIAN_POINT ( 'NONE',  ( -3.227692875595636224, -4.579214008320990459, -61.54484993008803428 ) ) ;
#333 = EDGE_CURVE ( 'NONE', #1429, #1146, #614, .T. ) ;
#334 = ORIENTED_EDGE ( 'NONE', *, *, #333, .T. ) ;
#335 = DIRECTION ( 'NONE',  ( 1.000000000000000000, 0.000000000000000000, 0.000000000000000000 ) ) ;
#336 = CARTESIAN_POINT ( 'NONE',  ( 0.000000000000000000, -3.850000000000010747, -33.91875476628099051 ) ) ;
#337 = ORIENTED_EDGE ( 'NONE', *, *, #62, .T. ) ;
#338 = CARTESIAN_POINT ( 'NONE',  ( -4.183093131245219531, -5.614687539299831442, -61.41488390549437781 ) ) ;
#339 = B_SPLINE_CURVE_WITH_KNOTS ( 'NONE', 3,
 ( #807, #1134, #1149, #1053, #40, #825 ),
 .UNSPECIFIED., .F., .F.,
 ( 4, 2, 4 ),
 ( 1.519171350579568489E-05, 0.0004067902605922908829, 0.0007983888076787860758 ),
 .UNSPECIFIED. ) ;
#340 = AXIS2_PLACEMENT_3D ( 'NONE', #570, #916, #1236 ) ;
#341 = VECTOR ( 'NONE', #1189, 1000.000000000000000 ) ;
#342 = VERTEX_POINT ( 'NONE', #828 ) ;
#343 = DIRECTION ( 'NONE',  ( -0.000000000000000000, -0.000000000000000000, -1.000000000000000000 ) ) ;
#344 = EDGE_CURVE ( 'NONE', #954, #328, #1387, .T. ) ;
#345 = CYLINDRICAL_SURFACE ( 'NONE', #1312, 2.249999999999996003 ) ;
#346 = ORIENTED_EDGE ( 'NONE', *, *, #1445, .F. ) ;
#347 = CARTESIAN_POINT ( 'NONE',  ( 1.350000000000000089, -5.599999999999999645, -80.79991587212563786 ) ) ;
#348 = CIRCLE ( 'NONE', #1316, 26.81249999999998224 ) ;
#349 = ORIENTED_EDGE ( 'NONE', *, *, #774, .F. ) ;
#350 = CARTESIAN_POINT ( 'NONE',  ( -3.658965712514921087, -6.850000000000003197, -61.48952055478675049 ) ) ;
#351 = CIRCLE ( 'NONE', #227, 2.249999999999996447 ) ;
#352 = CARTESIAN_POINT ( 'NONE',  ( 0.000000000000000000, -6.850000000000003197, -33.91875476628099051 ) ) ;
#353 = LINE ( 'NONE', #761, #880 ) ;
#354 = PLANE ( 'NONE',  #579 ) ;
#355 = ORIENTED_EDGE ( 'NONE', *, *, #1329, .T. ) ;
#356 = CARTESIAN_POINT ( 'NONE',  ( 2.500000000000006217, -4.350000000000011191, -62.12066350044292307 ) ) ;
#357 = CARTESIAN_POINT ( 'NONE',  ( 0.000000000000000000, -7.350000000000002309, -64.23125476628096919 ) ) ;
#358 = CARTESIAN_POINT ( 'NONE',  ( -2.500000000000006217, -4.350000000000011191, -62.12066350044292307 ) ) ;
#359 = CARTESIAN_POINT ( 'NONE',  ( 3.011899984179564616, -4.455601502297411365, -61.56858583883631297 ) ) ;
#360 = EDGE_CURVE ( 'NONE', #189, #220, #300, .T. ) ;
#361 = CARTESIAN_POINT ( 'NONE',  ( -4.080600077180135621, -6.183356986419179968, -61.43031431542176790 ) ) ;
#362 = ORIENTED_EDGE ( 'NONE', *, *, #1201, .T. ) ;
#363 =( NAMED_UNIT ( * ) PLANE_ANGLE_UNIT ( ) SI_UNIT ( $, .RADIAN. ) );
#364 = CARTESIAN_POINT ( 'NONE',  ( 2.250000000000000444, -6.850000000000002309, -60.63668238520381237 ) ) ;
#365 = AXIS2_PLACEMENT_3D ( 'NONE', #601, #1393, #686 ) ;
#366 = CYLINDRICAL_SURFACE ( 'NONE', #913, 0.5000000000000004441 ) ;
#367 = CARTESIAN_POINT ( 'NONE',  ( 5.445804195804188730, -6.850000000000003197, -61.19288853641126025 ) ) ;
#368 = EDGE_CURVE ( 'NONE', #211, #376, #548, .T. ) ;
#369 = DIRECTION ( 'NONE',  ( -0.000000000000000000, -0.000000000000000000, -1.000000000000000000 ) ) ;
#370 = ORIENTED_EDGE ( 'NONE', *, *, #1073, .F. ) ;
#371 = DIRECTION ( 'NONE',  ( 0.000000000000000000, 1.000000000000000000, -0.000000000000000000 ) ) ;
#372 = CARTESIAN_POINT ( 'NONE',  ( 2.500000000000006217, -5.600000000000006750, -63.73125476628096919 ) ) ;
#373 = CIRCLE ( 'NONE', #731, 1.350000000000000089 ) ;
#374 = CARTESIAN_POINT ( 'NONE',  ( 2.455849889624730498, -4.350000000000011191, -61.62261654708024139 ) ) ;
#375 = LINE ( 'NONE', #798, #584 ) ;
#376 = VERTEX_POINT ( 'NONE', #836 ) ;
#377 = SURFACE_STYLE_FILL_AREA ( #682 ) ;
#378 = FACE_OUTER_BOUND ( 'NONE', #83, .T. ) ;
#379 = ADVANCED_FACE ( 'NONE', ( #514 ), #1296, .T. ) ;
#380 = CARTESIAN_POINT ( 'NONE',  ( 2.664963317932335318, -6.850000000000004086, -62.10019071549047709 ) ) ;
#381 = CARTESIAN_POINT ( 'NONE',  ( 2.455849889624730054, -3.850000000000010747, -61.62261654708024139 ) ) ;
#382 = CARTESIAN_POINT ( 'NONE',  ( 4.250000000000001776, -5.600000000000006750, -64.73125476628096919 ) ) ;
#383 = CARTESIAN_POINT ( 'NONE',  ( 2.500000000000006217, -3.850000000000010747, -63.73125476628096919 ) ) ;
#384 = VERTEX_POINT ( 'NONE', #401 ) ;
#385 = CARTESIAN_POINT ( 'NONE',  ( 1.749999999999999778, -6.850000000000003197, -63.47125476628097118 ) ) ;
#386 = LINE ( 'NONE', #60, #704 ) ;
#387 =( BOUNDED_SURFACE ( )  B_SPLINE_SURFACE ( 3, 2, ( 
 ( #1015, #893, #358 ),
 ( #779, #241, #1428 ),
 ( #434, #823, #194 ),
 ( #714, #634, #1400 ),
 ( #1427, #115, #101 ),
 ( #995, #332, #554 ),
 ( #861, #444, #879 ),
 ( #769, #663, #1114 ),
 ( #119, #508, #273 ),
 ( #517, #1045, #543 ),
 ( #984, #852, #1324 ),
 ( #78, #963, #977 ),
 ( #1415, #417, #15 ),
 ( #895, #1348, #1337 ),
 ( #361, #224, #785 ),
 ( #999, #1447, #446 ),
 ( #660, #667, #1153 ),
 ( #54, #286, #120 ),
 ( #1307, #821, #525 ),
 ( #972, #72, #1270 ),
 ( #1425, #315, #1278 ),
 ( #742, #294, #1194 ),
 ( #840, #202, #720 ),
 ( #618, #1291, #229 ) ),
 .UNSPECIFIED., .F., .F., .F. ) 
 B_SPLINE_SURFACE_WITH_KNOTS ( ( 4, 2, 2, 2, 2, 2, 2, 2, 2, 2, 2, 4 ),
 ( 3, 3 ),
 ( 0.005662576950456956956, 0.006352797943362895050, 0.006697908439815863230, 0.007043018936268832277, 0.007733239929174769503, 0.008423460922080707597, 0.008768571418533675776, 0.009113681914986645691, 0.009803902907892583785, 0.01014901340434555196, 0.01049412390079852014, 0.01118434489370445824 ),
 ( 0.000000000000000000, 1.000000000000000000 ),
 .UNSPECIFIED. ) 
 GEOMETRIC_REPRESENTATION_ITEM ( )  RATIONAL_B_SPLINE_SURFACE ( (
 ( 1.000000000000000000, 0.7071067811865475727, 1.000000000000000000),
 ( 1.000000000000000000, 0.7111943358003554039, 1.000000000000000000),
 ( 1.000000000000000000, 0.7164700910028410918, 1.000000000000000000),
 ( 1.000000000000000000, 0.7250402156847645108, 1.000000000000000000),
 ( 1.000000000000000000, 0.7279677466068241731, 1.000000000000000000),
 ( 1.000000000000000000, 0.7338272233996601113, 1.000000000000000000),
 ( 1.000000000000000000, 0.7367745223762377504, 1.000000000000000000),
 ( 1.000000000000000000, 0.7450204352934346463, 1.000000000000000000),
 ( 1.000000000000000000, 0.7499202394609514322, 1.000000000000000000),
 ( 1.000000000000000000, 0.7565872030512343915, 1.000000000000000000),
 ( 1.000000000000000000, 0.7584036101984475975, 1.000000000000000000),
 ( 1.000000000000000000, 0.7582798834543004185, 1.000000000000000000),
 ( 1.000000000000000000, 0.7577707003815551401, 1.000000000000000000),
 ( 1.000000000000000000, 0.7558911160073934488, 1.000000000000000000),
 ( 1.000000000000000000, 0.7545297814045953677, 1.000000000000000000),
 ( 1.000000000000000000, 0.7492881017517895037, 1.000000000000000000),
 ( 1.000000000000000000, 0.7443406241675429857, 1.000000000000000000),
 ( 1.000000000000000000, 0.7359211916790099339, 1.000000000000000000),
 ( 1.000000000000000000, 0.7330164589026990640, 1.000000000000000000),
 ( 1.000000000000000000, 0.7271648771103491615, 1.000000000000000000),
 ( 1.000000000000000000, 0.7241859447777865277, 1.000000000000000000),
 ( 1.000000000000000000, 0.7156921819657589001, 1.000000000000000000),
 ( 1.000000000000000000, 0.7105434956138316771, 1.000000000000000000),
 ( 1.000000000000000000, 0.7065282203272471584, 1.000000000000000000) ) ) 
 REPRESENTATION_ITEM ( '' )  SURFACE ( )  );
#388 = EDGE_CURVE ( 'NONE', #887, #189, #92, .T. ) ;
#389 = CIRCLE ( 'NONE', #297, 27.81249999999998224 ) ;
#390 = DIRECTION ( 'NONE',  ( -1.000000000000000000, 0.000000000000000000, 0.000000000000000000 ) ) ;
#391 = CARTESIAN_POINT ( 'NONE',  ( 2.455849889624730054, -3.850000000000010747, -61.62261654708024139 ) ) ;
#392 = ORIENTED_EDGE ( 'NONE', *, *, #560, .F. ) ;
#393 = DIRECTION ( 'NONE',  ( 0.000000000000000000, 1.000000000000000000, 0.000000000000000000 ) ) ;
#394 = CARTESIAN_POINT ( 'NONE',  ( -2.500000000000006217, -6.850000000000003197, -63.73125476628096919 ) ) ;
#395 = CARTESIAN_POINT ( 'NONE',  ( -2.500000000000006217, -4.350000000000011191, -62.12066350044292307 ) ) ;
#396 = AXIS2_PLACEMENT_3D ( 'NONE', #655, #86, #113 ) ;
#397 = CARTESIAN_POINT ( 'NONE',  ( 3.834606594334776464, -4.529852125155284348, -61.46610704989628005 ) ) ;
#398 = DIRECTION ( 'NONE',  ( 0.000000000000000000, 1.000000000000000000, 0.000000000000000000 ) ) ;
#399 = ORIENTED_EDGE ( 'NONE', *, *, #1329, .F. ) ;
#400 = ORIENTED_EDGE ( 'NONE', *, *, #1390, .T. ) ;
#401 = CARTESIAN_POINT ( 'NONE',  ( -4.750000000000002665, -5.600000000000006750, -64.73125476628096919 ) ) ;
#402 = CARTESIAN_POINT ( 'NONE',  ( 3.716512601791186032, -5.269436197819032053, -61.91767218972815812 ) ) ;
#403 = DIRECTION ( 'NONE',  ( -0.000000000000000000, -0.000000000000000000, -1.000000000000000000 ) ) ;
#404 = CARTESIAN_POINT ( 'NONE',  ( 2.876253721765826388, -7.312377779354321206, -61.58293814409729805 ) ) ;
#405 = CYLINDRICAL_SURFACE ( 'NONE', #1331, 0.5000000000000004441 ) ;
#406 = ORIENTED_EDGE ( 'NONE', *, *, #925, .F. ) ;
#407 = ORIENTED_EDGE ( 'NONE', *, *, #679, .T. ) ;
#408 = DIRECTION ( 'NONE',  ( 1.000000000000000000, 0.000000000000000000, 0.000000000000000000 ) ) ;
#409 = CARTESIAN_POINT ( 'NONE',  ( 3.128527235474466650, -6.692747764924784626, -62.02958606492077820 ) ) ;
#410 = CARTESIAN_POINT ( 'NONE',  ( 3.293578524945832697, -7.132441432126650938, -61.53571644694088150 ) ) ;
#411 = VECTOR ( 'NONE', #234, 1000.000000000000000 ) ;
#412 = VECTOR ( 'NONE', #289, 1000.000000000000000 ) ;
#413 = EDGE_CURVE ( 'NONE', #31, #750, #373, .T. ) ;
#414 = VERTEX_POINT ( 'NONE', #959 ) ;
#415 = ORIENTED_EDGE ( 'NONE', *, *, #1253, .F. ) ;
#416 = CARTESIAN_POINT ( 'NONE',  ( -2.500000000000006661, -6.850000000000003197, -53.32556061586002727 ) ) ;
#417 = CARTESIAN_POINT ( 'NONE',  ( -3.739075220666210786, -5.786383026625556703, -61.48208563290099704 ) ) ;
#418 = FACE_OUTER_BOUND ( 'NONE', #1251, .T. ) ;
#419 = FACE_OUTER_BOUND ( 'NONE', #275, .T. ) ;
#420 = CARTESIAN_POINT ( 'NONE',  ( 3.264853262360460473, -4.607917024037888609, -62.00534076197437372 ) ) ;
#421 = AXIS2_PLACEMENT_3D ( 'NONE', #167, #1044, #505 ) ;
#422 = ORIENTED_EDGE ( 'NONE', *, *, #1262, .T. ) ;
#423 = EDGE_LOOP ( 'NONE', ( #827, #736, #694, #41 ) ) ;
#424 = CARTESIAN_POINT ( 'NONE',  ( 2.500000000000005773, -7.350000000000002309, -64.73125476628096919 ) ) ;
#425 = CARTESIAN_POINT ( 'NONE',  ( 2.500000000000006217, -5.600000000000006750, -63.73125476628096919 ) ) ;
#426 = ADVANCED_FACE ( 'NONE', ( #1063 ), #637, .F. ) ;
#427 = CARTESIAN_POINT ( 'NONE',  ( 2.651124272825171602, -7.354040556861981770, -61.60555430955513856 ) ) ;
#428 = ORIENTED_EDGE ( 'NONE', *, *, #925, .T. ) ;
#429 = CARTESIAN_POINT ( 'NONE',  ( 2.500000000000006217, -5.600000000000006750, -64.23125476628096919 ) ) ;
#430 = CARTESIAN_POINT ( 'NONE',  ( 4.045608479912160327, -6.287950950116982796, -61.43556709782374270 ) ) ;
#431 = DIRECTION ( 'NONE',  ( 1.000000000000000000, 0.000000000000000000, 0.000000000000000000 ) ) ;
#432 = ADVANCED_FACE ( 'NONE', ( #937 ), #926, .T. ) ;
#433 = CIRCLE ( 'NONE', #81, 2.249999999999996003 ) ;
#434 = CARTESIAN_POINT ( 'NONE',  ( -2.908080635045374507, -3.895997777431380982, -61.57960082620128617 ) ) ;
#435 = VECTOR ( 'NONE', #114, 1000.000000000000000 ) ;
#436 = ORIENTED_EDGE ( 'NONE', *, *, #344, .F. ) ;
#437 = CARTESIAN_POINT ( 'NONE',  ( 2.500000000000005773, -7.850000000000003197, -64.73125476628096919 ) ) ;
#438 = DIRECTION ( 'NONE',  ( 1.000000000000000000, 0.000000000000000000, 0.000000000000000000 ) ) ;
#439 = AXIS2_PLACEMENT_3D ( 'NONE', #17, #144, #675 ) ;
#440 = VECTOR ( 'NONE', #1207, 1000.000000000000000 ) ;
#441 = ORIENTED_EDGE ( 'NONE', *, *, #811, .T. ) ;
#442 = CARTESIAN_POINT ( 'NONE',  ( 2.500000000000006217, -5.600000000000006750, -64.73125476628096919 ) ) ;
#443 = CARTESIAN_POINT ( 'NONE',  ( -4.045473751160355569, -6.288268847721141697, -61.43558696285841592 ) ) ;
#444 = CARTESIAN_POINT ( 'NONE',  ( -3.295562436412140084, -4.631122278610879661, -61.53704160055679040 ) ) ;
#445 = EDGE_CURVE ( 'NONE', #1289, #1036, #351, .T. ) ;
#446 = CARTESIAN_POINT ( 'NONE',  ( -3.583688921359462931, -6.244544313222524679, -61.94496645058003992 ) ) ;
#447 = ORIENTED_EDGE ( 'NONE', *, *, #1108, .F. ) ;
#448 = DIRECTION ( 'NONE',  ( -0.000000000000000000, -0.000000000000000000, -1.000000000000000000 ) ) ;
#449 = CARTESIAN_POINT ( 'NONE',  ( -3.899198123304123520, -4.633996907219161798, -61.45678047339553274 ) ) ;
#450 = MECHANICAL_DESIGN_GEOMETRIC_PRESENTATION_REPRESENTATION (  '', ( #1281 ), #1210 ) ;
#451 = CIRCLE ( 'NONE', #1213, 0.5000000000000004441 ) ;
#452 = ADVANCED_FACE ( 'NONE', ( #264 ), #366, .T. ) ;
#453 = ORIENTED_EDGE ( 'NONE', *, *, #12, .T. ) ;
#454 = DIRECTION ( 'NONE',  ( -1.000000000000000000, 0.000000000000000000, 0.000000000000000000 ) ) ;
#455 = CARTESIAN_POINT ( 'NONE',  ( 2.455849889624730054, -3.850000000000010747, -61.62261654708024139 ) ) ;
#456 = ORIENTED_EDGE ( 'NONE', *, *, #1378, .F. ) ;
#457 = LINE ( 'NONE', #1440, #215 ) ;
#458 = AXIS2_PLACEMENT_3D ( 'NONE', #565, #537, #1222 ) ;
#459 = LINE ( 'NONE', #890, #325 ) ;
#460 = EDGE_CURVE ( 'NONE', #1167, #211, #327, .T. ) ;
#461 = FACE_OUTER_BOUND ( 'NONE', #844, .T. ) ;
#462 = DIRECTION ( 'NONE',  ( 1.000000000000000000, 0.000000000000000000, 0.000000000000000000 ) ) ;
#463 = EDGE_CURVE ( 'NONE', #230, #153, #1041, .T. ) ;
#464 = CARTESIAN_POINT ( 'NONE',  ( -2.500000000000006661, -7.350000000000002309, -63.73125476628096919 ) ) ;
#465 = CIRCLE ( 'NONE', #1191, 27.81249999999998224 ) ;
#466 = LINE ( 'NONE', #987, #218 ) ;
#467 = ORIENTED_EDGE ( 'NONE', *, *, #891, .F. ) ;
#468 = CARTESIAN_POINT ( 'NONE',  ( -3.709426564253512026, -5.926405041771794835, -61.91902757051392570 ) ) ;
#469 = CARTESIAN_POINT ( 'NONE',  ( -2.500000000000006217, -3.350000000000010747, -80.79991587212563786 ) ) ;
#470 = AXIS2_PLACEMENT_3D ( 'NONE', #831, #95, #754 ) ;
#471 = DIRECTION ( 'NONE',  ( -1.000000000000000000, 0.000000000000000000, 0.000000000000000000 ) ) ;
#472 = DIRECTION ( 'NONE',  ( 1.000000000000000000, 0.000000000000000000, 0.000000000000000000 ) ) ;
#473 = ADVANCED_FACE ( 'NONE', ( #419 ), #846, .F. ) ;
#474 = CARTESIAN_POINT ( 'NONE',  ( 2.500000000000006217, -4.350000000000011191, -53.32556061586002727 ) ) ;
#475 = ORIENTED_EDGE ( 'NONE', *, *, #326, .F. ) ;
#476 = PLANE ( 'NONE',  #962 ) ;
#477 = CARTESIAN_POINT ( 'NONE',  ( 3.279058172077303546, -4.054000106668944170, -61.53764328291468644 ) ) ;
#478 = CIRCLE ( 'NONE', #249, 27.81249999999998224 ) ;
#479 = DIRECTION ( 'NONE',  ( -6.927791673660976812E-14, 0.000000000000000000, -1.000000000000000000 ) ) ;
#480 = ORIENTED_EDGE ( 'NONE', *, *, #671, .F. ) ;
#481 = LINE ( 'NONE', #919, #102 ) ;
#482 = EDGE_CURVE ( 'NONE', #1338, #1157, #1298, .T. ) ;
#483 = CARTESIAN_POINT ( 'NONE',  ( 0.000000000000000000, -3.850000000000010747, -64.23125476628096919 ) ) ;
#484 = ORIENTED_EDGE ( 'NONE', *, *, #460, .T. ) ;
#485 = DIRECTION ( 'NONE',  ( -0.000000000000000000, -1.000000000000000000, -0.000000000000000000 ) ) ;
#486 = DIRECTION ( 'NONE',  ( 0.000000000000000000, -1.000000000000000000, 0.000000000000000000 ) ) ;
#487 = EDGE_LOOP ( 'NONE', ( #480, #834, #1174, #23 ) ) ;
#488 = CARTESIAN_POINT ( 'NONE',  ( 2.250000000000000444, -3.350000000000010747, -61.64009413237221935 ) ) ;
#489 = ORIENTED_EDGE ( 'NONE', *, *, #482, .T. ) ;
#490 = CARTESIAN_POINT ( 'NONE',  ( -3.685557489261718889, -6.004597690313029368, -61.92403780008685743 ) ) ;
#491 = CARTESIAN_POINT ( 'NONE',  ( -5.445804195804195835, -6.850000000000003197, -61.19288853641126025 ) ) ;
#492 = EDGE_CURVE ( 'NONE', #504, #1109, #946, .T. ) ;
#493 = VECTOR ( 'NONE', #24, 1000.000000000000000 ) ;
#494 = AXIS2_PLACEMENT_3D ( 'NONE', #1212, #651, #438 ) ;
#495 = CARTESIAN_POINT ( 'NONE',  ( 3.295562436412140084, -4.631122278610879661, -61.53704160055679040 ) ) ;
#496 = DIRECTION ( 'NONE',  ( -0.9960939067253669066, 0.000000000000000000, 0.08830022075055204978 ) ) ;
#497 = EDGE_LOOP ( 'NONE', ( #953, #786, #629, #1226 ) ) ;
#498 = CARTESIAN_POINT ( 'NONE',  ( 0.000000000000000000, -4.350000000000011191, -33.91875476628099051 ) ) ;
#499 = TOROIDAL_SURFACE ( 'NONE', #36, 1.749999999999996003, 0.5000000000000000000 ) ;
#500 = VECTOR ( 'NONE', #106, 1000.000000000000000 ) ;
#501 = CARTESIAN_POINT ( 'NONE',  ( 3.715851786205009777, -5.262925471296960644, -61.48521128067481101 ) ) ;
#502 = CARTESIAN_POINT ( 'NONE',  ( -2.500000000000006217, -3.350000000000010747, -80.79991587212563786 ) ) ;
#503 = CARTESIAN_POINT ( 'NONE',  ( 2.500000000000006217, -3.350000000000010747, -53.71935674546664785 ) ) ;
#504 = VERTEX_POINT ( 'NONE', #212 ) ;
#505 = DIRECTION ( 'NONE',  ( 0.000000000000000000, 0.000000000000000000, 1.000000000000000000 ) ) ;
#506 = CARTESIAN_POINT ( 'NONE',  ( 3.685815686468509877, -6.003847879112645280, -61.92398403470767221 ) ) ;
#507 = DIRECTION ( 'NONE',  ( 0.000000000000000000, 0.000000000000000000, -1.000000000000000000 ) ) ;
#508 = CARTESIAN_POINT ( 'NONE',  ( -3.580480481876304300, -4.947524672350382069, -61.50260007097800496 ) ) ;
#509 = CARTESIAN_POINT ( 'NONE',  ( 3.570958101505104398, -6.936924291283179222, -61.50118062982066647 ) ) ;
#510 = EDGE_CURVE ( 'NONE', #342, #659, #1339, .T. ) ;
#511 = APPLICATION_PROTOCOL_DEFINITION ( 'draft international standard', 'automotive_design', 1998, #764 ) ;
#512 = ORIENTED_EDGE ( 'NONE', *, *, #988, .T. ) ;
#513 = ORIENTED_EDGE ( 'NONE', *, *, #287, .F. ) ;
#514 = FACE_OUTER_BOUND ( 'NONE', #1417, .T. ) ;
#515 = DIRECTION ( 'NONE',  ( 0.000000000000000000, 0.000000000000000000, -1.000000000000000000 ) ) ;
#516 = ORIENTED_EDGE ( 'NONE', *, *, #116, .F. ) ;
#517 = CARTESIAN_POINT ( 'NONE',  ( -4.133011153441355390, -5.152394071312305535, -61.42258689870809718 ) ) ;
#518 = CARTESIAN_POINT ( 'NONE',  ( 3.246644872250204372, -6.605842044612456831, -62.00857301342016825 ) ) ;
#519 = AXIS2_PLACEMENT_3D ( 'NONE', #934, #795, #687 ) ;
#520 = ORIENTED_EDGE ( 'NONE', *, *, #1253, .T. ) ;
#521 = ADVANCED_FACE ( 'NONE', ( #1117 ), #619, .F. ) ;
#522 = VERTEX_POINT ( 'NONE', #356 ) ;
#523 = CARTESIAN_POINT ( 'NONE',  ( 2.500000000000005329, -7.350000000000002309, -63.73125476628096919 ) ) ;
#524 = DIRECTION ( 'NONE',  ( -1.000000000000000000, -0.000000000000000000, -0.000000000000000000 ) ) ;
#525 = CARTESIAN_POINT ( 'NONE',  ( -3.246644872250204372, -6.605842044612456831, -62.00857301342016825 ) ) ;
#526 = CARTESIAN_POINT ( 'NONE',  ( 3.567410278608570184, -6.274001857330072873, -61.50425256384687600 ) ) ;
#527 = VECTOR ( 'NONE', #788, 1000.000000000000000 ) ;
#528 = CIRCLE ( 'NONE', #1068, 1.350000000000000089 ) ;
#529 = ORIENTED_EDGE ( 'NONE', *, *, #155, .F. ) ;
#530 = ADVANCED_FACE ( 'NONE', ( #1343 ), #66, .F. ) ;
#531 = CARTESIAN_POINT ( 'NONE',  ( -2.826571345808043478, -4.382407809798587017, -62.07719670072629015 ) ) ;
#532 = DIRECTION ( 'NONE',  ( -0.000000000000000000, -1.000000000000000000, 0.000000000000000000 ) ) ;
#533 = LINE ( 'NONE', #1199, #644 ) ;
#534 = CARTESIAN_POINT ( 'NONE',  ( -2.250000000000000444, -4.350000000000011191, -62.14170918728374460 ) ) ;
#535 = CARTESIAN_POINT ( 'NONE',  ( 2.250000000000000444, -3.350000000000010747, -61.64009413237221935 ) ) ;
#536 = EDGE_LOOP ( 'NONE', ( #1273, #329, #549, #1284 ) ) ;
#537 = DIRECTION ( 'NONE',  ( 0.000000000000000000, 0.000000000000000000, 1.000000000000000000 ) ) ;
#538 = EDGE_CURVE ( 'NONE', #613, #1, #528, .T. ) ;
#539 = DIRECTION ( 'NONE',  ( 1.000000000000000000, 0.000000000000000000, 0.000000000000000000 ) ) ;
#540 = CARTESIAN_POINT ( 'NONE',  ( -3.882765253261377669, -6.591128920920853673, -61.45901703798047322 ) ) ;
#541 = CIRCLE ( 'NONE', #652, 1.249999999999996003 ) ;
#542 = ORIENTED_EDGE ( 'NONE', *, *, #116, .T. ) ;
#543 = CARTESIAN_POINT ( 'NONE',  ( -3.719508912726580352, -5.280281479465315897, -61.91703781426201658 ) ) ;
#544 = EDGE_LOOP ( 'NONE', ( #489, #653, #251, #1182, #142, #140, #865 ) ) ;
#545 = AXIS2_PLACEMENT_3D ( 'NONE', #909, #242, #250 ) ;
#546 = CARTESIAN_POINT ( 'NONE',  ( 2.500000000000006217, -3.850000000000010747, -64.73125476628096919 ) ) ;
#547 = FACE_OUTER_BOUND ( 'NONE', #290, .T. ) ;
#548 = CIRCLE ( 'NONE', #886, 0.5000000000000004441 ) ;
#549 = ORIENTED_EDGE ( 'NONE', *, *, #1197, .F. ) ;
#550 = DIRECTION ( 'NONE',  ( 0.000000000000000000, 0.000000000000000000, -1.000000000000000000 ) ) ;
#551 = CARTESIAN_POINT ( 'NONE',  ( 0.000000000000000000, -5.599999999999999645, -75.99991587212564070 ) ) ;
#552 = DIRECTION ( 'NONE',  ( 0.000000000000000000, 0.000000000000000000, -1.000000000000000000 ) ) ;
#553 = DIRECTION ( 'NONE',  ( -1.000000000000000000, 0.000000000000000000, 0.000000000000000000 ) ) ;
#554 = CARTESIAN_POINT ( 'NONE',  ( -3.264853262360460473, -4.607917024037888609, -62.00534076197437372 ) ) ;
#555 = ORIENTED_EDGE ( 'NONE', *, *, #556, .T. ) ;
#556 = EDGE_CURVE ( 'NONE', #1328, #220, #985, .T. ) ;
#557 = ORIENTED_EDGE ( 'NONE', *, *, #698, .F. ) ;
#558 = CARTESIAN_POINT ( 'NONE',  ( 0.000000000000000000, -6.850000000000003197, -33.91875476628099051 ) ) ;
#559 = CARTESIAN_POINT ( 'NONE',  ( 4.250000000000001776, -5.600000000000006750, -64.23125476628096919 ) ) ;
#560 = EDGE_CURVE ( 'NONE', #1128, #1429, #111, .T. ) ;
#561 = AXIS2_PLACEMENT_3D ( 'NONE', #923, #575, #809 ) ;
#562 = DIRECTION ( 'NONE',  ( -0.08830022075055206365, 0.000000000000000000, 0.9960939067253669066 ) ) ;
#563 = AXIS2_PLACEMENT_3D ( 'NONE', #1046, #894, #1372 ) ;
#564 = EDGE_CURVE ( 'NONE', #342, #1394, #1001, .T. ) ;
#565 = CARTESIAN_POINT ( 'NONE',  ( -2.500000000000006217, -5.600000000000006750, -63.73125476628096919 ) ) ;
#566 = CARTESIAN_POINT ( 'NONE',  ( 2.500000000000005329, -6.850000000000003197, -63.73125476628096919 ) ) ;
#567 = CARTESIAN_POINT ( 'NONE',  ( -2.500000000000006217, -3.850000000000010747, -64.73125476628096919 ) ) ;
#568 = DIRECTION ( 'NONE',  ( 1.000000000000000000, 0.000000000000000000, 0.000000000000000000 ) ) ;
#569 = VECTOR ( 'NONE', #25, 1000.000000000000000 ) ;
#570 = CARTESIAN_POINT ( 'NONE',  ( 0.000000000000000000, -3.350000000000010747, -33.91875476628099051 ) ) ;
#571 = CARTESIAN_POINT ( 'NONE',  ( 2.628686876493215419, -3.850000000000010303, -61.60729515620403873 ) ) ;
#572 = EDGE_CURVE ( 'NONE', #328, #414, #180, .T. ) ;
#573 = CARTESIAN_POINT ( 'NONE',  ( 2.500000000000006217, -4.350000000000011191, -62.12066350044292307 ) ) ;
#574 = CARTESIAN_POINT ( 'NONE',  ( -3.560325448281167482, -4.247869399790093148, -61.50279563193560506 ) ) ;
#575 = DIRECTION ( 'NONE',  ( -0.000000000000000000, -0.000000000000000000, -1.000000000000000000 ) ) ;
#576 = CARTESIAN_POINT ( 'NONE',  ( -1.749999999999999778, -3.350000000000010747, -63.47125476628097118 ) ) ;
#577 = EDGE_CURVE ( 'NONE', #1142, #1075, #1176, .T. ) ;
#578 = CARTESIAN_POINT ( 'NONE',  ( 0.000000000000000000, -3.850000000000010747, -33.91875476628099051 ) ) ;
#579 = AXIS2_PLACEMENT_3D ( 'NONE', #775, #568, #1018 ) ;
#580 = FACE_OUTER_BOUND ( 'NONE', #609, .T. ) ;
#581 = EDGE_LOOP ( 'NONE', ( #1413, #817, #1089, #776 ) ) ;
#582 = LINE ( 'NONE', #1043, #493 ) ;
#583 = PLANE ( 'NONE',  #1441 ) ;
#584 = VECTOR ( 'NONE', #1250, 1000.000000000000000 ) ;
#585 = CYLINDRICAL_SURFACE ( 'NONE', #1383, 1.350000000000000089 ) ;
#586 = ORIENTED_EDGE ( 'NONE', *, *, #1309, .T. ) ;
#587 = PLANE ( 'NONE',  #672 ) ;
#588 = EDGE_LOOP ( 'NONE', ( #1304, #941, #1274, #1185 ) ) ;
#589 = CARTESIAN_POINT ( 'NONE',  ( -2.500000000000006661, -6.850000000000003197, -62.12066350044292307 ) ) ;
#590 = AXIS2_PLACEMENT_3D ( 'NONE', #1027, #1124, #683 ) ;
#591 = CYLINDRICAL_SURFACE ( 'NONE', #421, 0.5000000000000004441 ) ;
#592 = AXIS2_PLACEMENT_3D ( 'NONE', #429, #403, #1184 ) ;
#593 = CARTESIAN_POINT ( 'NONE',  ( 0.000000000000000000, -3.350000000000010747, -33.91875476628099051 ) ) ;
#594 = CARTESIAN_POINT ( 'NONE',  ( 2.500000000000005329, -6.850000000000003197, -62.12066350044292307 ) ) ;
#595 = DIRECTION ( 'NONE',  ( 0.000000000000000000, 0.000000000000000000, 1.000000000000000000 ) ) ;
#596 = LINE ( 'NONE', #483, #412 ) ;
#597 = LINE ( 'NONE', #150, #265 ) ;
#598 = CYLINDRICAL_SURFACE ( 'NONE', #792, 26.81249999999998224 ) ;
#599 = DIRECTION ( 'NONE',  ( -0.000000000000000000, -0.000000000000000000, -1.000000000000000000 ) ) ;
#600 = CARTESIAN_POINT ( 'NONE',  ( 3.086037592533567686, -4.491651551331883319, -61.56060069308075100 ) ) ;
#601 = CARTESIAN_POINT ( 'NONE',  ( 0.000000000000000000, -3.350000000000010747, -33.91875476628099051 ) ) ;
#602 = EDGE_LOOP ( 'NONE', ( #961, #400, #29, #134 ) ) ;
#603 = CARTESIAN_POINT ( 'NONE',  ( 2.250000000000000444, -3.981403575789842719, -61.64009413237220514 ) ) ;
#604 = EDGE_CURVE ( 'NONE', #1385, #1289, #330, .T. ) ;
#605 = VECTOR ( 'NONE', #1305, 1000.000000000000000 ) ;
#606 = CARTESIAN_POINT ( 'NONE',  ( 3.052735711604425806, -4.475879613853853023, -62.04153896371474275 ) ) ;
#607 = CIRCLE ( 'NONE', #365, 26.81249999999998224 ) ;
#608 = FACE_OUTER_BOUND ( 'NONE', #222, .T. ) ;
#609 = EDGE_LOOP ( 'NONE', ( #392, #727, #1266, #910, #713, #1150, #557, #1175, #1208, #529 ) ) ;
#610 = DIRECTION ( 'NONE',  ( 0.000000000000000000, 0.000000000000000000, -1.000000000000000000 ) ) ;
#611 = CARTESIAN_POINT ( 'NONE',  ( 2.500000000000006217, -5.600000000000006750, -63.73125476628096919 ) ) ;
#612 = ORIENTED_EDGE ( 'NONE', *, *, #388, .F. ) ;
#613 = VERTEX_POINT ( 'NONE', #1008 ) ;
#614 = LINE ( 'NONE', #77, #1126 ) ;
#615 = DIRECTION ( 'NONE',  ( 0.000000000000000000, 0.000000000000000000, -1.000000000000000000 ) ) ;
#616 = AXIS2_PLACEMENT_3D ( 'NONE', #118, #897, #1344 ) ;
#617 = ADVANCED_FACE ( 'NONE', ( #4 ), #673, .T. ) ;
#618 = CARTESIAN_POINT ( 'NONE',  ( -2.423579896002230782, -7.349691649710913488, -61.62545822839811649 ) ) ;
#619 = TOROIDAL_SURFACE ( 'NONE', #770, 28.31249999999998224, 0.5000000000000000000 ) ;
#620 = CARTESIAN_POINT ( 'NONE',  ( 3.749211860880716785, -5.693514170209420300, -61.91062028089808678 ) ) ;
#621 = PRODUCT_DEFINITION_SHAPE ( 'NONE', 'NONE',  #876 ) ;
#622 = SHAPE_DEFINITION_REPRESENTATION ( #621, #33 ) ;
#623 = VERTEX_POINT ( 'NONE', #882 ) ;
#624 = VERTEX_POINT ( 'NONE', #350 ) ;
#625 = FACE_OUTER_BOUND ( 'NONE', #747, .T. ) ;
#626 = CARTESIAN_POINT ( 'NONE',  ( 3.701648371226241796, -5.955452660594438896, -61.48699090023325908 ) ) ;
#627 = ADVANCED_FACE ( 'NONE', ( #772 ), #281, .T. ) ;
#628 = VERTEX_POINT ( 'NONE', #1376 ) ;
#629 = ORIENTED_EDGE ( 'NONE', *, *, #657, .T. ) ;
#630 = CARTESIAN_POINT ( 'NONE',  ( 3.590739309212021890, -4.967969069610694177, -61.94353957625934015 ) ) ;
#631 = DIRECTION ( 'NONE',  ( -1.000000000000000000, 0.000000000000000000, 0.000000000000000000 ) ) ;
#632 = CARTESIAN_POINT ( 'NONE',  ( 4.173860902541472129, -5.730919838283544010, -61.41628270007626611 ) ) ;
#633 = AXIS2_PLACEMENT_3D ( 'NONE', #771, #1110, #462 ) ;
#634 = CARTESIAN_POINT ( 'NONE',  ( -3.011899984179589929, -4.455601502297411365, -61.56858583883631297 ) ) ;
#635 = AXIS2_PLACEMENT_3D ( 'NONE', #864, #305, #647 ) ;
#636 = ORIENTED_EDGE ( 'NONE', *, *, #715, .T. ) ;
#637 = CYLINDRICAL_SURFACE ( 'NONE', #112, 1.350000000000000089 ) ;
#638 = EDGE_CURVE ( 'NONE', #16, #983, #582, .T. ) ;
#639 = EDGE_LOOP ( 'NONE', ( #346, #110, #302, #238, #3, #1246 ) ) ;
#640 = EDGE_LOOP ( 'NONE', ( #933, #299, #520, #1335, #436, #648 ) ) ;
#641 = CARTESIAN_POINT ( 'NONE',  ( -3.750000000000002220, -5.599999999999897504, -61.91045275425591399 ) ) ;
#642 = ORIENTED_EDGE ( 'NONE', *, *, #121, .F. ) ;
#643 = CARTESIAN_POINT ( 'NONE',  ( -3.687192185723793258, -4.366799351669291340, -61.48596753137599080 ) ) ;
#644 = VECTOR ( 'NONE', #1306, 1000.000000000000000 ) ;
#645 = ADVANCED_FACE ( 'NONE', ( #50 ), #476, .F. ) ;
#646 = DIRECTION ( 'NONE',  ( 0.000000000000000000, 0.000000000000000000, 1.000000000000000000 ) ) ;
#647 = DIRECTION ( 'NONE',  ( 1.000000000000000000, 0.000000000000000000, 0.000000000000000000 ) ) ;
#648 = ORIENTED_EDGE ( 'NONE', *, *, #664, .F. ) ;
#649 = CARTESIAN_POINT ( 'NONE',  ( 3.899111003106181972, -4.633864918007730260, -61.45679281114865233 ) ) ;
#650 = EDGE_CURVE ( 'NONE', #887, #307, #940, .T. ) ;
#651 = DIRECTION ( 'NONE',  ( 0.000000000000000000, 0.000000000000000000, 1.000000000000000000 ) ) ;
#652 = AXIS2_PLACEMENT_3D ( 'NONE', #203, #902, #743 ) ;
#653 = ORIENTED_EDGE ( 'NONE', *, *, #316, .F. ) ;
#654 = DIRECTION ( 'NONE',  ( -0.000000000000000000, -0.000000000000000000, -1.000000000000000000 ) ) ;
#655 = CARTESIAN_POINT ( 'NONE',  ( 0.000000000000000000, -6.850000000000003197, -33.91875476628099051 ) ) ;
#656 = DIRECTION ( 'NONE',  ( 0.000000000000000000, 0.000000000000000000, 1.000000000000000000 ) ) ;
#657 = EDGE_CURVE ( 'NONE', #659, #1146, #1381, .T. ) ;
#658 = VECTOR ( 'NONE', #408, 1000.000000000000000 ) ;
#659 = VERTEX_POINT ( 'NONE', #385 ) ;
#660 = CARTESIAN_POINT ( 'NONE',  ( -3.816238242673359871, -6.694750906422887837, -61.46868562003502490 ) ) ;
#661 = CARTESIAN_POINT ( 'NONE',  ( -5.347902097902099250, -6.850000000000003197, -60.70256703043138913 ) ) ;
#662 = CARTESIAN_POINT ( 'NONE',  ( 3.124292534120067799, -3.978313896050330811, -61.55570572947507912 ) ) ;
#663 = CARTESIAN_POINT ( 'NONE',  ( -3.478707688796308428, -4.803750387298949320, -61.51541506507075496 ) ) ;
#664 = EDGE_CURVE ( 'NONE', #733, #954, #465, .T. ) ;
#665 = ADVANCED_FACE ( 'NONE', ( #143, #246 ), #32, .F. ) ;
#666 = ORIENTED_EDGE ( 'NONE', *, *, #269, .F. ) ;
#667 = CARTESIAN_POINT ( 'NONE',  ( -3.464275220936846811, -6.414027449319831931, -61.51719143316986305 ) ) ;
#668 = CARTESIAN_POINT ( 'NONE',  ( 5.250000000000000888, -3.350000000000010747, -60.21224552445152511 ) ) ;
#669 = AXIS2_PLACEMENT_3D ( 'NONE', #783, #243, #550 ) ;
#670 = MANIFOLD_SOLID_BREP ( 'Cut-Extrude3', #1240 ) ;
#671 = EDGE_CURVE ( 'NONE', #1385, #175, #597, .T. ) ;
#672 = AXIS2_PLACEMENT_3D ( 'NONE', #270, #398, #158 ) ;
#673 = CYLINDRICAL_SURFACE ( 'NONE', #237, 1.249999999999996003 ) ;
#674 = DIRECTION ( 'NONE',  ( 1.000000000000000000, 0.000000000000000000, 0.000000000000000000 ) ) ;
#675 = DIRECTION ( 'NONE',  ( 0.000000000000000000, 0.000000000000000000, -1.000000000000000000 ) ) ;
#676 = CARTESIAN_POINT ( 'NONE',  ( -2.500000000000006217, -4.350000000000011191, -63.73125476628096919 ) ) ;
#677 = CARTESIAN_POINT ( 'NONE',  ( -2.500000000000006217, -5.600000000000006750, -80.79991587212563786 ) ) ;
#678 = VECTOR ( 'NONE', #226, 1000.000000000000000 ) ;
#679 = EDGE_CURVE ( 'NONE', #628, #384, #806, .T. ) ;
#680 = CARTESIAN_POINT ( 'NONE',  ( 2.500000000000006217, -3.350000000000010747, -64.73125476628096919 ) ) ;
#681 = ORIENTED_EDGE ( 'NONE', *, *, #1314, .T. ) ;
#682 = FILL_AREA_STYLE ('',( #1260 ) ) ;
#683 = DIRECTION ( 'NONE',  ( 0.000000000000000000, 0.000000000000000000, -1.000000000000000000 ) ) ;
#684 = DIRECTION ( 'NONE',  ( 0.000000000000000000, 0.000000000000000000, 1.000000000000000000 ) ) ;
#685 = ORIENTED_EDGE ( 'NONE', *, *, #164, .F. ) ;
#686 = DIRECTION ( 'NONE',  ( 0.000000000000000000, 0.000000000000000000, -1.000000000000000000 ) ) ;
#687 = DIRECTION ( 'NONE',  ( 1.000000000000000000, 0.000000000000000000, -0.000000000000000000 ) ) ;
#688 = DIRECTION ( 'NONE',  ( -0.000000000000000000, -0.000000000000000000, -1.000000000000000000 ) ) ;
#689 = CARTESIAN_POINT ( 'NONE',  ( 3.658965712514919311, -6.850000000000003197, -61.48952055478675049 ) ) ;
#690 = CARTESIAN_POINT ( 'NONE',  ( 1.749999999999999778, -3.350000000000010747, -63.47125476628097118 ) ) ;
#691 = DIRECTION ( 'NONE',  ( 0.000000000000000000, -1.000000000000000000, 0.000000000000000000 ) ) ;
#692 = VECTOR ( 'NONE', #1402, 1000.000000000000000 ) ;
#693 = FACE_OUTER_BOUND ( 'NONE', #1011, .T. ) ;
#694 = ORIENTED_EDGE ( 'NONE', *, *, #751, .T. ) ;
#695 =( NAMED_UNIT ( * ) SI_UNIT ( $, .STERADIAN. ) SOLID_ANGLE_UNIT ( ) );
#696 = DIRECTION ( 'NONE',  ( 0.000000000000000000, 0.000000000000000000, -1.000000000000000000 ) ) ;
#697 = CARTESIAN_POINT ( 'NONE',  ( -2.500000000000006217, -3.350000000000010747, -53.71935674546664785 ) ) ;
#698 = EDGE_CURVE ( 'NONE', #875, #1187, #818, .T. ) ;
#699 = CARTESIAN_POINT ( 'NONE',  ( 2.615771238844727176, -4.344226839389293104, -61.60844008197047827 ) ) ;
#700 = DIRECTION ( 'NONE',  ( -1.000000000000000000, 0.000000000000000000, 0.000000000000000000 ) ) ;
#701 = ORIENTED_EDGE ( 'NONE', *, *, #1137, .F. ) ;
#702 = VECTOR ( 'NONE', #1143, 1000.000000000000000 ) ;
#703 = CARTESIAN_POINT ( 'NONE',  ( -2.676891953503610644, -6.850000000000004086, -61.98618246058342152 ) ) ;
#704 = VECTOR ( 'NONE', #1377, 1000.000000000000000 ) ;
#705 = CARTESIAN_POINT ( 'NONE',  ( -2.250000000000000444, -6.850000000000003197, -62.97125476628097118 ) ) ;
#706 = EDGE_CURVE ( 'NONE', #384, #1385, #1256, .T. ) ;
#707 = DIRECTION ( 'NONE',  ( -0.000000000000000000, -1.000000000000000000, -0.000000000000000000 ) ) ;
#708 = ORIENTED_EDGE ( 'NONE', *, *, #577, .F. ) ;
#709 = EDGE_LOOP ( 'NONE', ( #1090, #103, #642, #755 ) ) ;
#710 = DIRECTION ( 'NONE',  ( 1.000000000000000000, 0.000000000000000000, 0.000000000000000000 ) ) ;
#711 = CARTESIAN_POINT ( 'NONE',  ( 3.497126498317526533, -4.828808471085007881, -61.96239172496060377 ) ) ;
#712 = CARTESIAN_POINT ( 'NONE',  ( 3.310825070651743030, -6.554945920794041037, -61.99704446508579991 ) ) ;
#713 = ORIENTED_EDGE ( 'NONE', *, *, #231, .F. ) ;
#714 = CARTESIAN_POINT ( 'NONE',  ( -3.221385264874614851, -4.028867022983768642, -61.54426613883990171 ) ) ;
#715 = EDGE_CURVE ( 'NONE', #1036, #16, #1164, .T. ) ;
#716 = DIRECTION ( 'NONE',  ( 0.08830022075055206365, 0.000000000000000000, 0.9960939067253669066 ) ) ;
#717 = DIRECTION ( 'NONE',  ( -0.000000000000000000, -0.000000000000000000, -1.000000000000000000 ) ) ;
#718 = CARTESIAN_POINT ( 'NONE',  ( -2.500000000000006661, -6.850000000000003197, -62.12066350044292307 ) ) ;
#719 = DIRECTION ( 'NONE',  ( 0.000000000000000000, 0.000000000000000000, -1.000000000000000000 ) ) ;
#720 = CARTESIAN_POINT ( 'NONE',  ( -2.641987417855434117, -6.852886075818740430, -62.10329474931693738 ) ) ;
#721 = AXIS2_PLACEMENT_3D ( 'NONE', #690, #927, #139 ) ;
#722 = CARTESIAN_POINT ( 'NONE',  ( 3.478707688796308428, -4.803750387298949320, -61.51541506507075496 ) ) ;
#723 = FACE_OUTER_BOUND ( 'NONE', #58, .T. ) ;
#724 = CARTESIAN_POINT ( 'NONE',  ( -4.750000000000002665, -5.600000000000006750, -80.79991587212563786 ) ) ;
#725 = PRODUCT_CONTEXT ( 'NONE', #764, 'mechanical' ) ;
#726 = VERTEX_POINT ( 'NONE', #1233 ) ;
#727 = ORIENTED_EDGE ( 'NONE', *, *, #1224, .T. ) ;
#728 = DIRECTION ( 'NONE',  ( 0.000000000000000000, 0.000000000000000000, 1.000000000000000000 ) ) ;
#729 = PRODUCT_RELATED_PRODUCT_CATEGORY ( 'part', '', ( #1392 ) ) ;
#730 = DIRECTION ( 'NONE',  ( 0.000000000000000000, 0.000000000000000000, 1.000000000000000000 ) ) ;
#731 = AXIS2_PLACEMENT_3D ( 'NONE', #308, #929, #815 ) ;
#732 = CARTESIAN_POINT ( 'NONE',  ( 3.507734176676017057, -4.211083834961550920, -61.50933041281096081 ) ) ;
#733 = VERTEX_POINT ( 'NONE', #990 ) ;
#734 = EDGE_LOOP ( 'NONE', ( #1375, #195, #38, #1067, #845 ) ) ;
#735 = CARTESIAN_POINT ( 'NONE',  ( -3.749999999999988010, -5.435883960512255086, -61.91045275425591399 ) ) ;
#736 = ORIENTED_EDGE ( 'NONE', *, *, #950, .F. ) ;
#737 = CARTESIAN_POINT ( 'NONE',  ( 3.751574252299352263, -5.438600718885641783, -61.48042979088369719 ) ) ;
#738 = EDGE_CURVE ( 'NONE', #1054, #983, #457, .T. ) ;
#739 = ORIENTED_EDGE ( 'NONE', *, *, #938, .T. ) ;
#740 = ORIENTED_EDGE ( 'NONE', *, *, #869, .T. ) ;
#741 = CARTESIAN_POINT ( 'NONE',  ( -1.350000000000000089, -5.599999999999999645, -72.18153925371828450 ) ) ;
#742 = CARTESIAN_POINT ( 'NONE',  ( -2.876253721765826388, -7.312377779354321206, -61.58293814409729805 ) ) ;
#743 = DIRECTION ( 'NONE',  ( 1.000000000000000000, 0.000000000000000000, 0.000000000000000000 ) ) ;
#744 = CIRCLE ( 'NONE', #1354, 0.4999999999999990008 ) ;
#745 = CIRCLE ( 'NONE', #1410, 0.5000000000000004441 ) ;
#746 = ORIENTED_EDGE ( 'NONE', *, *, #1367, .T. ) ;
#747 = EDGE_LOOP ( 'NONE', ( #851, #298, #467, #1190 ) ) ;
#748 = CARTESIAN_POINT ( 'NONE',  ( -3.279127449506468395, -4.054036480645558882, -61.53763510103888734 ) ) ;
#749 = AXIS2_PLACEMENT_3D ( 'NONE', #352, #125, #235 ) ;
#750 = VERTEX_POINT ( 'NONE', #347 ) ;
#751 = EDGE_CURVE ( 'NONE', #522, #1435, #744, .T. ) ;
#752 = CARTESIAN_POINT ( 'NONE',  ( 2.500000000000006217, -3.350000000000010747, -64.73125476628096919 ) ) ;
#753 = ORIENTED_EDGE ( 'NONE', *, *, #1039, .T. ) ;
#754 = DIRECTION ( 'NONE',  ( -0.000000000000000000, 0.000000000000000000, 1.000000000000000000 ) ) ;
#755 = ORIENTED_EDGE ( 'NONE', *, *, #863, .F. ) ;
#756 = LINE ( 'NONE', #1206, #1229 ) ;
#757 = ADVANCED_FACE ( 'NONE', ( #1012 ), #354, .T. ) ;
#758 = CARTESIAN_POINT ( 'NONE',  ( 2.500000000000005329, -6.850000000000003197, -53.32556061586002727 ) ) ;
#759 = CYLINDRICAL_SURFACE ( 'NONE', #1341, 1.249999999999996003 ) ;
#760 = LINE ( 'NONE', #317, #1231 ) ;
#761 = CARTESIAN_POINT ( 'NONE',  ( -2.500000000000006217, -7.850000000000003197, -53.71935674546664785 ) ) ;
#762 = AXIS2_PLACEMENT_3D ( 'NONE', #424, #853, #515 ) ;
#763 = VECTOR ( 'NONE', #369, 1000.000000000000000 ) ;
#764 = APPLICATION_CONTEXT ( 'automotive_design' ) ;
#765 = ORIENTED_EDGE ( 'NONE', *, *, #388, .T. ) ;
#766 = DIRECTION ( 'NONE',  ( 0.000000000000000000, 0.000000000000000000, 1.000000000000000000 ) ) ;
#767 = DIRECTION ( 'NONE',  ( -0.000000000000000000, -0.000000000000000000, -1.000000000000000000 ) ) ;
#768 = ADVANCED_FACE ( 'NONE', ( #14 ), #1347, .T. ) ;
#769 = CARTESIAN_POINT ( 'NONE',  ( -3.834606594334776464, -4.529852125155284348, -61.46610704989628005 ) ) ;
#770 = AXIS2_PLACEMENT_3D ( 'NONE', #336, #1100, #1317 ) ;
#771 = CARTESIAN_POINT ( 'NONE',  ( -2.500000000000006217, -5.600000000000006750, -64.73125476628096919 ) ) ;
#772 = FACE_OUTER_BOUND ( 'NONE', #639, .T. ) ;
#773 = FACE_OUTER_BOUND ( 'NONE', #206, .T. ) ;
#774 = EDGE_CURVE ( 'NONE', #175, #969, #433, .T. ) ;
#775 = CARTESIAN_POINT ( 'NONE',  ( -2.250000000000000444, -3.350000000000010747, -60.63668238520381237 ) ) ;
#776 = ORIENTED_EDGE ( 'NONE', *, *, #463, .T. ) ;
#777 = DIRECTION ( 'NONE',  ( 0.000000000000000000, 0.000000000000000000, 1.000000000000000000 ) ) ;
#778 = DIRECTION ( 'NONE',  ( -0.000000000000000000, -0.000000000000000000, -1.000000000000000000 ) ) ;
#779 = CARTESIAN_POINT ( 'NONE',  ( -2.682073882568965839, -3.850000013075594030, -61.60256258592138323 ) ) ;
#780 = DIRECTION ( 'NONE',  ( -0.000000000000000000, -0.000000000000000000, -1.000000000000000000 ) ) ;
#781 = EDGE_CURVE ( 'NONE', #1002, #414, #756, .T. ) ;
#782 = CIRCLE ( 'NONE', #173, 1.749999999999996003 ) ;
#783 = CARTESIAN_POINT ( 'NONE',  ( 0.000000000000000000, -3.350000000000010747, -33.91875476628099051 ) ) ;
#784 = AXIS2_PLACEMENT_3D ( 'NONE', #474, #1048, #1258 ) ;
#785 = CARTESIAN_POINT ( 'NONE',  ( -3.681399412721516828, -6.016683561131777935, -61.92490415045888597 ) ) ;
#786 = ORIENTED_EDGE ( 'NONE', *, *, #510, .T. ) ;
#787 = CARTESIAN_POINT ( 'NONE',  ( -3.750000000000002220, -5.600000000000006750, -63.73125476628096919 ) ) ;
#788 = DIRECTION ( 'NONE',  ( -1.000000000000000000, -0.000000000000000000, 0.000000000000000000 ) ) ;
#789 = FACE_OUTER_BOUND ( 'NONE', #487, .T. ) ;
#790 = DIRECTION ( 'NONE',  ( 1.000000000000000000, 0.000000000000000000, -0.000000000000000000 ) ) ;
#791 = ORIENTED_EDGE ( 'NONE', *, *, #715, .F. ) ;
#792 = AXIS2_PLACEMENT_3D ( 'NONE', #1151, #485, #70 ) ;
#793 = CARTESIAN_POINT ( 'NONE',  ( 2.500000000000005329, -6.850000000000003197, -62.12066350044292307 ) ) ;
#794 = ORIENTED_EDGE ( 'NONE', *, *, #650, .T. ) ;
#795 = DIRECTION ( 'NONE',  ( 0.000000000000000000, 0.000000000000000000, 1.000000000000000000 ) ) ;
#796 = CARTESIAN_POINT ( 'NONE',  ( 2.851966175650715751, -6.850000000000004086, -61.84889309998710871 ) ) ;
#797 = CARTESIAN_POINT ( 'NONE',  ( 2.682073882568965839, -3.850000013075594030, -61.60256258592138323 ) ) ;
#798 = CARTESIAN_POINT ( 'NONE',  ( -2.500000000000006217, -6.850000000000003197, -63.47125476628097118 ) ) ;
#799 = ORIENTED_EDGE ( 'NONE', *, *, #1244, .F. ) ;
#800 = AXIS2_PLACEMENT_3D ( 'NONE', #284, #684, #1132 ) ;
#801 = CARTESIAN_POINT ( 'NONE',  ( -3.435607772364162926, -6.850000000000001421, -61.51916278710262276 ) ) ;
#802 = EDGE_CURVE ( 'NONE', #826, #153, #197, .T. ) ;
#803 = CARTESIAN_POINT ( 'NONE',  ( 0.000000000000000000, -3.850000000000010747, -64.73125476628096919 ) ) ;
#804 = ORIENTED_EDGE ( 'NONE', *, *, #368, .T. ) ;
#805 = DIRECTION ( 'NONE',  ( 0.000000000000000000, -1.000000000000000000, 0.000000000000000000 ) ) ;
#806 = CIRCLE ( 'NONE', #561, 2.249999999999996003 ) ;
#807 = CARTESIAN_POINT ( 'NONE',  ( -2.250000000000000444, -4.350000000000011191, -62.14170918728374460 ) ) ;
#808 = ORIENTED_EDGE ( 'NONE', *, *, #869, .F. ) ;
#809 = DIRECTION ( 'NONE',  ( 1.000000000000000000, 0.000000000000000000, 0.000000000000000000 ) ) ;
#810 = LINE ( 'NONE', #43, #277 ) ;
#811 = EDGE_CURVE ( 'NONE', #1167, #97, #481, .T. ) ;
#812 = CARTESIAN_POINT ( 'NONE',  ( 2.779144470328291039, -4.369284009822004933, -61.59273808272592987 ) ) ;
#813 = ORIENTED_EDGE ( 'NONE', *, *, #157, .T. ) ;
#814 = EDGE_CURVE ( 'NONE', #1036, #153, #900, .T. ) ;
#815 = DIRECTION ( 'NONE',  ( 1.000000000000000000, 0.000000000000000000, 0.000000000000000000 ) ) ;
#816 = FACE_OUTER_BOUND ( 'NONE', #536, .T. ) ;
#817 = ORIENTED_EDGE ( 'NONE', *, *, #445, .F. ) ;
#818 = LINE ( 'NONE', #130, #1082 ) ;
#819 = CARTESIAN_POINT ( 'NONE',  ( 5.347902097902099250, -3.350000000000010747, -60.70256703043139623 ) ) ;
#820 = CARTESIAN_POINT ( 'NONE',  ( 0.000000000000000000, -3.350000000000010747, -33.91875476628099051 ) ) ;
#821 = CARTESIAN_POINT ( 'NONE',  ( -3.208634404488968528, -6.634102359941610239, -61.54700979880086464 ) ) ;
#822 = CARTESIAN_POINT ( 'NONE',  ( 3.583688921359462931, -6.244544313222524679, -61.94496645058003992 ) ) ;
#823 = CARTESIAN_POINT ( 'NONE',  ( -2.779144470328239969, -4.369284009822004933, -61.59273808272592987 ) ) ;
#824 = EDGE_CURVE ( 'NONE', #733, #835, #156, .T. ) ;
#825 = CARTESIAN_POINT ( 'NONE',  ( -2.250000000000000444, -3.849999999999971667, -61.64009413237176460 ) ) ;
#826 = VERTEX_POINT ( 'NONE', #296 ) ;
#827 = ORIENTED_EDGE ( 'NONE', *, *, #137, .F. ) ;
#828 = CARTESIAN_POINT ( 'NONE',  ( 1.749999999999999778, -4.350000000000011191, -63.47125476628097118 ) ) ;
#829 = CARTESIAN_POINT ( 'NONE',  ( 3.749867882463474800, -5.434970320979889635, -61.91048083755534748 ) ) ;
#830 = DIRECTION ( 'NONE',  ( -0.000000000000000000, -1.000000000000000000, -0.000000000000000000 ) ) ;
#831 = CARTESIAN_POINT ( 'NONE',  ( 2.250000000000000444, -3.350000000000010747, -60.63668238520381237 ) ) ;
#832 = DIRECTION ( 'NONE',  ( -0.000000000000000000, -0.000000000000000000, 1.000000000000000000 ) ) ;
#833 = ADVANCED_FACE ( 'NONE', ( #723 ), #405, .F. ) ;
#834 = ORIENTED_EDGE ( 'NONE', *, *, #604, .T. ) ;
#835 = VERTEX_POINT ( 'NONE', #1062 ) ;
#836 = CARTESIAN_POINT ( 'NONE',  ( 5.445804195804188730, -3.350000000000010747, -61.19288853641126025 ) ) ;
#837 = AXIS2_PLACEMENT_3D ( 'NONE', #382, #805, #1257 ) ;
#838 = CARTESIAN_POINT ( 'NONE',  ( 3.591209602780637944, -6.231481915618724443, -61.94344578732780349 ) ) ;
#839 = UNCERTAINTY_MEASURE_WITH_UNIT (LENGTH_MEASURE( 1.000000000000000082E-05 ), #1123, 'distance_accuracy_value', 'NONE');
#840 = CARTESIAN_POINT ( 'NONE',  ( -2.651124272825173822, -7.354040556861981770, -61.60555430955513856 ) ) ;
#841 = AXIS2_PLACEMENT_3D ( 'NONE', #165, #496, #716 ) ;
#842 = CARTESIAN_POINT ( 'NONE',  ( 2.989650863038909812, -6.754081954881545613, -61.57094334002304947 ) ) ;
#843 = DIRECTION ( 'NONE',  ( -0.000000000000000000, -0.000000000000000000, -1.000000000000000000 ) ) ;
#844 = EDGE_LOOP ( 'NONE', ( #799, #129, #1196, #1088, #915, #181, #117, #1081, #881, #765, #45, #306, #1007, #708, #513, #1398 ) ) ;
#845 = ORIENTED_EDGE ( 'NONE', *, *, #1314, .F. ) ;
#846 = CYLINDRICAL_SURFACE ( 'NONE', #1220, 26.81249999999998224 ) ;
#847 = AXIS2_PLACEMENT_3D ( 'NONE', #26, #599, #471 ) ;
#848 = CARTESIAN_POINT ( 'NONE',  ( 3.749129527164569264, -5.698400336691031853, -61.48075283906147348 ) ) ;
#849 = EDGE_LOOP ( 'NONE', ( #46, #1369 ) ) ;
#850 = ORIENTED_EDGE ( 'NONE', *, *, #287, .T. ) ;
#851 = ORIENTED_EDGE ( 'NONE', *, *, #1408, .T. ) ;
#852 = CARTESIAN_POINT ( 'NONE',  ( -3.751574252299351375, -5.438600718885641783, -61.48042979088369719 ) ) ;
#853 = DIRECTION ( 'NONE',  ( 1.000000000000000000, 0.000000000000000000, -0.000000000000000000 ) ) ;
#854 = DIRECTION ( 'NONE',  ( 0.000000000000000000, 0.000000000000000000, 1.000000000000000000 ) ) ;
#855 = EDGE_CURVE ( 'NONE', #1349, #175, #65, .T. ) ;
#856 = DIRECTION ( 'NONE',  ( 0.000000000000000000, 0.000000000000000000, 1.000000000000000000 ) ) ;
#857 = CARTESIAN_POINT ( 'NONE',  ( 2.432909638571658206, -6.848960680230606890, -61.62464213071413610 ) ) ;
#858 = ORIENTED_EDGE ( 'NONE', *, *, #1445, .T. ) ;
#859 = CIRCLE ( 'NONE', #1102, 1.249999999999996003 ) ;
#860 = CARTESIAN_POINT ( 'NONE',  ( 5.250000000000000888, -6.850000000000003197, -60.21224552445152511 ) ) ;
#861 = CARTESIAN_POINT ( 'NONE',  ( -3.596390015393678752, -4.285603212102871318, -61.49786919074005453 ) ) ;
#862 = VECTOR ( 'NONE', #1245, 1000.000000000000000 ) ;
#863 = EDGE_CURVE ( 'NONE', #220, #970, #55, .T. ) ;
#864 = CARTESIAN_POINT ( 'NONE',  ( 0.000000000000000000, 0.000000000000000000, 0.000000000000000000 ) ) ;
#865 = ORIENTED_EDGE ( 'NONE', *, *, #1122, .T. ) ;
#866 = CARTESIAN_POINT ( 'NONE',  ( 4.173208538913119270, -5.788848349093798973, -61.41640370300622465 ) ) ;
#867 = FACE_OUTER_BOUND ( 'NONE', #1158, .T. ) ;
#868 = AXIS2_PLACEMENT_3D ( 'NONE', #1252, #1405, #51 ) ;
#869 = EDGE_CURVE ( 'NONE', #1, #31, #184, .T. ) ;
#870 = APPLICATION_CONTEXT ( 'automotive_design' ) ;
#871 = DIRECTION ( 'NONE',  ( -0.9960939067253669066, -0.000000000000000000, -0.08830022075055204978 ) ) ;
#872 = ORIENTED_EDGE ( 'NONE', *, *, #891, .T. ) ;
#873 = CARTESIAN_POINT ( 'NONE',  ( 2.500000000000006217, -4.350000000000011191, -63.47125476628097118 ) ) ;
#874 = LINE ( 'NONE', #1431, #435 ) ;
#875 = VERTEX_POINT ( 'NONE', #1416 ) ;
#876 = PRODUCT_DEFINITION ( 'UNKNOWN', '', #903, #892 ) ;
#877 = DIRECTION ( 'NONE',  ( 0.000000000000000000, 0.000000000000000000, -1.000000000000000000 ) ) ;
#878 = CARTESIAN_POINT ( 'NONE',  ( -3.658965712514921087, -6.850000000000003197, -61.48952055478675049 ) ) ;
#879 = CARTESIAN_POINT ( 'NONE',  ( -3.329317298947532144, -4.661145151012910937, -61.99367349439436481 ) ) ;
#880 = VECTOR ( 'NONE', #1215, 1000.000000000000000 ) ;
#881 = ORIENTED_EDGE ( 'NONE', *, *, #326, .T. ) ;
#882 = CARTESIAN_POINT ( 'NONE',  ( -2.250000000000000444, -3.849999999999971667, -61.64009413237176460 ) ) ;
#883 = CARTESIAN_POINT ( 'NONE',  ( 2.500000000000005329, -6.850000000000003197, -62.12066350044292307 ) ) ;
#884 = EDGE_CURVE ( 'NONE', #1109, #1019, #859, .T. ) ;
#885 = CIRCLE ( 'NONE', #396, 26.81249999999998224 ) ;
#886 = AXIS2_PLACEMENT_3D ( 'NONE', #819, #1396, #728 ) ;
#887 = VERTEX_POINT ( 'NONE', #718 ) ;
#888 = EDGE_LOOP ( 'NONE', ( #850, #685, #991, #337 ) ) ;
#889 = CARTESIAN_POINT ( 'NONE',  ( 1.749999999999999778, -3.350000000000010747, -63.47125476628097118 ) ) ;
#890 = CARTESIAN_POINT ( 'NONE',  ( -2.500000000000006217, -4.350000000000011191, -53.32556061586002727 ) ) ;
#891 = EDGE_CURVE ( 'NONE', #970, #16, #1119, .T. ) ;
#892 = PRODUCT_DEFINITION_CONTEXT ( 'detailed design', #870, 'design' ) ;
#893 = CARTESIAN_POINT ( 'NONE',  ( -2.455849889624730498, -4.350000000000011191, -61.62261654708024139 ) ) ;
#894 = DIRECTION ( 'NONE',  ( 0.000000000000000000, 1.000000000000000000, 0.000000000000000000 ) ) ;
#895 = CARTESIAN_POINT ( 'NONE',  ( -4.114640201676960096, -6.073718565814049342, -61.42521675021303196 ) ) ;
#896 = CARTESIAN_POINT ( 'NONE',  ( -3.750000000000002220, -5.599999999999897504, -61.91045275425591399 ) ) ;
#897 = DIRECTION ( 'NONE',  ( 0.000000000000000000, -1.000000000000000000, 0.000000000000000000 ) ) ;
#898 = DIRECTION ( 'NONE',  ( -0.000000000000000000, -0.000000000000000000, -1.000000000000000000 ) ) ;
#899 = LINE ( 'NONE', #1254, #1121 ) ;
#900 = CIRCLE ( 'NONE', #837, 0.5000000000000004441 ) ;
#901 = AXIS2_PLACEMENT_3D ( 'NONE', #611, #252, #57 ) ;
#902 = DIRECTION ( 'NONE',  ( 0.000000000000000000, 0.000000000000000000, 1.000000000000000000 ) ) ;
#903 = PRODUCT_DEFINITION_FORMATION_WITH_SPECIFIED_SOURCE ( 'ANY', '', #1392, .NOT_KNOWN. ) ;
#904 = ORIENTED_EDGE ( 'NONE', *, *, #1299, .T. ) ;
#905 = CARTESIAN_POINT ( 'NONE',  ( -2.826679077001220453, -6.817534195250095408, -62.07717877786409844 ) ) ;
#906 = DIRECTION ( 'NONE',  ( 0.000000000000000000, 0.000000000000000000, -1.000000000000000000 ) ) ;
#907 = FACE_OUTER_BOUND ( 'NONE', #260, .T. ) ;
#908 = CARTESIAN_POINT ( 'NONE',  ( 5.347902097902099250, -3.350000000000010747, -60.70256703043139623 ) ) ;
#909 = CARTESIAN_POINT ( 'NONE',  ( 0.000000000000000000, -5.599999999999999645, -80.79991587212563786 ) ) ;
#910 = ORIENTED_EDGE ( 'NONE', *, *, #1232, .T. ) ;
#911 = AXIS2_PLACEMENT_3D ( 'NONE', #442, #766, #539 ) ;
#912 = ADVANCED_FACE ( 'NONE', ( #418 ), #1406, .T. ) ;
#913 = AXIS2_PLACEMENT_3D ( 'NONE', #908, #1363, #257 ) ;
#914 = CARTESIAN_POINT ( 'NONE',  ( -2.250000000000000444, -6.850000000000002309, -60.63668238520381237 ) ) ;
#915 = ORIENTED_EDGE ( 'NONE', *, *, #482, .F. ) ;
#916 = DIRECTION ( 'NONE',  ( -0.000000000000000000, -1.000000000000000000, -0.000000000000000000 ) ) ;
#917 = LINE ( 'NONE', #1118, #247 ) ;
#918 = PLANE ( 'NONE',  #563 ) ;
#919 = CARTESIAN_POINT ( 'NONE',  ( 2.250000000000000444, -3.350000000000010747, -60.63668238520381237 ) ) ;
#920 = EDGE_LOOP ( 'NONE', ( #794, #1076, #904, #612 ) ) ;
#921 = DIRECTION ( 'NONE',  ( 1.000000000000000000, 0.000000000000000000, -0.000000000000000000 ) ) ;
#922 = ORIENTED_EDGE ( 'NONE', *, *, #706, .F. ) ;
#923 = CARTESIAN_POINT ( 'NONE',  ( -2.500000000000006217, -5.600000000000006750, -64.73125476628096919 ) ) ;
#924 = CARTESIAN_POINT ( 'NONE',  ( 0.000000000000000000, -3.850000000000010747, -33.91875476628099051 ) ) ;
#925 = EDGE_CURVE ( 'NONE', #307, #1181, #1070, .T. ) ;
#926 = CYLINDRICAL_SURFACE ( 'NONE', #847, 2.249999999999996447 ) ;
#927 = DIRECTION ( 'NONE',  ( 0.000000000000000000, 0.000000000000000000, 1.000000000000000000 ) ) ;
#928 = EDGE_LOOP ( 'NONE', ( #666, #1221, #740, #1025 ) ) ;
#929 = DIRECTION ( 'NONE',  ( 0.000000000000000000, 0.000000000000000000, 1.000000000000000000 ) ) ;
#930 = AXIS2_PLACEMENT_3D ( 'NONE', #21, #1382, #1074 ) ;
#931 = CIRCLE ( 'NONE', #1432, 27.81249999999998224 ) ;
#932 = DIRECTION ( 'NONE',  ( 0.000000000000000000, 0.000000000000000000, 1.000000000000000000 ) ) ;
#933 = ORIENTED_EDGE ( 'NONE', *, *, #263, .F. ) ;
#934 = CARTESIAN_POINT ( 'NONE',  ( -2.500000000000006217, -5.600000000000006750, -80.79991587212563786 ) ) ;
#935 = CIRCLE ( 'NONE', #198, 0.5000000000000004441 ) ;
#936 = CARTESIAN_POINT ( 'NONE',  ( -2.250000000000000444, -3.350000000000010747, -61.64009413237221935 ) ) ;
#937 = FACE_OUTER_BOUND ( 'NONE', #1330, .T. ) ;
#938 = EDGE_CURVE ( 'NONE', #376, #1380, #931, .T. ) ;
#939 = CARTESIAN_POINT ( 'NONE',  ( 3.482692617120110690, -7.008178863061997887, -61.51250558246540834 ) ) ;
#940 = B_SPLINE_CURVE_WITH_KNOTS ( 'NONE', 3,
 ( #589, #135, #905, #1386, #1049, #254, #1033, #490, #468, #1361, #1020, #896 ),
 .UNSPECIFIED., .F., .F.,
 ( 4, 2, 2, 2, 2, 4 ),
 ( 0.000000000000000000, 0.0004977174763013541029, 0.0009954349526027082059, 0.001493152428904062417, 0.001742011167054739306, 0.001990869905205415978 ),
 .UNSPECIFIED. ) ;
#941 = ORIENTED_EDGE ( 'NONE', *, *, #88, .F. ) ;
#942 = CIRCLE ( 'NONE', #1293, 0.5000000000000004441 ) ;
#943 = CARTESIAN_POINT ( 'NONE',  ( 2.500000000000006217, -3.850000000000010747, -63.73125476628096919 ) ) ;
#944 = ORIENTED_EDGE ( 'NONE', *, *, #679, .F. ) ;
#945 = ORIENTED_EDGE ( 'NONE', *, *, #269, .T. ) ;
#946 = CIRCLE ( 'NONE', #1421, 0.5000000000000004441 ) ;
#947 = DIRECTION ( 'NONE',  ( 0.000000000000000000, -1.000000000000000000, 0.000000000000000000 ) ) ;
#948 = DIRECTION ( 'NONE',  ( -1.000000000000000000, 0.000000000000000000, 0.000000000000000000 ) ) ;
#949 = CARTESIAN_POINT ( 'NONE',  ( -2.500000000000006217, -5.600000000000006750, -63.73125476628096919 ) ) ;
#950 = EDGE_CURVE ( 'NONE', #522, #1328, #1321, .T. ) ;
#951 = CARTESIAN_POINT ( 'NONE',  ( 3.227692875595636224, -4.579214008320990459, -61.54484993008803428 ) ) ;
#952 = CARTESIAN_POINT ( 'NONE',  ( -1.749999999999999778, -3.350000000000010747, -62.97125476628097118 ) ) ;
#953 = ORIENTED_EDGE ( 'NONE', *, *, #155, .T. ) ;
#954 = VERTEX_POINT ( 'NONE', #138 ) ;
#955 = CARTESIAN_POINT ( 'NONE',  ( 2.250000000000000444, -4.350000000000010303, -62.00982112170598270 ) ) ;
#956 = CARTESIAN_POINT ( 'NONE',  ( 3.499099311123638589, -6.369059157267801474, -61.96201886859496710 ) ) ;
#957 = CARTESIAN_POINT ( 'NONE',  ( -2.500000000000006217, -3.850000000000010747, -63.73125476628096919 ) ) ;
#958 = CARTESIAN_POINT ( 'NONE',  ( 3.208634404488968528, -6.634102359941610239, -61.54700979880086464 ) ) ;
#959 = CARTESIAN_POINT ( 'NONE',  ( -5.249999999999999112, -6.850000000000003197, -60.21224552445151801 ) ) ;
#960 = ADVANCED_FACE ( 'NONE', ( #35 ), #387, .F. ) ;
#961 = ORIENTED_EDGE ( 'NONE', *, *, #1108, .T. ) ;
#962 = AXIS2_PLACEMENT_3D ( 'NONE', #1247, #393, #160 ) ;
#963 = CARTESIAN_POINT ( 'NONE',  ( -3.749129527164568376, -5.698400336691031853, -61.48075283906147348 ) ) ;
#964 = CARTESIAN_POINT ( 'NONE',  ( 3.124302145248909923, -4.514014115665287541, -62.02965582211998452 ) ) ;
#965 = CIRCLE ( 'NONE', #841, 0.4999999999999990008 ) ;
#966 = CARTESIAN_POINT ( 'NONE',  ( 2.641987417855434117, -6.852886075818740430, -62.10329474931693738 ) ) ;
#967 = EDGE_CURVE ( 'NONE', #628, #1054, #353, .T. ) ;
#968 = CARTESIAN_POINT ( 'NONE',  ( 4.750000000000002665, -5.600000000000006750, -64.73125476628096919 ) ) ;
#969 = VERTEX_POINT ( 'NONE', #724 ) ;
#970 = VERTEX_POINT ( 'NONE', #1155 ) ;
#971 = DIRECTION ( 'NONE',  ( 1.000000000000000000, 0.000000000000000000, 0.000000000000000000 ) ) ;
#972 = CARTESIAN_POINT ( 'NONE',  ( -3.293578524945833141, -7.132441432126650938, -61.53571644694088150 ) ) ;
#973 = VECTOR ( 'NONE', #1095, 1000.000000000000000 ) ;
#974 = CARTESIAN_POINT ( 'NONE',  ( 3.489174840870925109, -6.381964936261383947, -61.96396527680064992 ) ) ;
#975 = ORIENTED_EDGE ( 'NONE', *, *, #1309, .F. ) ;
#976 = ORIENTED_EDGE ( 'NONE', *, *, #1039, .F. ) ;
#977 = CARTESIAN_POINT ( 'NONE',  ( -3.749211860880716785, -5.693514170209420300, -61.91062028089808678 ) ) ;
#978 = CARTESIAN_POINT ( 'NONE',  ( -2.250000000000000444, -6.850000000000003197, -53.32556061586002727 ) ) ;
#979 = FACE_OUTER_BOUND ( 'NONE', #581, .T. ) ;
#980 = ADVANCED_FACE ( 'NONE', ( #163 ), #1040, .F. ) ;
#981 = DIRECTION ( 'NONE',  ( 0.000000000000000000, 1.000000000000000000, 0.000000000000000000 ) ) ;
#982 =( NAMED_UNIT ( * ) SI_UNIT ( $, .STERADIAN. ) SOLID_ANGLE_UNIT ( ) );
#983 = VERTEX_POINT ( 'NONE', #324 ) ;
#984 = CARTESIAN_POINT ( 'NONE',  ( -4.176905387091433219, -5.385225676425316799, -61.41582046158296038 ) ) ;
#985 = LINE ( 'NONE', #758, #1342 ) ;
#986 = VECTOR ( 'NONE', #1282, 1000.000000000000000 ) ;
#987 = CARTESIAN_POINT ( 'NONE',  ( -4.750000000000002665, -5.600000000000006750, -53.71935674546664785 ) ) ;
#988 = EDGE_CURVE ( 'NONE', #1394, #875, #122, .T. ) ;
#989 = CIRCLE ( 'NONE', #104, 1.749999999999996003 ) ;
#990 = CARTESIAN_POINT ( 'NONE',  ( -2.250000000000000444, -3.350000000000010747, -61.64009413237221935 ) ) ;
#991 = ORIENTED_EDGE ( 'NONE', *, *, #368, .F. ) ;
#992 = EDGE_LOOP ( 'NONE', ( #1419, #813, #1439, #199 ) ) ;
#993 = CARTESIAN_POINT ( 'NONE',  ( -2.455849889624730054, -3.850000000000010747, -61.62261654708024139 ) ) ;
#994 = AXIS2_PLACEMENT_3D ( 'NONE', #372, #1113, #1021 ) ;
#995 = CARTESIAN_POINT ( 'NONE',  ( -3.507734176676017057, -4.211083834961550920, -61.50933041281096081 ) ) ;
#996 = AXIS2_PLACEMENT_3D ( 'NONE', #1414, #282, #710 ) ;
#997 = EDGE_CURVE ( 'NONE', #153, #970, #782, .T. ) ;
#998 = DIRECTION ( 'NONE',  ( -0.000000000000000000, -1.000000000000000000, -0.000000000000000000 ) ) ;
#999 = CARTESIAN_POINT ( 'NONE',  ( -3.946221183957499878, -6.502362036842142423, -61.45002231575087137 ) ) ;
#1000 = ORIENTED_EDGE ( 'NONE', *, *, #1244, .T. ) ;
#1001 = LINE ( 'NONE', #873, #440 ) ;
#1002 = VERTEX_POINT ( 'NONE', #168 ) ;
#1003 = CARTESIAN_POINT ( 'NONE',  ( -4.104317806527390644, -6.125313829460934834, -61.42677076123955260 ) ) ;
#1004 = ORIENTED_EDGE ( 'NONE', *, *, #231, .T. ) ;
#1005 = CARTESIAN_POINT ( 'NONE',  ( -1.749999999999999778, -4.350000000000011191, -62.97125476628097118 ) ) ;
#1006 = EDGE_CURVE ( 'NONE', #1167, #1380, #1423, .T. ) ;
#1007 = ORIENTED_EDGE ( 'NONE', *, *, #137, .T. ) ;
#1008 = CARTESIAN_POINT ( 'NONE',  ( 1.350000000000000089, -5.599999999999999645, -75.99991587212564070 ) ) ;
#1009 = CARTESIAN_POINT ( 'NONE',  ( 0.000000000000000000, 0.000000000000000000, -75.99991587212564070 ) ) ;
#1010 =( GEOMETRIC_REPRESENTATION_CONTEXT ( 3 ) GLOBAL_UNCERTAINTY_ASSIGNED_CONTEXT ( ( #1144 ) ) GLOBAL_UNIT_ASSIGNED_CONTEXT ( ( #89, #1094, #982 ) ) REPRESENTATION_CONTEXT ( 'NONE', 'WORKASPACE' ) );
#1011 = EDGE_LOOP ( 'NONE', ( #1404, #1297, #1235, #1080 ) ) ;
#1012 = FACE_OUTER_BOUND ( 'NONE', #544, .T. ) ;
#1013 = DIRECTION ( 'NONE',  ( 1.000000000000000000, 0.000000000000000000, 0.000000000000000000 ) ) ;
#1014 = CARTESIAN_POINT ( 'NONE',  ( 2.250000000000000444, -3.850000000000010747, -61.64009413237222645 ) ) ;
#1015 = CARTESIAN_POINT ( 'NONE',  ( -2.455849889624730054, -3.850000000000010747, -61.62261654708024139 ) ) ;
#1016 = DIRECTION ( 'NONE',  ( 0.000000000000000000, 0.000000000000000000, -1.000000000000000000 ) ) ;
#1017 = AXIS2_PLACEMENT_3D ( 'NONE', #1352, #239, #1034 ) ;
#1018 = DIRECTION ( 'NONE',  ( 0.000000000000000000, 0.000000000000000000, -1.000000000000000000 ) ) ;
#1019 = VERTEX_POINT ( 'NONE', #787 ) ;
#1020 = CARTESIAN_POINT ( 'NONE',  ( -3.750000000000009326, -5.681974382568295567, -61.91045275425591399 ) ) ;
#1021 = DIRECTION ( 'NONE',  ( 1.000000000000000000, 0.000000000000000000, 0.000000000000000000 ) ) ;
#1022 = ADVANCED_FACE ( 'NONE', ( #276 ), #1391, .T. ) ;
#1023 = CARTESIAN_POINT ( 'NONE',  ( 3.221385264874614851, -4.028867022983768642, -61.54426613883990171 ) ) ;
#1024 = CARTESIAN_POINT ( 'NONE',  ( 2.500000000000006217, -5.600000000000006750, -63.73125476628096919 ) ) ;
#1025 = ORIENTED_EDGE ( 'NONE', *, *, #1047, .F. ) ;
#1026 = CARTESIAN_POINT ( 'NONE',  ( 1.749999999999999778, -6.850000000000003197, -62.97125476628097118 ) ) ;
#1027 = CARTESIAN_POINT ( 'NONE',  ( 1.749999999999999778, -4.350000000000011191, -62.97125476628097118 ) ) ;
#1028 = ADVANCED_FACE ( 'NONE', ( #789 ), #186, .F. ) ;
#1029 = CARTESIAN_POINT ( 'NONE',  ( 2.250000000000000444, -4.350000000000011191, -62.14170918728374460 ) ) ;
#1030 = COLOUR_RGB ( '',0.7921568627450980005, 0.8196078431372548767, 0.9333333333333333481 ) ;
#1031 = AXIS2_PLACEMENT_3D ( 'NONE', #943, #48, #148 ) ;
#1032 = PLANE ( 'NONE',  #784 ) ;
#1033 = CARTESIAN_POINT ( 'NONE',  ( -3.590856861825979074, -6.232071762074403942, -61.94351704048549578 ) ) ;
#1034 = DIRECTION ( 'NONE',  ( 1.000000000000000000, 0.000000000000000000, 0.000000000000000000 ) ) ;
#1035 = CARTESIAN_POINT ( 'NONE',  ( -2.500000000000006217, -7.850000000000003197, -80.79991587212563786 ) ) ;
#1036 = VERTEX_POINT ( 'NONE', #968 ) ;
#1037 = CIRCLE ( 'NONE', #545, 1.350000000000000089 ) ;
#1038 = CIRCLE ( 'NONE', #994, 1.249999999999996003 ) ;
#1039 = EDGE_CURVE ( 'NONE', #1, #613, #214, .T. ) ;
#1040 = CYLINDRICAL_SURFACE ( 'NONE', #930, 0.5000000000000004441 ) ;
#1041 = CIRCLE ( 'NONE', #592, 1.749999999999996003 ) ;
#1042 = CARTESIAN_POINT ( 'NONE',  ( 2.500000000000006217, -3.350000000000010747, -80.79991587212563786 ) ) ;
#1043 = CARTESIAN_POINT ( 'NONE',  ( 2.500000000000005773, -7.850000000000003197, -53.71935674546664785 ) ) ;
#1044 = DIRECTION ( 'NONE',  ( -1.000000000000000000, 0.000000000000000000, 0.000000000000000000 ) ) ;
#1045 = CARTESIAN_POINT ( 'NONE',  ( -3.715851786205009777, -5.262925471296960644, -61.48521128067481101 ) ) ;
#1046 = CARTESIAN_POINT ( 'NONE',  ( -2.500000000000006217, -6.850000000000003197, -53.32556061586002727 ) ) ;
#1047 = EDGE_CURVE ( 'NONE', #750, #31, #1037, .T. ) ;
#1048 = DIRECTION ( 'NONE',  ( 0.000000000000000000, -1.000000000000000000, 0.000000000000000000 ) ) ;
#1049 = CARTESIAN_POINT ( 'NONE',  ( -3.265323906016041722, -6.601951327798450286, -62.00557632214124482 ) ) ;
#1050 = CARTESIAN_POINT ( 'NONE',  ( 2.250000000000000444, -4.350000000000011191, -62.14170918728374460 ) ) ;
#1051 = CARTESIAN_POINT ( 'NONE',  ( 3.719508912726580352, -5.280281479465315897, -61.91703781426201658 ) ) ;
#1052 = AXIS2_PLACEMENT_3D ( 'NONE', #1192, #1059, #169 ) ;
#1053 = CARTESIAN_POINT ( 'NONE',  ( -2.250000000000000000, -4.111644632631477947, -61.69469619626261192 ) ) ;
#1054 = VERTEX_POINT ( 'NONE', #1035 ) ;
#1055 = EDGE_LOOP ( 'NONE', ( #399, #1116, #1202, #313 ) ) ;
#1056 = CIRCLE ( 'NONE', #1031, 0.5000000000000004441 ) ;
#1057 = CARTESIAN_POINT ( 'NONE',  ( -3.750000000000002220, -5.599999999999897504, -61.91045275425591399 ) ) ;
#1058 = EDGE_CURVE ( 'NONE', #1435, #225, #389, .T. ) ;
#1059 = DIRECTION ( 'NONE',  ( 0.000000000000000000, 1.000000000000000000, 0.000000000000000000 ) ) ;
#1060 = CARTESIAN_POINT ( 'NONE',  ( 4.133011153441355390, -5.152394071312305535, -61.42258689870809718 ) ) ;
#1061 = EDGE_LOOP ( 'NONE', ( #1303, #428, #1004, #1295 ) ) ;
#1062 = CARTESIAN_POINT ( 'NONE',  ( -2.250000000000000444, -3.350000000000010747, -60.63668238520381237 ) ) ;
#1063 = FACE_OUTER_BOUND ( 'NONE', #188, .T. ) ;
#1064 = AXIS2_PLACEMENT_3D ( 'NONE', #228, #778, #1340 ) ;
#1065 = CARTESIAN_POINT ( 'NONE',  ( -1.749999999999999778, -4.350000000000011191, -63.47125476628097118 ) ) ;
#1066 = ORIENTED_EDGE ( 'NONE', *, *, #1224, .F. ) ;
#1067 = ORIENTED_EDGE ( 'NONE', *, *, #492, .F. ) ;
#1068 = AXIS2_PLACEMENT_3D ( 'NONE', #551, #219, #1013 ) ;
#1069 = FACE_OUTER_BOUND ( 'NONE', #159, .T. ) ;
#1070 = B_SPLINE_CURVE_WITH_KNOTS ( 'NONE', 3,
 ( #641, #735, #190, #61, #283, #1091, #93, #177, #1170, #531, #1388, #395 ),
 .UNSPECIFIED., .F., .F.,
 ( 4, 2, 2, 2, 2, 4 ),
 ( 0.001990869905205415978, 0.002489095194832994986, 0.002987320484460573994, 0.003236433129274365883, 0.003485545774088158206, 0.003983771063715741551 ),
 .UNSPECIFIED. ) ;
#1071 = CARTESIAN_POINT ( 'NONE',  ( 3.324054587821493545, -4.656570912431830855, -61.99463308981314924 ) ) ;
#1072 = CARTESIAN_POINT ( 'NONE',  ( 3.681399412721516828, -6.016683561131777935, -61.92490415045888597 ) ) ;
#1073 = EDGE_CURVE ( 'NONE', #522, #1255, #899, .T. ) ;
#1074 = DIRECTION ( 'NONE',  ( 0.000000000000000000, 0.000000000000000000, -1.000000000000000000 ) ) ;
#1075 = VERTEX_POINT ( 'NONE', #128 ) ;
#1076 = ORIENTED_EDGE ( 'NONE', *, *, #1345, .T. ) ;
#1077 = DIRECTION ( 'NONE',  ( 0.000000000000000000, 0.000000000000000000, -1.000000000000000000 ) ) ;
#1078 = CARTESIAN_POINT ( 'NONE',  ( 3.464275220936846811, -6.414027449319831931, -61.51719143316986305 ) ) ;
#1079 = ADVANCED_FACE ( 'NONE', ( #13 ), #1230, .T. ) ;
#1080 = ORIENTED_EDGE ( 'NONE', *, *, #1390, .F. ) ;
#1081 = ORIENTED_EDGE ( 'NONE', *, *, #210, .F. ) ;
#1082 = VECTOR ( 'NONE', #9, 1000.000000000000000 ) ;
#1083 = DIRECTION ( 'NONE',  ( 0.000000000000000000, 1.000000000000000000, -0.000000000000000000 ) ) ;
#1084 = AXIS2_PLACEMENT_3D ( 'NONE', #1024, #656, #431 ) ;
#1085 = CARTESIAN_POINT ( 'NONE',  ( 0.000000000000000000, -3.350000000000010747, -33.91875476628099051 ) ) ;
#1086 = CARTESIAN_POINT ( 'NONE',  ( -1.350000000000000089, -5.599999999999999645, -80.79991587212563786 ) ) ;
#1087 = CARTESIAN_POINT ( 'NONE',  ( 3.740139617970214658, -5.777054374469183351, -61.91255556460018994 ) ) ;
#1088 = ORIENTED_EDGE ( 'NONE', *, *, #1201, .F. ) ;
#1089 = ORIENTED_EDGE ( 'NONE', *, *, #39, .T. ) ;
#1090 = ORIENTED_EDGE ( 'NONE', *, *, #360, .F. ) ;
#1091 = CARTESIAN_POINT ( 'NONE',  ( -3.324402226765282631, -4.656871241020963836, -61.99456977151253056 ) ) ;
#1092 = CARTESIAN_POINT ( 'NONE',  ( 3.781245525614329583, -6.728036866503188662, -61.47329258176288391 ) ) ;
#1093 = DIRECTION ( 'NONE',  ( -1.000000000000000000, 0.000000000000000000, 0.000000000000000000 ) ) ;
#1094 =( NAMED_UNIT ( * ) PLANE_ANGLE_UNIT ( ) SI_UNIT ( $, .RADIAN. ) );
#1095 = DIRECTION ( 'NONE',  ( -0.000000000000000000, -0.000000000000000000, -1.000000000000000000 ) ) ;
#1096 = EDGE_CURVE ( 'NONE', #189, #268, #1357, .T. ) ;
#1097 = CARTESIAN_POINT ( 'NONE',  ( -1.350000000000000089, -5.599999999999999645, -75.99991587212564070 ) ) ;
#1098 = DIRECTION ( 'NONE',  ( 0.000000000000000000, 0.000000000000000000, 1.000000000000000000 ) ) ;
#1099 = ORIENTED_EDGE ( 'NONE', *, *, #1408, .F. ) ;
#1100 = DIRECTION ( 'NONE',  ( 0.000000000000000000, -1.000000000000000000, 0.000000000000000000 ) ) ;
#1101 = CARTESIAN_POINT ( 'NONE',  ( 3.687103818615247164, -4.366710187246101604, -61.48597935284166027 ) ) ;
#1102 = AXIS2_PLACEMENT_3D ( 'NONE', #949, #301, #1183 ) ;
#1103 = LINE ( 'NONE', #108, #82 ) ;
#1104 = AXIS2_PLACEMENT_3D ( 'NONE', #1320, #323, #1127 ) ;
#1105 = ORIENTED_EDGE ( 'NONE', *, *, #278, .T. ) ;
#1106 = ORIENTED_EDGE ( 'NONE', *, *, #967, .T. ) ;
#1107 = CARTESIAN_POINT ( 'NONE',  ( -5.347902097902099250, -3.350000000000010747, -60.70256703043138913 ) ) ;
#1108 = EDGE_CURVE ( 'NONE', #1385, #504, #1168, .T. ) ;
#1109 = VERTEX_POINT ( 'NONE', #676 ) ;
#1110 = DIRECTION ( 'NONE',  ( -0.000000000000000000, -0.000000000000000000, -1.000000000000000000 ) ) ;
#1111 = DIRECTION ( 'NONE',  ( 0.000000000000000000, 1.000000000000000000, 0.000000000000000000 ) ) ;
#1112 = B_SPLINE_CURVE_WITH_KNOTS ( 'NONE', 3,
 ( #1261, #801, #1287, #1177, #703, #161 ),
 .UNSPECIFIED., .F., .F.,
 ( 4, 2, 4 ),
 ( 4.336808689942017736E-19, 0.0006666207464999326536, 0.001333241492999864873 ),
 .UNSPECIFIED. ) ;
#1113 = DIRECTION ( 'NONE',  ( 0.000000000000000000, 0.000000000000000000, 1.000000000000000000 ) ) ;
#1114 = CARTESIAN_POINT ( 'NONE',  ( -3.502530957771630149, -4.835608661803456165, -61.96134035058827294 ) ) ;
#1115 = ADVANCED_FACE ( 'NONE', ( #1120 ), #1364, .T. ) ;
#1116 = ORIENTED_EDGE ( 'NONE', *, *, #802, .T. ) ;
#1117 = FACE_OUTER_BOUND ( 'NONE', #1285, .T. ) ;
#1118 = CARTESIAN_POINT ( 'NONE',  ( 5.445804195804188730, -3.350000000000010747, -61.19288853641126025 ) ) ;
#1119 = CIRCLE ( 'NONE', #762, 0.5000000000000004441 ) ;
#1120 = FACE_OUTER_BOUND ( 'NONE', #602, .T. ) ;
#1121 = VECTOR ( 'NONE', #780, 1000.000000000000000 ) ;
#1122 = EDGE_CURVE ( 'NONE', #835, #1338, #1379, .T. ) ;
#1123 =( LENGTH_UNIT ( ) NAMED_UNIT ( * ) SI_UNIT ( .MILLI., .METRE. ) );
#1124 = DIRECTION ( 'NONE',  ( -0.000000000000000000, 1.000000000000000000, -0.000000000000000000 ) ) ;
#1125 = CARTESIAN_POINT ( 'NONE',  ( 2.250000000000000444, -6.850000000000003197, -62.97125476628097118 ) ) ;
#1126 = VECTOR ( 'NONE', #947, 1000.000000000000000 ) ;
#1127 = DIRECTION ( 'NONE',  ( 0.000000000000000000, 0.000000000000000000, -1.000000000000000000 ) ) ;
#1128 = VERTEX_POINT ( 'NONE', #1029 ) ;
#1129 = PRESENTATION_STYLE_ASSIGNMENT (( #1267 ) ) ;
#1130 = CARTESIAN_POINT ( 'NONE',  ( 3.560239556859879251, -4.247798820424415922, -61.50280667472762275 ) ) ;
#1131 = ADVANCED_FACE ( 'NONE', ( #146 ), #585, .F. ) ;
#1132 = DIRECTION ( 'NONE',  ( 1.000000000000000000, 0.000000000000000000, 0.000000000000000000 ) ) ;
#1133 = ORIENTED_EDGE ( 'NONE', *, *, #2, .T. ) ;
#1134 = CARTESIAN_POINT ( 'NONE',  ( -2.250000000000000444, -4.350000000000012079, -62.00992262134763422 ) ) ;
#1135 = SURFACE_SIDE_STYLE ('',( #377 ) ) ;
#1136 = DIRECTION ( 'NONE',  ( -0.000000000000000000, -1.000000000000000000, -0.000000000000000000 ) ) ;
#1137 = EDGE_CURVE ( 'NONE', #983, #1349, #127, .T. ) ;
#1138 = CARTESIAN_POINT ( 'NONE',  ( 2.828829098472563253, -4.382855552515962927, -62.07687446220068495 ) ) ;
#1139 = AXIS2_PLACEMENT_3D ( 'NONE', #1026, #1370, #271 ) ;
#1140 = AXIS2_PLACEMENT_3D ( 'NONE', #279, #707, #1156 ) ;
#1141 = CYLINDRICAL_SURFACE ( 'NONE', #1211, 0.5000000000000004441 ) ;
#1142 = VERTEX_POINT ( 'NONE', #367 ) ;
#1143 = DIRECTION ( 'NONE',  ( 0.000000000000000000, 1.000000000000000000, 0.000000000000000000 ) ) ;
#1144 = UNCERTAINTY_MEASURE_WITH_UNIT (LENGTH_MEASURE( 1.000000000000000082E-05 ), #89, 'distance_accuracy_value', 'NONE');
#1145 = CARTESIAN_POINT ( 'NONE',  ( 0.000000000000000000, -5.599999999999999645, -72.18153925371828450 ) ) ;
#1146 = VERTEX_POINT ( 'NONE', #1125 ) ;
#1147 = ADVANCED_FACE ( 'NONE', ( #461 ), #918, .F. ) ;
#1148 = CIRCLE ( 'NONE', #868, 0.5000000000000004441 ) ;
#1149 = CARTESIAN_POINT ( 'NONE',  ( -2.250000000000000888, -4.295905120666398069, -61.87978807852735486 ) ) ;
#1150 = ORIENTED_EDGE ( 'NONE', *, *, #318, .T. ) ;
#1151 = CARTESIAN_POINT ( 'NONE',  ( 0.000000000000000000, -3.350000000000010747, -33.91875476628099051 ) ) ;
#1152 = CARTESIAN_POINT ( 'NONE',  ( 3.739075220666185473, -5.786383026625556703, -61.48208563290099704 ) ) ;
#1153 = CARTESIAN_POINT ( 'NONE',  ( -3.489174840870925109, -6.381964936261383947, -61.96396527680064992 ) ) ;
#1154 = ADVANCED_FACE ( 'NONE', ( #258 ), #293, .F. ) ;
#1155 = CARTESIAN_POINT ( 'NONE',  ( 2.500000000000005773, -7.350000000000002309, -64.23125476628096919 ) ) ;
#1156 = DIRECTION ( 'NONE',  ( 0.000000000000000000, 0.000000000000000000, -1.000000000000000000 ) ) ;
#1157 = VERTEX_POINT ( 'NONE', #705 ) ;
#1158 = EDGE_LOOP ( 'NONE', ( #200, #69, #636, #1301, #1311 ) ) ;
#1159 = DIRECTION ( 'NONE',  ( 0.000000000000000000, 0.000000000000000000, -1.000000000000000000 ) ) ;
#1160 = DIRECTION ( 'NONE',  ( -1.000000000000000000, 0.000000000000000000, 0.000000000000000000 ) ) ;
#1161 = CARTESIAN_POINT ( 'NONE',  ( 3.109134946940613542, -6.694601023379453508, -62.03220115076085506 ) ) ;
#1162 = ORIENTED_EDGE ( 'NONE', *, *, #967, .F. ) ;
#1163 = B_SPLINE_CURVE_WITH_KNOTS ( 'NONE', 3,
 ( #201, #1092, #94, #430, #1313, #866, #1319, #1204, #213, #1325, #649, #1101, #1130, #477, #662, #1238, #571, #455 ),
 .UNSPECIFIED., .F., .F.,
 ( 4, 2, 2, 2, 2, 2, 2, 2, 4 ),
 ( 1.563658610346375187E-18, 0.0005203963985529665723, 0.001040792797105932060, 0.001561189195658897440, 0.002081585594211863253, 0.002601981992764828850, 0.003122378391317794013, 0.003642774789870759609, 0.004163171188423725640 ),
 .UNSPECIFIED. ) ;
#1164 = CIRCLE ( 'NONE', #6, 2.249999999999996447 ) ;
#1165 = CARTESIAN_POINT ( 'NONE',  ( -2.500000000000006217, -5.600000000000006750, -64.23125476628096919 ) ) ;
#1166 = ORIENTED_EDGE ( 'NONE', *, *, #309, .F. ) ;
#1167 = VERTEX_POINT ( 'NONE', #1389 ) ;
#1168 = CIRCLE ( 'NONE', #1286, 0.5000000000000004441 ) ;
#1169 = CARTESIAN_POINT ( 'NONE',  ( 2.250000000000000444, -3.850000000000010747, -61.64009413237222645 ) ) ;
#1170 = CARTESIAN_POINT ( 'NONE',  ( -3.052997020448142695, -4.476005252787601307, -62.04149653688111243 ) ) ;
#1171 = CARTESIAN_POINT ( 'NONE',  ( 3.596390015393678752, -4.285603212102871318, -61.49786919074005453 ) ) ;
#1172 = DIRECTION ( 'NONE',  ( 0.000000000000000000, -1.000000000000000000, 0.000000000000000000 ) ) ;
#1173 = APPLICATION_PROTOCOL_DEFINITION ( 'draft international standard', 'automotive_design', 1998, #870 ) ;
#1174 = ORIENTED_EDGE ( 'NONE', *, *, #1401, .T. ) ;
#1175 = ORIENTED_EDGE ( 'NONE', *, *, #988, .F. ) ;
#1176 = CIRCLE ( 'NONE', #1366, 27.81249999999998224 ) ;
#1177 = CARTESIAN_POINT ( 'NONE',  ( -2.851973459336649253, -6.850000000000002309, -61.84888801239906542 ) ) ;
#1178 = CARTESIAN_POINT ( 'NONE',  ( 3.265675900146828070, -6.601694482763851290, -62.00551370165544540 ) ) ;
#1179 = ADVANCED_FACE ( 'NONE', ( #608 ), #63, .T. ) ;
#1180 = CARTESIAN_POINT ( 'NONE',  ( 3.580480481876304300, -4.947524672350382069, -61.50260007097800496 ) ) ;
#1181 = VERTEX_POINT ( 'NONE', #133 ) ;
#1182 = ORIENTED_EDGE ( 'NONE', *, *, #1378, .T. ) ;
#1183 = DIRECTION ( 'NONE',  ( 1.000000000000000000, 0.000000000000000000, 0.000000000000000000 ) ) ;
#1184 = DIRECTION ( 'NONE',  ( 1.000000000000000000, 0.000000000000000000, 0.000000000000000000 ) ) ;
#1185 = ORIENTED_EDGE ( 'NONE', *, *, #997, .F. ) ;
#1186 = CARTESIAN_POINT ( 'NONE',  ( 3.320404595843256867, -4.083056383298177217, -61.53250092432729446 ) ) ;
#1187 = VERTEX_POINT ( 'NONE', #534 ) ;
#1188 = ADVANCED_FACE ( 'NONE', ( #1437 ), #7, .F. ) ;
#1189 = DIRECTION ( 'NONE',  ( -0.000000000000000000, -1.000000000000000000, -0.000000000000000000 ) ) ;
#1190 = ORIENTED_EDGE ( 'NONE', *, *, #121, .T. ) ;
#1191 = AXIS2_PLACEMENT_3D ( 'NONE', #261, #371, #1350 ) ;
#1192 = CARTESIAN_POINT ( 'NONE',  ( -2.673951048951049625, -3.350000000000010747, -47.31066089835618982 ) ) ;
#1193 = AXIS2_PLACEMENT_3D ( 'NONE', #28, #595, #472 ) ;
#1194 = CARTESIAN_POINT ( 'NONE',  ( -2.805686894617029026, -6.823126982873294999, -62.08027177727330326 ) ) ;
#1195 = CARTESIAN_POINT ( 'NONE',  ( 2.500000000000006217, -5.600000000000006750, -53.71935674546664785 ) ) ;
#1196 = ORIENTED_EDGE ( 'NONE', *, *, #1422, .F. ) ;
#1197 = EDGE_CURVE ( 'NONE', #954, #1002, #935, .T. ) ;
#1198 = CIRCLE ( 'NONE', #590, 0.5000000000000004441 ) ;
#1199 = CARTESIAN_POINT ( 'NONE',  ( 5.250000000000000888, -3.350000000000010747, -60.21224552445152511 ) ) ;
#1200 = CARTESIAN_POINT ( 'NONE',  ( -4.173181110505578495, -5.789119000192929576, -61.41640790349968881 ) ) ;
#1201 = EDGE_CURVE ( 'NONE', #1157, #123, #745, .T. ) ;
#1202 = ORIENTED_EDGE ( 'NONE', *, *, #463, .F. ) ;
#1203 = CARTESIAN_POINT ( 'NONE',  ( -2.500000000000006217, -5.600000000000006750, -53.32556061586002727 ) ) ;
#1204 = CARTESIAN_POINT ( 'NONE',  ( 4.153092511940066345, -5.273389413785939617, -61.41943128570500221 ) ) ;
#1205 = CARTESIAN_POINT ( 'NONE',  ( -1.749999999999999778, -6.850000000000003197, -62.97125476628097118 ) ) ;
#1206 = CARTESIAN_POINT ( 'NONE',  ( -5.249999999999999112, -3.350000000000010747, -60.21224552445151801 ) ) ;
#1207 = DIRECTION ( 'NONE',  ( -1.000000000000000000, 0.000000000000000000, 0.000000000000000000 ) ) ;
#1208 = ORIENTED_EDGE ( 'NONE', *, *, #564, .F. ) ;
#1209 = EDGE_CURVE ( 'NONE', #16, #628, #874, .T. ) ;
#1210 =( GEOMETRIC_REPRESENTATION_CONTEXT ( 3 ) GLOBAL_UNCERTAINTY_ASSIGNED_CONTEXT ( ( #839 ) ) GLOBAL_UNIT_ASSIGNED_CONTEXT ( ( #1123, #363, #695 ) ) REPRESENTATION_CONTEXT ( 'NONE', 'WORKASPACE' ) );
#1211 = AXIS2_PLACEMENT_3D ( 'NONE', #383, #700, #932 ) ;
#1212 = CARTESIAN_POINT ( 'NONE',  ( 2.500000000000006217, -5.600000000000006750, -64.73125476628096919 ) ) ;
#1213 = AXIS2_PLACEMENT_3D ( 'NONE', #1368, #921, #141 ) ;
#1214 = VERTEX_POINT ( 'NONE', #860 ) ;
#1215 = DIRECTION ( 'NONE',  ( -0.000000000000000000, -0.000000000000000000, -1.000000000000000000 ) ) ;
#1216 = DIRECTION ( 'NONE',  ( 0.000000000000000000, 0.000000000000000000, -1.000000000000000000 ) ) ;
#1217 = ORIENTED_EDGE ( 'NONE', *, *, #1006, .F. ) ;
#1218 = CYLINDRICAL_SURFACE ( 'NONE', #1064, 2.249999999999996447 ) ;
#1219 = ADVANCED_FACE ( 'NONE', ( #547 ), #266, .T. ) ;
#1220 = AXIS2_PLACEMENT_3D ( 'NONE', #1085, #830, #719 ) ;
#1221 = ORIENTED_EDGE ( 'NONE', *, *, #538, .T. ) ;
#1222 = DIRECTION ( 'NONE',  ( 1.000000000000000000, 0.000000000000000000, 0.000000000000000000 ) ) ;
#1223 = DIRECTION ( 'NONE',  ( 0.000000000000000000, 0.000000000000000000, 1.000000000000000000 ) ) ;
#1224 = EDGE_CURVE ( 'NONE', #1128, #522, #320, .T. ) ;
#1225 = DIRECTION ( 'NONE',  ( 1.000000000000000000, 0.000000000000000000, 0.000000000000000000 ) ) ;
#1226 = ORIENTED_EDGE ( 'NONE', *, *, #333, .F. ) ;
#1227 = DIRECTION ( 'NONE',  ( 0.000000000000000000, 0.000000000000000000, -1.000000000000000000 ) ) ;
#1228 = FACE_OUTER_BOUND ( 'NONE', #497, .T. ) ;
#1229 = VECTOR ( 'NONE', #998, 1000.000000000000000 ) ;
#1230 = PLANE ( 'NONE',  #721 ) ;
#1231 = VECTOR ( 'NONE', #1098, 1000.000000000000000 ) ;
#1232 = EDGE_CURVE ( 'NONE', #1255, #1109, #1103, .T. ) ;
#1233 = CARTESIAN_POINT ( 'NONE',  ( -2.455849889624730054, -3.850000000000010747, -61.62261654708024139 ) ) ;
#1234 = DIRECTION ( 'NONE',  ( 0.000000000000000000, 0.000000000000000000, 1.000000000000000000 ) ) ;
#1235 = ORIENTED_EDGE ( 'NONE', *, *, #1358, .F. ) ;
#1236 = DIRECTION ( 'NONE',  ( 0.000000000000000000, 0.000000000000000000, -1.000000000000000000 ) ) ;
#1237 = CARTESIAN_POINT ( 'NONE',  ( 2.500000000000006217, -5.600000000000006750, -64.23125476628096919 ) ) ;
#1238 = CARTESIAN_POINT ( 'NONE',  ( 2.796884619408035011, -3.875944589796878503, -61.59075684069678402 ) ) ;
#1239 = CARTESIAN_POINT ( 'NONE',  ( 2.826844535603025843, -6.817504337991339369, -62.07715537258024341 ) ) ;
#1240 = CLOSED_SHELL ( 'NONE', ( #426, #1219, #1188, #196, #1022, #1412, #1147, #627, #768, #236, #473, #912, #1322, #521, #109, #18, #617, #432, #645, #1283, #1028, #665, #1438, #452, #530, #980, #1430, #379, #256, #52, #1115, #47, #1131, #145, #960, #1154, #80, #1079, #833, #1179, #757 ) ) ;
#1241 = DIRECTION ( 'NONE',  ( 0.000000000000000000, 0.000000000000000000, -1.000000000000000000 ) ) ;
#1242 = ORIENTED_EDGE ( 'NONE', *, *, #824, .F. ) ;
#1243 = AXIS2_PLACEMENT_3D ( 'NONE', #661, #1111, #777 ) ;
#1244 = EDGE_CURVE ( 'NONE', #1146, #97, #760, .T. ) ;
#1245 = DIRECTION ( 'NONE',  ( -0.000000000000000000, -0.000000000000000000, -1.000000000000000000 ) ) ;
#1246 = ORIENTED_EDGE ( 'NONE', *, *, #1058, .T. ) ;
#1247 = CARTESIAN_POINT ( 'NONE',  ( -2.500000000000006217, -7.850000000000003197, -53.71935674546664785 ) ) ;
#1248 = CARTESIAN_POINT ( 'NONE',  ( 3.230175658655053628, -6.850000000000002309, -61.61655358905284885 ) ) ;
#1249 = DIRECTION ( 'NONE',  ( 1.000000000000000000, 0.000000000000000000, 0.000000000000000000 ) ) ;
#1250 = DIRECTION ( 'NONE',  ( 1.000000000000000000, 0.000000000000000000, 0.000000000000000000 ) ) ;
#1251 = EDGE_LOOP ( 'NONE', ( #739, #1217, #484, #804 ) ) ;
#1252 = CARTESIAN_POINT ( 'NONE',  ( 5.347902097902099250, -6.850000000000003197, -60.70256703043139623 ) ) ;
#1253 = EDGE_CURVE ( 'NONE', #726, #624, #192, .T. ) ;
#1254 = CARTESIAN_POINT ( 'NONE',  ( 2.500000000000006217, -4.350000000000011191, -53.32556061586002727 ) ) ;
#1255 = VERTEX_POINT ( 'NONE', #1333 ) ;
#1256 = CIRCLE ( 'NONE', #633, 2.249999999999996003 ) ;
#1257 = DIRECTION ( 'NONE',  ( 0.000000000000000000, 0.000000000000000000, -1.000000000000000000 ) ) ;
#1258 = DIRECTION ( 'NONE',  ( 0.000000000000000000, -0.000000000000000000, -1.000000000000000000 ) ) ;
#1259 = ORIENTED_EDGE ( 'NONE', *, *, #1058, .F. ) ;
#1260 = FILL_AREA_STYLE_COLOUR ( '', #1030 ) ;
#1261 = CARTESIAN_POINT ( 'NONE',  ( -3.658965712514921087, -6.850000000000003197, -61.48952055478675049 ) ) ;
#1262 = EDGE_CURVE ( 'NONE', #384, #969, #466, .T. ) ;
#1263 = CARTESIAN_POINT ( 'NONE',  ( 2.908080635045374507, -3.895997777431380982, -61.57960082620128617 ) ) ;
#1264 = ORIENTED_EDGE ( 'NONE', *, *, #1197, .T. ) ;
#1265 = CYLINDRICAL_SURFACE ( 'NONE', #1140, 0.5000000000000004441 ) ;
#1266 = ORIENTED_EDGE ( 'NONE', *, *, #1073, .T. ) ;
#1267 = SURFACE_STYLE_USAGE ( .BOTH. , #1135 ) ;
#1268 = CARTESIAN_POINT ( 'NONE',  ( -2.500000000000006217, -7.350000000000002309, -64.23125476628096919 ) ) ;
#1269 = CARTESIAN_POINT ( 'NONE',  ( 2.664966232388632950, -4.350000000000011191, -62.10019035379166041 ) ) ;
#1270 = CARTESIAN_POINT ( 'NONE',  ( -3.109134946940613986, -6.694601023379452620, -62.03220115076085506 ) ) ;
#1271 = CARTESIAN_POINT ( 'NONE',  ( 3.191505218375448205, -7.185843642018138411, -61.54773648814212805 ) ) ;
#1272 = CARTESIAN_POINT ( 'NONE',  ( -2.500000000000006217, -3.350000000000010747, -64.73125476628096919 ) ) ;
#1273 = ORIENTED_EDGE ( 'NONE', *, *, #572, .T. ) ;
#1274 = ORIENTED_EDGE ( 'NONE', *, *, #863, .T. ) ;
#1275 = AXIS2_PLACEMENT_3D ( 'NONE', #697, #204, #1302 ) ;
#1276 = LINE ( 'NONE', #936, #702 ) ;
#1277 = CARTESIAN_POINT ( 'NONE',  ( 3.750065454244425833, -5.681009195450179128, -61.91043884110561635 ) ) ;
#1278 = CARTESIAN_POINT ( 'NONE',  ( -3.034914709840824898, -6.732745459774281294, -62.04443728343312614 ) ) ;
#1279 = CARTESIAN_POINT ( 'NONE',  ( 2.476535622614785659, -6.849779749793510675, -62.12355626816651011 ) ) ;
#1280 = CARTESIAN_POINT ( 'NONE',  ( -2.250000000000000444, -3.350000000000010747, -60.63668238520381237 ) ) ;
#1281 = STYLED_ITEM ( 'NONE', ( #1129 ), #670 ) ;
#1282 = DIRECTION ( 'NONE',  ( 0.000000000000000000, 0.000000000000000000, -1.000000000000000000 ) ) ;
#1283 = ADVANCED_FACE ( 'NONE', ( #867 ), #345, .T. ) ;
#1284 = ORIENTED_EDGE ( 'NONE', *, *, #344, .T. ) ;
#1285 = EDGE_LOOP ( 'NONE', ( #75, #1259, #1433, #1066 ) ) ;
#1286 = AXIS2_PLACEMENT_3D ( 'NONE', #567, #1249, #1241 ) ;
#1287 = CARTESIAN_POINT ( 'NONE',  ( -3.230179734765362465, -6.850000000000004086, -61.61655169817349531 ) ) ;
#1288 = CARTESIAN_POINT ( 'NONE',  ( 2.826401483448846896, -4.382372918611258328, -62.07722102361110927 ) ) ;
#1289 = VERTEX_POINT ( 'NONE', #680 ) ;
#1290 = B_SPLINE_CURVE_WITH_KNOTS ( 'NONE', 3,
 ( #1169, #603, #151, #183, #955, #1050 ),
 .UNSPECIFIED., .F., .F.,
 ( 4, 2, 4 ),
 ( 0.002333540945800377086, 0.002724673940415902641, 0.003115806935031428197 ),
 .UNSPECIFIED. ) ;
#1291 = CARTESIAN_POINT ( 'NONE',  ( -2.432909638571658206, -6.848960680230606890, -61.62464213071413610 ) ) ;
#1292 = CARTESIAN_POINT ( 'NONE',  ( 3.962717075792059340, -4.726934657675472273, -61.44763844398259778 ) ) ;
#1293 = AXIS2_PLACEMENT_3D ( 'NONE', #546, #971, #877 ) ;
#1294 = ORIENTED_EDGE ( 'NONE', *, *, #706, .T. ) ;
#1295 = ORIENTED_EDGE ( 'NONE', *, *, #884, .T. ) ;
#1296 = TOROIDAL_SURFACE ( 'NONE', #996, 1.749999999999996003, 0.5000000000000000000 ) ;
#1297 = ORIENTED_EDGE ( 'NONE', *, *, #1232, .F. ) ;
#1298 = LINE ( 'NONE', #978, #91 ) ;
#1299 = EDGE_CURVE ( 'NONE', #1019, #189, #541, .T. ) ;
#1300 = CARTESIAN_POINT ( 'NONE',  ( 4.161384064623235624, -5.847876123922833180, -61.41818380634389740 ) ) ;
#1301 = ORIENTED_EDGE ( 'NONE', *, *, #638, .T. ) ;
#1302 = DIRECTION ( 'NONE',  ( 0.000000000000000000, -0.000000000000000000, -1.000000000000000000 ) ) ;
#1303 = ORIENTED_EDGE ( 'NONE', *, *, #1345, .F. ) ;
#1304 = ORIENTED_EDGE ( 'NONE', *, *, #802, .F. ) ;
#1305 = DIRECTION ( 'NONE',  ( 0.000000000000000000, 0.000000000000000000, -1.000000000000000000 ) ) ;
#1306 = DIRECTION ( 'NONE',  ( -0.000000000000000000, -1.000000000000000000, -0.000000000000000000 ) ) ;
#1307 = CARTESIAN_POINT ( 'NONE',  ( -3.482692617120110690, -7.008178863061997887, -61.51250558246540834 ) ) ;
#1308 = CARTESIAN_POINT ( 'NONE',  ( 2.423579896002230782, -7.349691649710913488, -61.62545822839811649 ) ) ;
#1309 = EDGE_CURVE ( 'NONE', #1181, #726, #965, .T. ) ;
#1310 = PRESENTATION_LAYER_ASSIGNMENT (  '', '', ( #1281 ) ) ;
#1311 = ORIENTED_EDGE ( 'NONE', *, *, #1137, .T. ) ;
#1312 = AXIS2_PLACEMENT_3D ( 'NONE', #1195, #767, #1093 ) ;
#1313 = CARTESIAN_POINT ( 'NONE',  ( 4.104404331670123085, -6.125027926211991769, -61.42675781337277385 ) ) ;
#1314 = EDGE_CURVE ( 'NONE', #268, #504, #989, .T. ) ;
#1315 = CARTESIAN_POINT ( 'NONE',  ( 0.000000000000000000, -5.599999999999999645, -72.18153925371828450 ) ) ;
#1316 = AXIS2_PLACEMENT_3D ( 'NONE', #99, #322, #552 ) ;
#1317 = DIRECTION ( 'NONE',  ( 0.000000000000000000, 0.000000000000000000, -1.000000000000000000 ) ) ;
#1318 = AXIS2_PLACEMENT_3D ( 'NONE', #593, #532, #185 ) ;
#1319 = CARTESIAN_POINT ( 'NONE',  ( 4.183093770019986835, -5.614435521604598023, -61.41488382020331471 ) ) ;
#1320 = CARTESIAN_POINT ( 'NONE',  ( 0.000000000000000000, -4.350000000000011191, -33.91875476628099051 ) ) ;
#1321 = B_SPLINE_CURVE_WITH_KNOTS ( 'NONE', 3,
 ( #1397, #1269, #1288, #606, #964, #85, #1071, #711, #630, #402, #829, #1277, #292, #71, #506, #838, #956, #1178, #409, #1239, #380, #594 ),
 .UNSPECIFIED., .F., .F.,
 ( 4, 2, 2, 2, 2, 2, 2, 2, 2, 2, 4 ),
 ( 0.000000000000000000, 0.0004916342829534820586, 0.0007374514244302219496, 0.0009832685659069619489, 0.001474902848860443465, 0.001966537131813925199, 0.002212354273290664981, 0.002458171414767404764, 0.002949805697720880859, 0.003441439980674356955, 0.003933074263627833050 ),
 .UNSPECIFIED. ) ;
#1322 = ADVANCED_FACE ( 'NONE', ( #1384 ), #587, .T. ) ;
#1323 = DIRECTION ( 'NONE',  ( 0.000000000000000000, 0.000000000000000000, 1.000000000000000000 ) ) ;
#1324 = CARTESIAN_POINT ( 'NONE',  ( -3.751425584907897903, -5.446589768861453962, -61.91014973253065534 ) ) ;
#1325 = CARTESIAN_POINT ( 'NONE',  ( 3.986612019651868177, -4.785408307994680754, -61.44412740214084323 ) ) ;
#1326 = CARTESIAN_POINT ( 'NONE',  ( -2.628702773324120834, -3.850000000000010747, -61.60729374700590455 ) ) ;
#1327 = ORIENTED_EDGE ( 'NONE', *, *, #1367, .F. ) ;
#1328 = VERTEX_POINT ( 'NONE', #793 ) ;
#1329 = EDGE_CURVE ( 'NONE', #826, #1255, #1332, .T. ) ;
#1330 = EDGE_LOOP ( 'NONE', ( #1443, #1294, #216, #232 ) ) ;
#1331 = AXIS2_PLACEMENT_3D ( 'NONE', #952, #1172, #610 ) ;
#1332 = CIRCLE ( 'NONE', #901, 1.249999999999996003 ) ;
#1333 = CARTESIAN_POINT ( 'NONE',  ( 2.500000000000006217, -4.350000000000011191, -63.73125476628096919 ) ) ;
#1334 = ORIENTED_EDGE ( 'NONE', *, *, #1006, .T. ) ;
#1335 = ORIENTED_EDGE ( 'NONE', *, *, #210, .T. ) ;
#1336 = DIRECTION ( 'NONE',  ( 1.000000000000000000, 0.000000000000000000, 0.000000000000000000 ) ) ;
#1337 = CARTESIAN_POINT ( 'NONE',  ( -3.706150899901357043, -5.938370403914306372, -61.91971494294990919 ) ) ;
#1338 = VERTEX_POINT ( 'NONE', #914 ) ;
#1339 = LINE ( 'NONE', #889, #678 ) ;
#1340 = DIRECTION ( 'NONE',  ( -1.000000000000000000, 0.000000000000000000, 0.000000000000000000 ) ) ;
#1341 = AXIS2_PLACEMENT_3D ( 'NONE', #1448, #448, #631 ) ;
#1342 = VECTOR ( 'NONE', #343, 1000.000000000000000 ) ;
#1343 = FACE_OUTER_BOUND ( 'NONE', #734, .T. ) ;
#1344 = DIRECTION ( 'NONE',  ( 0.000000000000000000, 0.000000000000000000, -1.000000000000000000 ) ) ;
#1345 = EDGE_CURVE ( 'NONE', #307, #1019, #30, .T. ) ;
#1346 = CARTESIAN_POINT ( 'NONE',  ( 2.664490183189572203, -4.350000000000011191, -62.10024943311792356 ) ) ;
#1347 = CYLINDRICAL_SURFACE ( 'NONE', #669, 27.81249999999998224 ) ;
#1348 = CARTESIAN_POINT ( 'NONE',  ( -3.701648371226216483, -5.955452660594438896, -61.48699090023325908 ) ) ;
#1349 = VERTEX_POINT ( 'NONE', #1042 ) ;
#1350 = DIRECTION ( 'NONE',  ( 0.000000000000000000, 0.000000000000000000, -1.000000000000000000 ) ) ;
#1351 = DIRECTION ( 'NONE',  ( -0.000000000000000000, 1.000000000000000000, -0.000000000000000000 ) ) ;
#1352 = CARTESIAN_POINT ( 'NONE',  ( -2.500000000000006217, -5.600000000000006750, -80.79991587212563786 ) ) ;
#1353 = DIRECTION ( 'NONE',  ( 1.000000000000000000, 0.000000000000000000, 0.000000000000000000 ) ) ;
#1354 = AXIS2_PLACEMENT_3D ( 'NONE', #233, #871, #562 ) ;
#1355 = CARTESIAN_POINT ( 'NONE',  ( -2.250000000000000444, -3.350000000000010747, -60.63668238520381237 ) ) ;
#1356 = EDGE_LOOP ( 'NONE', ( #349, #105, #701, #245, #516 ) ) ;
#1357 = CIRCLE ( 'NONE', #1434, 0.5000000000000004441 ) ;
#1358 = EDGE_CURVE ( 'NONE', #230, #1255, #1056, .T. ) ;
#1359 = B_SPLINE_CURVE_WITH_KNOTS ( 'NONE', 3,
 ( #883, #5, #796, #1248, #255, #689 ),
 .UNSPECIFIED., .F., .F.,
 ( 4, 2, 4 ),
 ( -7.109857586130096199E-06, 0.0006582683475779814181, 0.001323646552742092919 ),
 .UNSPECIFIED. ) ;
#1360 = CARTESIAN_POINT ( 'NONE',  ( -3.750000000000002220, -5.600000000000006750, -53.32556061586002727 ) ) ;
#1361 = CARTESIAN_POINT ( 'NONE',  ( -3.741749153555718355, -5.765263139446628493, -61.91221349199269497 ) ) ;
#1362 = CYLINDRICAL_SURFACE ( 'NONE', #439, 0.5000000000000004441 ) ;
#1363 = DIRECTION ( 'NONE',  ( -0.000000000000000000, -1.000000000000000000, -0.000000000000000000 ) ) ;
#1364 = CYLINDRICAL_SURFACE ( 'NONE', #56, 0.5000000000000004441 ) ;
#1365 = ORIENTED_EDGE ( 'NONE', *, *, #62, .F. ) ;
#1366 = AXIS2_PLACEMENT_3D ( 'NONE', #558, #98, #1227 ) ;
#1367 = EDGE_CURVE ( 'NONE', #1002, #835, #607, .T. ) ;
#1368 = CARTESIAN_POINT ( 'NONE',  ( -2.500000000000006217, -7.350000000000002309, -64.73125476628096919 ) ) ;
#1369 = ORIENTED_EDGE ( 'NONE', *, *, #1047, .T. ) ;
#1370 = DIRECTION ( 'NONE',  ( -0.000000000000000000, -1.000000000000000000, -0.000000000000000000 ) ) ;
#1371 = CARTESIAN_POINT ( 'NONE',  ( -2.500000000000006661, -6.850000000000003197, -63.73125476628096919 ) ) ;
#1372 = DIRECTION ( 'NONE',  ( 0.000000000000000000, -0.000000000000000000, 1.000000000000000000 ) ) ;
#1373 = DIRECTION ( 'NONE',  ( 0.000000000000000000, -1.000000000000000000, 0.000000000000000000 ) ) ;
#1374 = DIRECTION ( 'NONE',  ( -0.000000000000000000, -0.000000000000000000, -1.000000000000000000 ) ) ;
#1375 = ORIENTED_EDGE ( 'NONE', *, *, #1096, .F. ) ;
#1376 = CARTESIAN_POINT ( 'NONE',  ( -2.500000000000006217, -7.850000000000003197, -64.73125476628096919 ) ) ;
#1377 = DIRECTION ( 'NONE',  ( 0.000000000000000000, -1.000000000000000000, 0.000000000000000000 ) ) ;
#1378 = EDGE_CURVE ( 'NONE', #1187, #623, #339, .T. ) ;
#1379 = LINE ( 'NONE', #1355, #240 ) ;
#1380 = VERTEX_POINT ( 'NONE', #488 ) ;
#1381 = CIRCLE ( 'NONE', #1139, 0.5000000000000004441 ) ;
#1382 = DIRECTION ( 'NONE',  ( 1.000000000000000000, 0.000000000000000000, 0.000000000000000000 ) ) ;
#1383 = AXIS2_PLACEMENT_3D ( 'NONE', #1145, #1016, #152 ) ;
#1384 = FACE_OUTER_BOUND ( 'NONE', #253, .T. ) ;
#1385 = VERTEX_POINT ( 'NONE', #1272 ) ;
#1386 = CARTESIAN_POINT ( 'NONE',  ( -3.128188351900663022, -6.692926406712729204, -62.02964217979076267 ) ) ;
#1387 = LINE ( 'NONE', #262, #304 ) ;
#1388 = CARTESIAN_POINT ( 'NONE',  ( -2.665050357145474447, -4.350000000000012079, -62.10017991348239264 ) ) ;
#1389 = CARTESIAN_POINT ( 'NONE',  ( 2.250000000000000444, -3.350000000000010747, -60.63668238520381237 ) ) ;
#1390 = EDGE_CURVE ( 'NONE', #504, #230, #596, .T. ) ;
#1391 = CYLINDRICAL_SURFACE ( 'NONE', #20, 1.249999999999996003 ) ;
#1392 = PRODUCT ( 'button-shaft_1V4', 'button-shaft_1V4', '', ( #725 ) ) ;
#1393 = DIRECTION ( 'NONE',  ( -0.000000000000000000, -1.000000000000000000, 0.000000000000000000 ) ) ;
#1394 = VERTEX_POINT ( 'NONE', #1065 ) ;
#1395 = ORIENTED_EDGE ( 'NONE', *, *, #560, .T. ) ;
#1396 = DIRECTION ( 'NONE',  ( 0.000000000000000000, 1.000000000000000000, 0.000000000000000000 ) ) ;
#1397 = CARTESIAN_POINT ( 'NONE',  ( 2.500000000000006217, -4.350000000000011191, -62.12066350044292307 ) ) ;
#1398 = ORIENTED_EDGE ( 'NONE', *, *, #2, .F. ) ;
#1399 = CARTESIAN_POINT ( 'NONE',  ( 3.816238242673359871, -6.694750906422887837, -61.46868562003502490 ) ) ;
#1400 = CARTESIAN_POINT ( 'NONE',  ( -3.056641291575885155, -4.477762160670206271, -62.04090454605402982 ) ) ;
#1401 = EDGE_CURVE ( 'NONE', #1289, #1349, #67, .T. ) ;
#1402 = DIRECTION ( 'NONE',  ( -1.000000000000000000, -0.000000000000000000, -0.000000000000000000 ) ) ;
#1403 = ORIENTED_EDGE ( 'NONE', *, *, #950, .T. ) ;
#1404 = ORIENTED_EDGE ( 'NONE', *, *, #492, .T. ) ;
#1405 = DIRECTION ( 'NONE',  ( 0.000000000000000000, 1.000000000000000000, 0.000000000000000000 ) ) ;
#1406 = PLANE ( 'NONE',  #1052 ) ;
#1407 = CARTESIAN_POINT ( 'NONE',  ( 3.065909599454754275, -6.718746273809603764, -61.56278458566496425 ) ) ;
#1408 = EDGE_CURVE ( 'NONE', #268, #628, #451, .T. ) ;
#1409 = AXIS2_PLACEMENT_3D ( 'NONE', #523, #1160, #730 ) ;
#1410 = AXIS2_PLACEMENT_3D ( 'NONE', #1205, #244, #646 ) ;
#1411 = ORIENTED_EDGE ( 'NONE', *, *, #157, .F. ) ;
#1412 = ADVANCED_FACE ( 'NONE', ( #580 ), #1032, .F. ) ;
#1413 = ORIENTED_EDGE ( 'NONE', *, *, #814, .F. ) ;
#1414 = CARTESIAN_POINT ( 'NONE',  ( -2.500000000000006217, -5.600000000000006750, -64.73125476628096919 ) ) ;
#1415 = CARTESIAN_POINT ( 'NONE',  ( -4.161384064623235624, -5.847876123922833180, -61.41818380634389740 ) ) ;
#1416 = CARTESIAN_POINT ( 'NONE',  ( -2.250000000000000444, -4.350000000000011191, -62.97125476628097118 ) ) ;
#1417 = EDGE_LOOP ( 'NONE', ( #447, #922, #944, #1099, #681 ) ) ;
#1418 = CARTESIAN_POINT ( 'NONE',  ( 3.751425584907897903, -5.446589768861453962, -61.91014973253065534 ) ) ;
#1419 = ORIENTED_EDGE ( 'NONE', *, *, #564, .T. ) ;
#1420 = ORIENTED_EDGE ( 'NONE', *, *, #316, .T. ) ;
#1421 = AXIS2_PLACEMENT_3D ( 'NONE', #957, #524, #854 ) ;
#1422 = EDGE_CURVE ( 'NONE', #123, #659, #375, .T. ) ;
#1423 = LINE ( 'NONE', #217, #986 ) ;
#1424 = FACE_OUTER_BOUND ( 'NONE', #588, .T. ) ;
#1425 = CARTESIAN_POINT ( 'NONE',  ( -3.191505218375447317, -7.185843642018138411, -61.54773648814212805 ) ) ;
#1426 = CARTESIAN_POINT ( 'NONE',  ( 2.593557743545738425, -6.857718950976041228, -61.61051307418302514 ) ) ;
#1427 = CARTESIAN_POINT ( 'NONE',  ( -3.320404595843256867, -4.083056383298177217, -61.53250092432729446 ) ) ;
#1428 = CARTESIAN_POINT ( 'NONE',  ( -2.664490183189572203, -4.350000000000011191, -62.10024943311792356 ) ) ;
#1429 = VERTEX_POINT ( 'NONE', #259 ) ;
#1430 = ADVANCED_FACE ( 'NONE', ( #693 ), #1141, .F. ) ;
#1431 = CARTESIAN_POINT ( 'NONE',  ( -2.500000000000006217, -7.850000000000003197, -64.73125476628096919 ) ) ;
#1432 = AXIS2_PLACEMENT_3D ( 'NONE', #820, #1083, #615 ) ;
#1433 = ORIENTED_EDGE ( 'NONE', *, *, #751, .F. ) ;
#1434 = AXIS2_PLACEMENT_3D ( 'NONE', #464, #390, #37 ) ;
#1435 = VERTEX_POINT ( 'NONE', #391 ) ;
#1436 = DIRECTION ( 'NONE',  ( 1.000000000000000000, 0.000000000000000000, 0.000000000000000000 ) ) ;
#1437 = FACE_OUTER_BOUND ( 'NONE', #1055, .T. ) ;
#1438 = ADVANCED_FACE ( 'NONE', ( #816 ), #1265, .T. ) ;
#1439 = ORIENTED_EDGE ( 'NONE', *, *, #1422, .T. ) ;
#1440 = CARTESIAN_POINT ( 'NONE',  ( -2.500000000000006217, -7.850000000000003197, -80.79991587212563786 ) ) ;
#1441 = AXIS2_PLACEMENT_3D ( 'NONE', #1009, #1223, #248 ) ;
#1442 = AXIS2_PLACEMENT_3D ( 'NONE', #498, #291, #1077 ) ;
#1443 = ORIENTED_EDGE ( 'NONE', *, *, #1262, .F. ) ;
#1444 = CARTESIAN_POINT ( 'NONE',  ( -3.124351916288406361, -3.978337476791324434, -61.55569910171765002 ) ) ;
#1445 = EDGE_CURVE ( 'NONE', #1380, #225, #96, .T. ) ;
#1446 = CARTESIAN_POINT ( 'NONE',  ( 4.250000000000001776, -5.600000000000006750, -63.73125476628096919 ) ) ;
#1447 = CARTESIAN_POINT ( 'NONE',  ( -3.567410278608468044, -6.274001857330072873, -61.50425256384687600 ) ) ;
#1448 = CARTESIAN_POINT ( 'NONE',  ( 2.500000000000006217, -5.600000000000006750, -53.32556061586002727 ) ) ;
#1449 = CARTESIAN_POINT ( 'NONE',  ( -3.781257404103895325, -6.728025018776468968, -61.47329100534722812 ) ) ;
ENDSEC;
END-ISO-10303-21;
