ISO-10303-21;
HEADER;
FILE_DESCRIPTION (( 'STEP AP214' ),
    '1' );
FILE_NAME ('front-enclosure_1V5.STEP',
    '2026-10-09T02:12:09',
    ( '' ),
    ( '' ),
    'SwSTEP 2.0',
    'SolidWorks 2023',
    '' );
FILE_SCHEMA (( 'AUTOMOTIVE_DESIGN' ));
ENDSEC;

DATA;
#1 = ORIENTED_EDGE ( 'NONE', *, *, #1255, .T. ) ;
#2 = CARTESIAN_POINT ( 'NONE',  ( 3.400471652495715702, -10.46550198701209133, -74.52468820617490053 ) ) ;
#3 = EDGE_CURVE ( 'NONE', #100, #1167, #2310, .T. ) ;
#4 = DIRECTION ( 'NONE',  ( 0.000000000000000000, 0.000000000000000000, 1.000000000000000000 ) ) ;
#5 = EDGE_CURVE ( 'NONE', #771, #1761, #2625, .T. ) ;
#6 = FACE_BOUND ( 'NONE', #2280, .T. ) ;
#7 = CARTESIAN_POINT ( 'NONE',  ( 4.317198520449307075, -3.527992288773731389, -65.72066530368749682 ) ) ;
#8 = DIRECTION ( 'NONE',  ( -0.000000000000000000, 1.000000000000000000, -0.000000000000000000 ) ) ;
#9 = APPLICATION_CONTEXT ( 'automotive_design' ) ;
#10 = CARTESIAN_POINT ( 'NONE',  ( 5.953200345587227993, -4.130629400135508611, -72.27239226351973400 ) ) ;
#11 = DIRECTION ( 'NONE',  ( 0.000000000000000000, 0.000000000000000000, 1.000000000000000000 ) ) ;
#12 = CARTESIAN_POINT ( 'NONE',  ( 54.25356520494272416, 2.500000000000000000, -25.29885293727650009 ) ) ;
#13 = VERTEX_POINT ( 'NONE', #2193 ) ;
#14 = ORIENTED_EDGE ( 'NONE', *, *, #3, .T. ) ;
#15 = CARTESIAN_POINT ( 'NONE',  ( 3.499999999999998668, -15.25650028374765732, -58.12125476628096976 ) ) ;
#16 = CARTESIAN_POINT ( 'NONE',  ( 2.434792373825484191, -9.349620580369311540, -74.35612609246805960 ) ) ;
#17 = CARTESIAN_POINT ( 'NONE',  ( 0.000000000000000000, 2.500000000000000000, 0.000000000000000000 ) ) ;
#18 = ADVANCED_FACE ( 'NONE', ( #890, #1335 ), #273, .T. ) ;
#19 = CARTESIAN_POINT ( 'NONE',  ( 54.25356520494270995, 4.974873734152918558, 25.29885293727652851 ) ) ;
#20 = EDGE_CURVE ( 'NONE', #2194, #1884, #388, .T. ) ;
#21 = CARTESIAN_POINT ( 'NONE',  ( 3.932811545386096341, -2.113007074157431830, -69.97977969371699203 ) ) ;
#22 = DIRECTION ( 'NONE',  ( 0.000000000000000000, 1.000000000000000000, 0.000000000000000000 ) ) ;
#23 = LINE ( 'NONE', #1938, #385 ) ;
#24 = EDGE_LOOP ( 'NONE', ( #2567, #709 ) ) ;
#25 = CIRCLE ( 'NONE', #277, 61.61979851221319393 ) ;
#26 = AXIS2_PLACEMENT_3D ( 'NONE', #1480, #1890, #1676 ) ;
#27 = CARTESIAN_POINT ( 'NONE',  ( 6.147016235448547583, -4.680040593443542285, -72.71215044945505213 ) ) ;
#28 = DIRECTION ( 'NONE',  ( 0.000000000000000000, 1.000000000000000000, 0.000000000000000000 ) ) ;
#29 = VECTOR ( 'NONE', #181, 1000.000000000000000 ) ;
#30 = CARTESIAN_POINT ( 'NONE',  ( 2.500000000000001332, -2.849999999999997868, -65.81472120927369929 ) ) ;
#31 = AXIS2_PLACEMENT_3D ( 'NONE', #1500, #1719, #1334 ) ;
#32 = B_SPLINE_CURVE_WITH_KNOTS ( 'NONE', 3,
 ( #1481, #813, #2515, #2143, #1066, #601, #1691, #2355, #1891, #1451, #1466, #1924, #1078, #2535, #419, #2311, #222, #641, #393, #1677, #617, #435, #407, #2128, #1253, #7, #2113, #858, #1297, #883, #1134, #280, #1249, #30 ),
 .UNSPECIFIED., .F., .F.,
 ( 4, 2, 2, 2, 2, 2, 2, 2, 2, 2, 2, 2, 2, 2, 2, 2, 4 ),
 ( 1.301042606982605321E-18, 0.0005376723053720730040, 0.001075344610744144707, 0.001613016916116216193, 0.002150689221488288547, 0.002688361526860360683, 0.003226033832232432820, 0.003763706137604504957, 0.004301378442976577093, 0.004839050748348647929, 0.005376723053720720499, 0.005914395359092791335, 0.006452067664464863905, 0.006989739969836934741, 0.007527412275209007311, 0.008065084580581078147, 0.008602756885953150717 ),
 .UNSPECIFIED. ) ;
#33 = CARTESIAN_POINT ( 'NONE',  ( 8.065791511314664491E-15, -2.849999999999998312, -65.86218587212560749 ) ) ;
#34 = CARTESIAN_POINT ( 'NONE',  ( 3.819577977749652131, -2.073892945387745268, -70.43124416590390524 ) ) ;
#35 = CARTESIAN_POINT ( 'NONE',  ( 49.35599383943065988, -12.59999999999999964, -50.55599383943047798 ) ) ;
#36 = DIRECTION ( 'NONE',  ( -0.000000000000000000, 1.000000000000000000, -0.000000000000000000 ) ) ;
#37 = DIRECTION ( 'NONE',  ( 0.000000000000000000, 0.000000000000000000, 1.000000000000000000 ) ) ;
#38 = CARTESIAN_POINT ( 'NONE',  ( -2.764069532800574594E-15, -1.849999999999997868, 0.000000000000000000 ) ) ;
#39 = FACE_OUTER_BOUND ( 'NONE', #2278, .T. ) ;
#40 = ORIENTED_EDGE ( 'NONE', *, *, #2639, .F. ) ;
#41 = CIRCLE ( 'NONE', #710, 6.086963692511250912 ) ;
#42 = DIRECTION ( 'NONE',  ( 0.000000000000000000, 0.000000000000000000, 1.000000000000000000 ) ) ;
#43 = DIRECTION ( 'NONE',  ( 0.000000000000000000, -1.000000000000000000, 0.000000000000000000 ) ) ;
#44 = DIRECTION ( 'NONE',  ( 0.000000000000000000, 0.000000000000000000, -1.000000000000000000 ) ) ;
#45 = DIRECTION ( 'NONE',  ( 0.000000000000000000, 1.000000000000000000, 0.000000000000000000 ) ) ;
#46 = ORIENTED_EDGE ( 'NONE', *, *, #1322, .T. ) ;
#47 = EDGE_CURVE ( 'NONE', #2479, #1014, #670, .T. ) ;
#48 = CARTESIAN_POINT ( 'NONE',  ( 3.209238430557090166E-16, -1.849999999999997868, -75.79991587212563786 ) ) ;
#49 = CARTESIAN_POINT ( 'NONE',  ( -27.83696369251124381, -12.59999999999999964, 57.37000000000001165 ) ) ;
#50 = EDGE_CURVE ( 'NONE', #806, #1464, #563, .T. ) ;
#51 = VERTEX_POINT ( 'NONE', #1347 ) ;
#52 = DIRECTION ( 'NONE',  ( 0.000000000000000000, -0.000000000000000000, 1.000000000000000000 ) ) ;
#53 = CARTESIAN_POINT ( 'NONE',  ( 0.000000000000000000, 6.129999999999999893, 0.000000000000000000 ) ) ;
#54 = CARTESIAN_POINT ( 'NONE',  ( -3.823538513228663671, -9.113986116040068808, -75.42226353124017635 ) ) ;
#55 = CARTESIAN_POINT ( 'NONE',  ( -4.102572493729645942, -1.793716940252137348, -69.68263809846683898 ) ) ;
#56 = DIRECTION ( 'NONE',  ( 0.000000000000000000, 0.000000000000000000, 1.000000000000000000 ) ) ;
#57 = EDGE_CURVE ( 'NONE', #1621, #1883, #1104, .T. ) ;
#58 = ORIENTED_EDGE ( 'NONE', *, *, #649, .F. ) ;
#59 = FACE_OUTER_BOUND ( 'NONE', #1057, .T. ) ;
#60 = CARTESIAN_POINT ( 'NONE',  ( 2.500000000000000888, -9.506064011024532689, -74.99813430775110135 ) ) ;
#61 = EDGE_CURVE ( 'NONE', #1815, #1012, #490, .T. ) ;
#62 = CIRCLE ( 'NONE', #911, 69.56062550045484727 ) ;
#63 = CARTESIAN_POINT ( 'NONE',  ( -25.29885293727646101, 4.974873734152918558, -54.25356520494273127 ) ) ;
#64 = AXIS2_PLACEMENT_3D ( 'NONE', #2466, #89, #930 ) ;
#65 = CIRCLE ( 'NONE', #1983, 0.8749999999999973355 ) ;
#66 = DIRECTION ( 'NONE',  ( 7.929997705085078349E-17, 0.000000000000000000, 1.000000000000000000 ) ) ;
#67 = CARTESIAN_POINT ( 'NONE',  ( -5.564356424395709766, -7.768966110043774798, -74.78398923454348335 ) ) ;
#68 = DIRECTION ( 'NONE',  ( 0.000000000000000000, 0.000000000000000000, 1.000000000000000000 ) ) ;
#69 = VERTEX_POINT ( 'NONE', #2206 ) ;
#70 = ORIENTED_EDGE ( 'NONE', *, *, #1478, .F. ) ;
#71 = VECTOR ( 'NONE', #2641, 1000.000000000000000 ) ;
#72 = CARTESIAN_POINT ( 'NONE',  ( -5.521528344985198622, -3.374061941710332135, -71.63166228488840659 ) ) ;
#73 = DIRECTION ( 'NONE',  ( 0.000000000000000000, 0.000000000000000000, -1.000000000000000000 ) ) ;
#74 = DIRECTION ( 'NONE',  ( 0.000000000000000000, 0.000000000000000000, -1.000000000000000000 ) ) ;
#75 = AXIS2_PLACEMENT_3D ( 'NONE', #1975, #682, #2385 ) ;
#76 = EDGE_CURVE ( 'NONE', #311, #69, #2033, .T. ) ;
#77 = DIRECTION ( 'NONE',  ( 0.000000000000000000, 0.000000000000000000, 1.000000000000000000 ) ) ;
#78 = CARTESIAN_POINT ( 'NONE',  ( -5.250000000000002665, -5.779382191596796225, -65.65260869039725833 ) ) ;
#79 = ADVANCED_FACE ( 'NONE', ( #2406 ), #1996, .F. ) ;
#80 = AXIS2_PLACEMENT_3D ( 'NONE', #223, #2586, #1692 ) ;
#81 = LINE ( 'NONE', #1782, #1668 ) ;
#82 = CARTESIAN_POINT ( 'NONE',  ( 19.00000000000000000, 2.129999999999999893, 58.37000000000001876 ) ) ;
#83 = DIRECTION ( 'NONE',  ( 0.000000000000000000, 1.000000000000000000, 0.000000000000000000 ) ) ;
#84 = ORIENTED_EDGE ( 'NONE', *, *, #246, .F. ) ;
#85 = DIRECTION ( 'NONE',  ( 0.000000000000000000, 1.000000000000000000, 0.000000000000000000 ) ) ;
#86 = CARTESIAN_POINT ( 'NONE',  ( -2.472307366879855639, -9.349897747682055282, -75.55548224382994249 ) ) ;
#87 = LINE ( 'NONE', #2010, #2526 ) ;
#88 = ORIENTED_EDGE ( 'NONE', *, *, #473, .F. ) ;
#89 = DIRECTION ( 'NONE',  ( -0.000000000000000000, -1.000000000000000000, -0.000000000000000000 ) ) ;
#90 = EDGE_CURVE ( 'NONE', #1384, #145, #1015, .T. ) ;
#91 = CARTESIAN_POINT ( 'NONE',  ( 6.003218609420325293E-15, 0.000000000000000000, 49.02000000000000313 ) ) ;
#92 = CARTESIAN_POINT ( 'NONE',  ( 6.783046654201485559, -4.273365973718170174, -71.43130581521035083 ) ) ;
#93 = DIRECTION ( 'NONE',  ( 0.000000000000000000, 0.000000000000000000, 1.000000000000000000 ) ) ;
#94 = EDGE_CURVE ( 'NONE', #360, #590, #433, .T. ) ;
#95 = ORIENTED_EDGE ( 'NONE', *, *, #531, .T. ) ;
#96 = CARTESIAN_POINT ( 'NONE',  ( -6.065323525952242889, -6.888380181758477327, -73.06684275113869376 ) ) ;
#97 = CARTESIAN_POINT ( 'NONE',  ( 4.965224593462493452, -2.758544371245944316, -71.07824493066478055 ) ) ;
#98 = CARTESIAN_POINT ( 'NONE',  ( -54.25356520494272416, 2.500000000000000000, -25.29885293727648943 ) ) ;
#99 = DIRECTION ( 'NONE',  ( 0.000000000000000000, 1.000000000000000000, 0.000000000000000000 ) ) ;
#100 = VERTEX_POINT ( 'NONE', #2431 ) ;
#101 = VERTEX_POINT ( 'NONE', #507 ) ;
#102 = AXIS2_PLACEMENT_3D ( 'NONE', #1950, #1718, #646 ) ;
#103 = CARTESIAN_POINT ( 'NONE',  ( -2.499999999999997335, -12.59999999999999964, -65.81472120927368508 ) ) ;
#104 = AXIS2_PLACEMENT_3D ( 'NONE', #403, #390, #1234 ) ;
#105 = CIRCLE ( 'NONE', #2480, 6.086963692511236701 ) ;
#106 = ORIENTED_EDGE ( 'NONE', *, *, #531, .F. ) ;
#107 = CARTESIAN_POINT ( 'NONE',  ( 7.169730810715357450, -6.371807928844472890, -72.68634538991510396 ) ) ;
#108 = DIRECTION ( 'NONE',  ( 1.734723475976807341E-16, -1.000000000000000000, 0.000000000000000000 ) ) ;
#109 = ADVANCED_FACE ( 'NONE', ( #1364 ), #457, .F. ) ;
#110 = AXIS2_PLACEMENT_3D ( 'NONE', #2566, #2159, #448 ) ;
#111 = VERTEX_POINT ( 'NONE', #1962 ) ;
#112 = LINE ( 'NONE', #1816, #1755 ) ;
#113 = CARTESIAN_POINT ( 'NONE',  ( -2.791273375841577753, -9.356122073239561132, -74.34598775593683229 ) ) ;
#114 = DIRECTION ( 'NONE',  ( -0.000000000000000000, -0.000000000000000000, -1.000000000000000000 ) ) ;
#115 = EDGE_LOOP ( 'NONE', ( #1854, #2003 ) ) ;
#116 = VERTEX_POINT ( 'NONE', #1741 ) ;
#117 = EDGE_LOOP ( 'NONE', ( #2134, #2092 ) ) ;
#118 = B_SPLINE_CURVE_WITH_KNOTS ( 'NONE', 3,
 ( #787, #2314, #2283, #2476, #1257, #1212, #2116, #2072, #1010, #2104, #1881, #1456, #1055, #1914, #189, #2748, #2298, #1867 ),
 .UNSPECIFIED., .F., .F.,
 ( 4, 2, 2, 2, 2, 2, 2, 2, 4 ),
 ( 1.371419323662773916E-18, 0.0005379145919164466435, 0.001075829183832891769, 0.001613743775749337112, 0.002151658367665782237, 0.002689572959582227363, 0.003227487551498672922, 0.003765402143415118048, 0.004303316735331563607 ),
 .UNSPECIFIED. ) ;
#119 = CIRCLE ( 'NONE', #2357, 1.199999999999999734 ) ;
#120 = DIRECTION ( 'NONE',  ( -0.000000000000000000, -0.000000000000000000, -1.000000000000000000 ) ) ;
#121 = LINE ( 'NONE', #975, #2015 ) ;
#122 = ORIENTED_EDGE ( 'NONE', *, *, #2758, .T. ) ;
#123 = PLANE ( 'NONE',  #1218 ) ;
#124 = LINE ( 'NONE', #730, #2615 ) ;
#125 = EDGE_LOOP ( 'NONE', ( #2027, #2408, #1369, #2337 ) ) ;
#126 = EDGE_CURVE ( 'NONE', #145, #1384, #119, .T. ) ;
#127 = CARTESIAN_POINT ( 'NONE',  ( -6.223144981547767962, -6.305785169346144414, -72.74219915574958861 ) ) ;
#128 = FACE_OUTER_BOUND ( 'NONE', #789, .T. ) ;
#129 = CARTESIAN_POINT ( 'NONE',  ( -6.633679263736473430, -8.183335264929922914, -73.62141430907554707 ) ) ;
#130 = DIRECTION ( 'NONE',  ( 0.000000000000000000, 1.000000000000000000, 0.000000000000000000 ) ) ;
#131 = VERTEX_POINT ( 'NONE', #471 ) ;
#132 = EDGE_LOOP ( 'NONE', ( #1201, #2395, #290, #1172 ) ) ;
#133 = EDGE_LOOP ( 'NONE', ( #1189, #440, #1145, #2706, #1190, #895 ) ) ;
#134 = DIRECTION ( 'NONE',  ( -0.000000000000000000, -0.000000000000000000, -1.000000000000000000 ) ) ;
#135 = EDGE_CURVE ( 'NONE', #570, #1875, #2458, .T. ) ;
#136 = CARTESIAN_POINT ( 'NONE',  ( 9.031770143711728220E-15, -7.800000000000016698, 73.74999999999998579 ) ) ;
#137 = ORIENTED_EDGE ( 'NONE', *, *, #1548, .T. ) ;
#138 = DIRECTION ( 'NONE',  ( 0.000000000000000000, -0.000000000000000000, 1.000000000000000000 ) ) ;
#139 = ORIENTED_EDGE ( 'NONE', *, *, #2035, .F. ) ;
#140 = DIRECTION ( 'NONE',  ( 0.000000000000000000, 1.000000000000000000, 0.000000000000000000 ) ) ;
#141 = CARTESIAN_POINT ( 'NONE',  ( -3.650012442287572600, -9.176513910630072601, -74.24689871695001386 ) ) ;
#142 = LINE ( 'NONE', #1849, #2694 ) ;
#143 = CARTESIAN_POINT ( 'NONE',  ( 6.420322786838124074, -8.553652538261989235, -73.79203328029140607 ) ) ;
#144 = VERTEX_POINT ( 'NONE', #331 ) ;
#145 = VERTEX_POINT ( 'NONE', #303 ) ;
#146 = ORIENTED_EDGE ( 'NONE', *, *, #2121, .F. ) ;
#147 = CARTESIAN_POINT ( 'NONE',  ( 21.83270462132268364, 2.129999999999999893, 58.37000000000001165 ) ) ;
#148 = EDGE_CURVE ( 'NONE', #1696, #739, #124, .T. ) ;
#149 = CARTESIAN_POINT ( 'NONE',  ( 3.500000000000001332, -15.25650028374765732, -52.62125476628097687 ) ) ;
#150 = STYLED_ITEM ( 'NONE', ( #1133 ), #2342 ) ;
#151 = EDGE_CURVE ( 'NONE', #1203, #101, #1912, .T. ) ;
#152 = CIRCLE ( 'NONE', #1090, 61.61979851221319393 ) ;
#153 = EDGE_LOOP ( 'NONE', ( #413, #2026, #1600, #491, #576 ) ) ;
#154 = DIRECTION ( 'NONE',  ( -1.000000000000000000, 0.000000000000000000, 0.000000000000000000 ) ) ;
#155 = AXIS2_PLACEMENT_3D ( 'NONE', #1847, #1434, #361 ) ;
#156 = VERTEX_POINT ( 'NONE', #764 ) ;
#157 = DIRECTION ( 'NONE',  ( 0.000000000000000000, 0.000000000000000000, 1.000000000000000000 ) ) ;
#158 = DIRECTION ( 'NONE',  ( 0.000000000000000000, 1.000000000000000000, 0.000000000000000000 ) ) ;
#159 = CARTESIAN_POINT ( 'NONE',  ( 0.000000000000000000, -12.59999999999999964, 0.000000000000000000 ) ) ;
#160 = PLANE ( 'NONE',  #1223 ) ;
#161 = ORIENTED_EDGE ( 'NONE', *, *, #2763, .F. ) ;
#162 = ORIENTED_EDGE ( 'NONE', *, *, #262, .F. ) ;
#163 = AXIS2_PLACEMENT_3D ( 'NONE', #1098, #260, #1981 ) ;
#164 = ORIENTED_EDGE ( 'NONE', *, *, #148, .T. ) ;
#165 = CARTESIAN_POINT ( 'NONE',  ( 6.429604148917825057, -8.539823307643940709, -73.78595077498061983 ) ) ;
#166 = AXIS2_PLACEMENT_3D ( 'NONE', #2006, #535, #1585 ) ;
#167 = CARTESIAN_POINT ( 'NONE',  ( 69.79991587212562365, -12.59999999999999964, 2.488148210778209755E-13 ) ) ;
#168 = VECTOR ( 'NONE', #749, 1000.000000000000000 ) ;
#169 = ORIENTED_EDGE ( 'NONE', *, *, #61, .F. ) ;
#170 = DIRECTION ( 'NONE',  ( 1.000000000000000000, 0.000000000000000000, 0.000000000000000000 ) ) ;
#171 = DIRECTION ( 'NONE',  ( -2.378999311525523505E-16, 0.000000000000000000, 1.000000000000000000 ) ) ;
#172 = CARTESIAN_POINT ( 'NONE',  ( -19.00000000000000000, -12.59999999999999964, 61.37000000000001876 ) ) ;
#173 = DIRECTION ( 'NONE',  ( -0.000000000000000000, 1.000000000000000000, -0.000000000000000000 ) ) ;
#174 = CARTESIAN_POINT ( 'NONE',  ( 49.35599383943065988, -12.59999999999999964, -48.15599383943047940 ) ) ;
#175 = CARTESIAN_POINT ( 'NONE',  ( 0.000000000000000000, -7.800000000000016698, 0.000000000000000000 ) ) ;
#176 = EDGE_LOOP ( 'NONE', ( #979, #953, #2494, #204 ) ) ;
#177 = ORIENTED_EDGE ( 'NONE', *, *, #2552, .T. ) ;
#178 = EDGE_LOOP ( 'NONE', ( #2451, #2513 ) ) ;
#179 = AXIS2_PLACEMENT_3D ( 'NONE', #487, #1544, #42 ) ;
#180 = ADVANCED_FACE ( 'NONE', ( #2037 ), #1154, .F. ) ;
#181 = DIRECTION ( 'NONE',  ( 0.000000000000000000, -1.000000000000000000, 0.000000000000000000 ) ) ;
#182 = FACE_OUTER_BOUND ( 'NONE', #723, .T. ) ;
#183 = ORIENTED_EDGE ( 'NONE', *, *, #1298, .T. ) ;
#184 = DIRECTION ( 'NONE',  ( 0.000000000000000000, 0.000000000000000000, 1.000000000000000000 ) ) ;
#185 = DIRECTION ( 'NONE',  ( 0.000000000000000000, 1.000000000000000000, 0.000000000000000000 ) ) ;
#186 = CARTESIAN_POINT ( 'NONE',  ( 54.25356520494272416, 0.000000000000000000, -26.17385293727649653 ) ) ;
#187 = FACE_OUTER_BOUND ( 'NONE', #1898, .T. ) ;
#188 = LINE ( 'NONE', #619, #2363 ) ;
#189 = CARTESIAN_POINT ( 'NONE',  ( -5.161971253660770920, -4.886391357107897626, -65.65959819471484593 ) ) ;
#190 = DIRECTION ( 'NONE',  ( 0.000000000000000000, 0.000000000000000000, -1.000000000000000000 ) ) ;
#191 = ORIENTED_EDGE ( 'NONE', *, *, #1358, .T. ) ;
#192 = EDGE_LOOP ( 'NONE', ( #1031, #1549, #1397, #2120 ) ) ;
#193 =( BOUNDED_SURFACE ( )  B_SPLINE_SURFACE ( 3, 2, ( 
 ( #86, #2231, #1574 ),
 ( #1561, #113, #348 ),
 ( #981, #2475, #2435 ),
 ( #2054, #141, #511 ),
 ( #2221, #2628, #523 ),
 ( #966, #2420, #1817 ),
 ( #1393, #948, #306 ),
 ( #2250, #1802, #1227 ),
 ( #2103, #1693, #572 ),
 ( #2297, #2115, #2071 ),
 ( #2343, #201, #847 ),
 ( #604, #409, #1894 ),
 ( #585, #1054, #1483 ),
 ( #633, #2553, #815 ),
 ( #1913, #1241, #1661 ),
 ( #2764, #802, #2327 ) ),
 .UNSPECIFIED., .F., .F., .T. ) 
 B_SPLINE_SURFACE_WITH_KNOTS ( ( 4, 2, 2, 2, 2, 2, 2, 4 ),
 ( 3, 3 ),
 ( -3.461676852665769978E-05, 0.001416402778882410807, 0.002141912552586945108, 0.002867422326291479192, 0.003592932099996013276, 0.004318441873700547794, 0.005043951647405082311, 0.005769461421109615962 ),
 ( 0.000000000000000000, 1.000000000000000000 ),
 .UNSPECIFIED. ) 
 GEOMETRIC_REPRESENTATION_ITEM ( )  RATIONAL_B_SPLINE_SURFACE ( (
 ( 1.000000000000000000, 0.6402024315422715217, 1.000000000000000000),
 ( 1.000000000000000000, 0.6415654356245624745, 1.000000000000000000),
 ( 1.000000000000000000, 0.6422820910264730454, 1.000000000000000000),
 ( 1.000000000000000000, 0.6432613066695301862, 1.000000000000000000),
 ( 1.000000000000000000, 0.6435779018729159695, 1.000000000000000000),
 ( 1.000000000000000000, 0.6444537871616577984, 1.000000000000000000),
 ( 1.000000000000000000, 0.6450150280810751369, 1.000000000000000000),
 ( 1.000000000000000000, 0.6467273155358677084, 1.000000000000000000),
 ( 1.000000000000000000, 0.6478889966666837585, 1.000000000000000000),
 ( 1.000000000000000000, 0.6510725431955514120, 1.000000000000000000),
 ( 1.000000000000000000, 0.6530999794738727715, 1.000000000000000000),
 ( 1.000000000000000000, 0.6583133676990429173, 1.000000000000000000),
 ( 1.000000000000000000, 0.6615259222175665643, 1.000000000000000000),
 ( 1.000000000000000000, 0.6691619359620523122, 1.000000000000000000),
 ( 1.000000000000000000, 0.6735924267556435696, 1.000000000000000000),
 ( 1.000000000000000000, 0.6786773609885221603, 1.000000000000000000) ) ) 
 REPRESENTATION_ITEM ( '' )  SURFACE ( )  );
#194 = EDGE_LOOP ( 'NONE', ( #681, #14 ) ) ;
#195 = DIRECTION ( 'NONE',  ( -1.000000000000000000, 0.000000000000000000, 0.000000000000000000 ) ) ;
#196 = CARTESIAN_POINT ( 'NONE',  ( -6.166228280108301263, -4.689970932822403960, -72.72377563211526308 ) ) ;
#197 = ORIENTED_EDGE ( 'NONE', *, *, #1444, .T. ) ;
#198 = PLANE ( 'NONE',  #2529 ) ;
#199 = DIRECTION ( 'NONE',  ( -1.000000000000000000, 0.000000000000000000, 0.000000000000000000 ) ) ;
#200 = PLANE ( 'NONE',  #1641 ) ;
#201 = CARTESIAN_POINT ( 'NONE',  ( -5.100951868477512363, -8.326599186103592842, -73.83308363752070136 ) ) ;
#202 = DIRECTION ( 'NONE',  ( 0.000000000000000000, 1.000000000000000000, 0.000000000000000000 ) ) ;
#203 = FACE_OUTER_BOUND ( 'NONE', #1419, .T. ) ;
#204 = ORIENTED_EDGE ( 'NONE', *, *, #1956, .T. ) ;
#205 = EDGE_CURVE ( 'NONE', #1278, #513, #1861, .T. ) ;
#206 = AXIS2_PLACEMENT_3D ( 'NONE', #993, #584, #1865 ) ;
#207 = VERTEX_POINT ( 'NONE', #520 ) ;
#208 = AXIS2_PLACEMENT_3D ( 'NONE', #950, #130, #1850 ) ;
#209 = CARTESIAN_POINT ( 'NONE',  ( 4.728958304447877126, -9.994639323761020933, -74.35134072893986001 ) ) ;
#210 = LINE ( 'NONE', #415, #2609 ) ;
#211 = AXIS2_PLACEMENT_3D ( 'NONE', #2018, #108, #1814 ) ;
#212 = CARTESIAN_POINT ( 'NONE',  ( 3.500000000000000000, 3.400000000000000355, -55.37125476628098397 ) ) ;
#213 = CARTESIAN_POINT ( 'NONE',  ( 21.83270462132268364, 0.000000000000000000, 58.37000000000001165 ) ) ;
#214 = CARTESIAN_POINT ( 'NONE',  ( 69.79991587212562365, -12.59999999999999964, -1.199999999999752154 ) ) ;
#215 = CARTESIAN_POINT ( 'NONE',  ( -25.29885293727646101, 2.500000000000000000, -54.25356520494273127 ) ) ;
#216 = ORIENTED_EDGE ( 'NONE', *, *, #1837, .T. ) ;
#217 = ORIENTED_EDGE ( 'NONE', *, *, #1992, .F. ) ;
#218 = DIRECTION ( 'NONE',  ( -0.000000000000000000, 1.000000000000000000, -0.000000000000000000 ) ) ;
#219 = CARTESIAN_POINT ( 'NONE',  ( 5.324828564956217924, -8.073147318728645772, -74.94210458122678631 ) ) ;
#220 = LINE ( 'NONE', #1087, #1673 ) ;
#221 = EDGE_CURVE ( 'NONE', #923, #2272, #2398, .T. ) ;
#222 = CARTESIAN_POINT ( 'NONE',  ( 5.249872661796558759, -5.781397331321356248, -65.65261887316825096 ) ) ;
#223 = CARTESIAN_POINT ( 'NONE',  ( -49.35599383943065277, -4.505887450304554065, -49.35599383943048224 ) ) ;
#224 = CARTESIAN_POINT ( 'NONE',  ( 6.146254089725847969, -4.630012500279273802, -71.73377452455328296 ) ) ;
#225 = CYLINDRICAL_SURFACE ( 'NONE', #2240, 2.750000000000002665 ) ;
#226 = CARTESIAN_POINT ( 'NONE',  ( -5.871119578063471067, -2.935789405719134937, -70.52268645812058878 ) ) ;
#227 = EDGE_LOOP ( 'NONE', ( #1908, #2718, #1224, #526 ) ) ;
#228 = DIRECTION ( 'NONE',  ( 1.734723475976807341E-16, -1.000000000000000000, 0.000000000000000000 ) ) ;
#229 = CARTESIAN_POINT ( 'NONE',  ( -2.499999999999999112, -11.21161885980886908, -74.67924059684115434 ) ) ;
#230 = CARTESIAN_POINT ( 'NONE',  ( 4.980180331729946452, -8.434718025324947632, -73.88676111689930792 ) ) ;
#231 = DIRECTION ( 'NONE',  ( -0.3405946822649599248, -0.8412803087965835536, -0.4198127016229452058 ) ) ;
#232 = CARTESIAN_POINT ( 'NONE',  ( -53.50000000000001421, 2.129999999999999893, -1.131937325344068485E-14 ) ) ;
#233 = CIRCLE ( 'NONE', #594, 0.8750000000000007772 ) ;
#234 = CARTESIAN_POINT ( 'NONE',  ( 5.527602823948503996, -3.368078594154519045, -71.62833293164702297 ) ) ;
#235 = CARTESIAN_POINT ( 'NONE',  ( -2.499999999999998668, -9.350000000000003197, 74.80191587212563320 ) ) ;
#236 = CARTESIAN_POINT ( 'NONE',  ( -2.500000000000000000, -8.350000000000010303, -75.79991587212563786 ) ) ;
#237 = ORIENTED_EDGE ( 'NONE', *, *, #643, .T. ) ;
#238 = CIRCLE ( 'NONE', #104, 0.8750000000000007772 ) ;
#239 = DIRECTION ( 'NONE',  ( 0.000000000000000000, 0.000000000000000000, -1.000000000000000000 ) ) ;
#240 = CARTESIAN_POINT ( 'NONE',  ( 2.500000000000001332, -10.38497416756226777, -74.54358097432837837 ) ) ;
#241 = CIRCLE ( 'NONE', #1799, 0.8749999999999973355 ) ;
#242 = CIRCLE ( 'NONE', #1806, 1.200000000000001066 ) ;
#243 = VERTEX_POINT ( 'NONE', #1376 ) ;
#244 = AXIS2_PLACEMENT_3D ( 'NONE', #1003, #759, #1418 ) ;
#245 = DIRECTION ( 'NONE',  ( -0.000000000000000000, -1.000000000000000000, -0.000000000000000000 ) ) ;
#246 = EDGE_CURVE ( 'NONE', #1747, #543, #1060, .T. ) ;
#247 = CARTESIAN_POINT ( 'NONE',  ( 0.000000000000000000, 0.000000000000000000, 0.000000000000000000 ) ) ;
#248 = DIRECTION ( 'NONE',  ( 0.000000000000000000, 1.000000000000000000, 0.000000000000000000 ) ) ;
#249 = DIRECTION ( 'NONE',  ( -0.000000000000000000, -0.000000000000000000, -1.000000000000000000 ) ) ;
#250 = ADVANCED_FACE ( 'NONE', ( #2652 ), #315, .F. ) ;
#251 = DIRECTION ( 'NONE',  ( 0.000000000000000000, 0.000000000000000000, 1.000000000000000000 ) ) ;
#252 = CARTESIAN_POINT ( 'NONE',  ( 25.29885293727646101, 4.974873734152918558, -54.25356520494273127 ) ) ;
#253 = EDGE_CURVE ( 'NONE', #2189, #2579, #910, .T. ) ;
#254 = ORIENTED_EDGE ( 'NONE', *, *, #47, .T. ) ;
#255 = ORIENTED_EDGE ( 'NONE', *, *, #2622, .T. ) ;
#256 = CIRCLE ( 'NONE', #2142, 0.9999999999999993339 ) ;
#257 = EDGE_CURVE ( 'NONE', #207, #116, #2130, .T. ) ;
#258 = CARTESIAN_POINT ( 'NONE',  ( -4.971860376829594586, -6.818544460282551789, -65.67429412866883354 ) ) ;
#259 = DIRECTION ( 'NONE',  ( 0.000000000000000000, 0.000000000000000000, 1.000000000000000000 ) ) ;
#260 = DIRECTION ( 'NONE',  ( 0.000000000000000000, 1.000000000000000000, 0.000000000000000000 ) ) ;
#261 = DIRECTION ( 'NONE',  ( 0.000000000000000000, 0.000000000000000000, 1.000000000000000000 ) ) ;
#262 = EDGE_CURVE ( 'NONE', #2111, #2689, #2483, .T. ) ;
#263 = ORIENTED_EDGE ( 'NONE', *, *, #2528, .F. ) ;
#264 = CARTESIAN_POINT ( 'NONE',  ( 5.805456238923533796, -7.428346551086209004, -73.35670225367087482 ) ) ;
#265 = DIRECTION ( 'NONE',  ( 0.000000000000000000, 0.000000000000000000, 1.000000000000000000 ) ) ;
#266 = EDGE_CURVE ( 'NONE', #2135, #1012, #538, .T. ) ;
#267 = EDGE_CURVE ( 'NONE', #2189, #156, #2169, .T. ) ;
#268 = CARTESIAN_POINT ( 'NONE',  ( 2.500000000000001776, -11.90416373652237425, -74.74230738907525051 ) ) ;
#269 = EDGE_CURVE ( 'NONE', #321, #1459, #994, .T. ) ;
#270 = CARTESIAN_POINT ( 'NONE',  ( -4.885705085400393166, -6.979489215819815406, -65.68079913620780985 ) ) ;
#271 = CARTESIAN_POINT ( 'NONE',  ( 25.29885293727646101, 4.974873734152918558, -55.12856520494273127 ) ) ;
#272 = CARTESIAN_POINT ( 'NONE',  ( -21.83270462132269074, 2.129999999999999893, 58.37000000000001165 ) ) ;
#273 = PLANE ( 'NONE',  #1582 ) ;
#274 = ORIENTED_EDGE ( 'NONE', *, *, #1077, .F. ) ;
#275 = CARTESIAN_POINT ( 'NONE',  ( -6.253877542536343093, -5.842709954269343697, -73.56807678524613436 ) ) ;
#276 = EDGE_CURVE ( 'NONE', #1384, #2397, #2023, .T. ) ;
#277 = AXIS2_PLACEMENT_3D ( 'NONE', #2090, #1023, #2729 ) ;
#278 = DIRECTION ( 'NONE',  ( 0.000000000000000000, -1.000000000000000000, 0.000000000000000000 ) ) ;
#279 = DIRECTION ( 'NONE',  ( -0.000000000000000000, -1.000000000000000000, -0.000000000000000000 ) ) ;
#280 = CARTESIAN_POINT ( 'NONE',  ( 2.863454929800618221, -2.868215030346955796, -65.80014610275560472 ) ) ;
#281 = AXIS2_PLACEMENT_3D ( 'NONE', #1524, #1931, #1722 ) ;
#282 = ADVANCED_FACE ( 'NONE', ( #1788 ), #767, .F. ) ;
#283 = CARTESIAN_POINT ( 'NONE',  ( -2.500000000000000888, -1.850000000000004752, -70.24964996523893035 ) ) ;
#284 = AXIS2_PLACEMENT_3D ( 'NONE', #936, #85, #1156 ) ;
#285 = AXIS2_PLACEMENT_3D ( 'NONE', #2555, #2299, #587 ) ;
#286 = CARTESIAN_POINT ( 'NONE',  ( -19.00000000000000000, 0.000000000000000000, 61.37000000000001876 ) ) ;
#287 = CARTESIAN_POINT ( 'NONE',  ( -4.341065564195586646, -8.872439806220530301, -75.31541521906490289 ) ) ;
#288 = CARTESIAN_POINT ( 'NONE',  ( -6.792797688439220494, -4.268720488540082236, -71.43042480091570212 ) ) ;
#289 = CARTESIAN_POINT ( 'NONE',  ( -25.29885293727646101, 0.000000000000000000, -54.25356520494273127 ) ) ;
#290 = ORIENTED_EDGE ( 'NONE', *, *, #1554, .F. ) ;
#291 = VECTOR ( 'NONE', #249, 1000.000000000000000 ) ;
#292 = CARTESIAN_POINT ( 'NONE',  ( -7.037177532872068930, -4.969978004836677954, -71.87133553279524278 ) ) ;
#293 = CARTESIAN_POINT ( 'NONE',  ( 6.091996733136734399, -6.720581902938024044, -74.15768534452284655 ) ) ;
#294 =( LENGTH_UNIT ( ) NAMED_UNIT ( * ) SI_UNIT ( .MILLI., .METRE. ) );
#295 = DIRECTION ( 'NONE',  ( 0.000000000000000000, -1.000000000000000000, 0.000000000000000000 ) ) ;
#296 = EDGE_LOOP ( 'NONE', ( #998, #1194 ) ) ;
#297 = ADVANCED_FACE ( 'NONE', ( #128 ), #193, .F. ) ;
#298 = DIRECTION ( 'NONE',  ( 0.000000000000000000, 0.000000000000000000, -1.000000000000000000 ) ) ;
#299 = EDGE_CURVE ( 'NONE', #1883, #1501, #188, .T. ) ;
#300 = CIRCLE ( 'NONE', #1112, 1.200000000000006617 ) ;
#301 = CARTESIAN_POINT ( 'NONE',  ( -5.837948413365043443, -7.317842130198025430, -74.53017975366223880 ) ) ;
#302 = CARTESIAN_POINT ( 'NONE',  ( 6.853002558517947485, -4.439518877708385602, -71.53793545117845554 ) ) ;
#303 = CARTESIAN_POINT ( 'NONE',  ( 49.35599383943065988, -7.900000000000000355, -50.55599383943047798 ) ) ;
#304 = ORIENTED_EDGE ( 'NONE', *, *, #2537, .T. ) ;
#305 = CARTESIAN_POINT ( 'NONE',  ( -5.527135590938277332, -3.362138449512982241, -70.88609209419637125 ) ) ;
#306 = CARTESIAN_POINT ( 'NONE',  ( -4.928269135926075961, -9.886504315392224740, -74.31287911478663943 ) ) ;
#307 = CARTESIAN_POINT ( 'NONE',  ( 2.500000000000000888, -5.599999999999999645, -75.79991587212563786 ) ) ;
#308 = CARTESIAN_POINT ( 'NONE',  ( 5.827414545949691771, -9.216996649280188691, -74.06328963031472767 ) ) ;
#309 = ORIENTED_EDGE ( 'NONE', *, *, #2528, .T. ) ;
#310 = EDGE_LOOP ( 'NONE', ( #1650, #877 ) ) ;
#311 = VERTEX_POINT ( 'NONE', #1435 ) ;
#312 = CARTESIAN_POINT ( 'NONE',  ( 0.000000000000000000, -12.59999999999999787, 0.000000000000000000 ) ) ;
#313 = EDGE_CURVE ( 'NONE', #111, #984, #691, .T. ) ;
#314 = CARTESIAN_POINT ( 'NONE',  ( 5.241140034483219523, 2.129999999999999893, -53.24265631182331049 ) ) ;
#315 = PLANE ( 'NONE',  #211 ) ;
#316 = ORIENTED_EDGE ( 'NONE', *, *, #1444, .F. ) ;
#317 = CARTESIAN_POINT ( 'NONE',  ( -5.805456238923534684, -7.428346551086216998, -73.35670225367090325 ) ) ;
#318 = CARTESIAN_POINT ( 'NONE',  ( 19.00000000000000000, 2.129999999999999893, 58.37000000000001876 ) ) ;
#319 = LINE ( 'NONE', #1425, #719 ) ;
#320 = LINE ( 'NONE', #2056, #1759 ) ;
#321 = VERTEX_POINT ( 'NONE', #2519 ) ;
#322 = VERTEX_POINT ( 'NONE', #2089 ) ;
#323 = ORIENTED_EDGE ( 'NONE', *, *, #873, .F. ) ;
#324 = CIRCLE ( 'NONE', #1000, 1.200000000000001066 ) ;
#325 = DIRECTION ( 'NONE',  ( 0.000000000000000000, 0.000000000000000000, -1.000000000000000000 ) ) ;
#326 = CIRCLE ( 'NONE', #2165, 0.8749999999999973355 ) ;
#327 = AXIS2_PLACEMENT_3D ( 'NONE', #1646, #571, #2490 ) ;
#328 = ORIENTED_EDGE ( 'NONE', *, *, #2260, .T. ) ;
#329 = DIRECTION ( 'NONE',  ( 0.000000000000000000, 0.000000000000000000, -1.000000000000000000 ) ) ;
#330 = CARTESIAN_POINT ( 'NONE',  ( -7.030955216763251414, -4.945065846606540916, -71.85611242520214148 ) ) ;
#331 = CARTESIAN_POINT ( 'NONE',  ( 6.003218609420325293E-15, 6.129999999999999893, 49.02000000000000313 ) ) ;
#332 = ORIENTED_EDGE ( 'NONE', *, *, #842, .T. ) ;
#333 = CARTESIAN_POINT ( 'NONE',  ( -4.677444517505589872, -2.057603085099592999, -69.87973313928993946 ) ) ;
#334 = CARTESIAN_POINT ( 'NONE',  ( 6.253182557785955886, -5.849829925005423092, -73.57299363939500836 ) ) ;
#335 = CARTESIAN_POINT ( 'NONE',  ( 2.500000000000000888, -9.350000000000003197, 74.80191587212563320 ) ) ;
#336 = DIRECTION ( 'NONE',  ( 0.000000000000000000, 0.000000000000000000, 1.000000000000000000 ) ) ;
#337 = ORIENTED_EDGE ( 'NONE', *, *, #960, .T. ) ;
#338 = ORIENTED_EDGE ( 'NONE', *, *, #2407, .T. ) ;
#339 = ADVANCED_FACE ( 'NONE', ( #2701 ), #1256, .F. ) ;
#340 = EDGE_LOOP ( 'NONE', ( #934, #851, #863, #738 ) ) ;
#341 = CARTESIAN_POINT ( 'NONE',  ( -2.499999999999999556, -9.820716493756362908, -74.69299503743710034 ) ) ;
#342 = CARTESIAN_POINT ( 'NONE',  ( 0.000000000000000000, -12.59999999999999964, 0.000000000000000000 ) ) ;
#343 = ORIENTED_EDGE ( 'NONE', *, *, #2647, .T. ) ;
#344 = EDGE_CURVE ( 'NONE', #739, #2322, #2728, .T. ) ;
#345 = CARTESIAN_POINT ( 'NONE',  ( 5.347133304244254148, -8.047174877001690874, -74.92897126606425218 ) ) ;
#346 = ORIENTED_EDGE ( 'NONE', *, *, #1765, .T. ) ;
#347 = DIRECTION ( 'NONE',  ( 0.000000000000000000, -1.000000000000000000, 0.000000000000000000 ) ) ;
#348 = CARTESIAN_POINT ( 'NONE',  ( -2.917330006217939253, -10.53325519170865299, -74.55715283072690625 ) ) ;
#349 = CARTESIAN_POINT ( 'NONE',  ( -2.499999999999999112, -9.350000000000003197, -75.79991587212563786 ) ) ;
#350 = CARTESIAN_POINT ( 'NONE',  ( -2.499999999999999112, -2.849999999999998312, -75.79991587212563786 ) ) ;
#351 = ORIENTED_EDGE ( 'NONE', *, *, #1452, .T. ) ;
#352 = EDGE_LOOP ( 'NONE', ( #1327, #1349, #1651, #2301 ) ) ;
#353 = EDGE_CURVE ( 'NONE', #2029, #695, #2618, .T. ) ;
#354 = ORIENTED_EDGE ( 'NONE', *, *, #1296, .F. ) ;
#355 = EDGE_CURVE ( 'NONE', #1720, #1458, #1455, .T. ) ;
#356 = CARTESIAN_POINT ( 'NONE',  ( -2.499999999999999112, -9.350000000000006750, -75.40698502208708476 ) ) ;
#357 = DIRECTION ( 'NONE',  ( -0.000000000000000000, 1.000000000000000000, -0.000000000000000000 ) ) ;
#358 = ORIENTED_EDGE ( 'NONE', *, *, #2326, .F. ) ;
#359 = CARTESIAN_POINT ( 'NONE',  ( 0.000000000000000000, 2.129999999999999893, 0.000000000000000000 ) ) ;
#360 = VERTEX_POINT ( 'NONE', #833 ) ;
#361 = DIRECTION ( 'NONE',  ( 0.000000000000000000, 0.000000000000000000, 1.000000000000000000 ) ) ;
#362 = CARTESIAN_POINT ( 'NONE',  ( 2.841654438071678612, -1.849999999999997424, -70.23424909878239930 ) ) ;
#363 = CARTESIAN_POINT ( 'NONE',  ( 54.25356520494272416, 2.500000000000000000, -25.29885293727650009 ) ) ;
#364 = CARTESIAN_POINT ( 'NONE',  ( 5.241140034483194654, 0.000000000000000000, -53.24265631182331049 ) ) ;
#365 = EDGE_LOOP ( 'NONE', ( #1207, #1040, #354, #1215 ) ) ;
#366 = EDGE_LOOP ( 'NONE', ( #624, #1191 ) ) ;
#367 = ORIENTED_EDGE ( 'NONE', *, *, #2275, .F. ) ;
#368 = EDGE_CURVE ( 'NONE', #2661, #2397, #1767, .T. ) ;
#369 = FACE_OUTER_BOUND ( 'NONE', #1276, .T. ) ;
#370 = ADVANCED_FACE ( 'NONE', ( #2538 ), #1470, .F. ) ;
#371 = DIRECTION ( 'NONE',  ( 0.000000000000000000, -1.000000000000000000, 0.000000000000000000 ) ) ;
#372 = VECTOR ( 'NONE', #43, 1000.000000000000000 ) ;
#373 = AXIS2_PLACEMENT_3D ( 'NONE', #2338, #991, #406 ) ;
#374 = ORIENTED_EDGE ( 'NONE', *, *, #253, .T. ) ;
#375 = AXIS2_PLACEMENT_3D ( 'NONE', #592, #1401, #565 ) ;
#376 = CARTESIAN_POINT ( 'NONE',  ( 53.50000000000000711, 0.000000000000000000, -8.603456175770006614E-15 ) ) ;
#377 = CIRCLE ( 'NONE', #2247, 1.199999999999985745 ) ;
#378 = ADVANCED_FACE ( 'NONE', ( #2131 ), #466, .F. ) ;
#379 = DIRECTION ( 'NONE',  ( 0.000000000000000000, 0.000000000000000000, -1.000000000000000000 ) ) ;
#380 = CARTESIAN_POINT ( 'NONE',  ( 0.000000000000000000, 6.129999999999999893, 0.000000000000000000 ) ) ;
#381 = CYLINDRICAL_SURFACE ( 'NONE', #716, 0.8749999999999973355 ) ;
#382 = DIRECTION ( 'NONE',  ( 0.000000000000000000, 0.000000000000000000, 1.000000000000000000 ) ) ;
#383 = EDGE_LOOP ( 'NONE', ( #417, #1, #2286, #2759 ) ) ;
#384 = ORIENTED_EDGE ( 'NONE', *, *, #253, .F. ) ;
#385 = VECTOR ( 'NONE', #1314, 1000.000000000000000 ) ;
#386 = EDGE_LOOP ( 'NONE', ( #2557, #337 ) ) ;
#387 = CARTESIAN_POINT ( 'NONE',  ( 0.000000000000000000, 0.000000000000000000, 0.000000000000000000 ) ) ;
#388 = CIRCLE ( 'NONE', #613, 1.200000000000006617 ) ;
#389 = EDGE_CURVE ( 'NONE', #636, #704, #2485, .T. ) ;
#390 = DIRECTION ( 'NONE',  ( 0.000000000000000000, 1.000000000000000000, 0.000000000000000000 ) ) ;
#391 = ORIENTED_EDGE ( 'NONE', *, *, #2737, .T. ) ;
#392 = CARTESIAN_POINT ( 'NONE',  ( 6.003478852275349276, -3.059604713685279087, -70.61175042494470233 ) ) ;
#393 = CARTESIAN_POINT ( 'NONE',  ( 5.232292081228234970, -5.240202398231025072, -65.65403175951948356 ) ) ;
#394 = DIRECTION ( 'NONE',  ( 0.000000000000000000, -1.000000000000000000, 0.000000000000000000 ) ) ;
#395 = DIRECTION ( 'NONE',  ( -0.000000000000000000, -1.000000000000000000, -0.000000000000000000 ) ) ;
#396 = FACE_OUTER_BOUND ( 'NONE', #1196, .T. ) ;
#397 = DIRECTION ( 'NONE',  ( 1.000000000000000000, -0.000000000000000000, -0.000000000000000000 ) ) ;
#398 = ORIENTED_EDGE ( 'NONE', *, *, #2290, .F. ) ;
#399 = VERTEX_POINT ( 'NONE', #2149 ) ;
#400 = ORIENTED_EDGE ( 'NONE', *, *, #1339, .T. ) ;
#401 = ADVANCED_FACE ( 'NONE', ( #1101 ), #926, .F. ) ;
#402 = CARTESIAN_POINT ( 'NONE',  ( -49.35599383943031171, -7.900000000000000355, 48.15599383943082046 ) ) ;
#403 = CARTESIAN_POINT ( 'NONE',  ( 25.29885293727646101, 0.000000000000000000, -54.25356520494273127 ) ) ;
#404 = EDGE_CURVE ( 'NONE', #2579, #1875, #1120, .T. ) ;
#405 = EDGE_LOOP ( 'NONE', ( #742, #2684, #2074, #2705 ) ) ;
#406 = DIRECTION ( 'NONE',  ( 0.000000000000000000, 0.000000000000000000, 1.000000000000000000 ) ) ;
#407 = CARTESIAN_POINT ( 'NONE',  ( 4.886358778210449394, -4.221631060641964694, -65.68075047841308844 ) ) ;
#408 = CYLINDRICAL_SURFACE ( 'NONE', #2097, 0.8749999999999973355 ) ;
#409 = CARTESIAN_POINT ( 'NONE',  ( -5.330923810818002373, -8.092382769551196731, -73.71421683869077413 ) ) ;
#410 = CARTESIAN_POINT ( 'NONE',  ( 0.000000000000000000, 2.129999999999999893, 0.000000000000000000 ) ) ;
#411 = FACE_OUTER_BOUND ( 'NONE', #2349, .T. ) ;
#412 = ORIENTED_EDGE ( 'NONE', *, *, #2634, .T. ) ;
#413 = ORIENTED_EDGE ( 'NONE', *, *, #1785, .T. ) ;
#414 = CARTESIAN_POINT ( 'NONE',  ( 4.581711661769605648, -8.733882107801701267, -74.03273902886336089 ) ) ;
#415 = CARTESIAN_POINT ( 'NONE',  ( 2.500000000000001332, -2.849999999999997424, 11.85326959112970080 ) ) ;
#416 = CIRCLE ( 'NONE', #774, 1.199999999999999734 ) ;
#417 = ORIENTED_EDGE ( 'NONE', *, *, #2256, .T. ) ;
#418 = CARTESIAN_POINT ( 'NONE',  ( 49.35599383943030460, -4.505887450304554065, 48.15599383943084177 ) ) ;
#419 = CARTESIAN_POINT ( 'NONE',  ( 5.161538736643631609, -6.315203601575984926, -65.65963224964093570 ) ) ;
#420 = DIRECTION ( 'NONE',  ( 0.000000000000000000, -0.000000000000000000, 1.000000000000000000 ) ) ;
#421 = VECTOR ( 'NONE', #2112, 1000.000000000000000 ) ;
#422 = CARTESIAN_POINT ( 'NONE',  ( 0.000000000000000000, 2.129999999999999893, 0.000000000000000000 ) ) ;
#423 = CARTESIAN_POINT ( 'NONE',  ( 49.35599383943065988, -12.59999999999999964, -49.35599383943047513 ) ) ;
#424 = FACE_OUTER_BOUND ( 'NONE', #1838, .T. ) ;
#425 = ORIENTED_EDGE ( 'NONE', *, *, #1798, .T. ) ;
#426 = VECTOR ( 'NONE', #1749, 1000.000000000000000 ) ;
#427 = ORIENTED_EDGE ( 'NONE', *, *, #1572, .F. ) ;
#428 = ADVANCED_FACE ( 'NONE', ( #2592 ), #2582, .F. ) ;
#429 = CIRCLE ( 'NONE', #462, 3.750000000000003109 ) ;
#430 = DIRECTION ( 'NONE',  ( 0.000000000000000000, -0.000000000000000000, 1.000000000000000000 ) ) ;
#431 = CARTESIAN_POINT ( 'NONE',  ( 4.290479252549594058, -8.906250269345175496, -74.11568286612563838 ) ) ;
#432 = DIRECTION ( 'NONE',  ( 0.000000000000000000, 1.000000000000000000, 0.000000000000000000 ) ) ;
#433 = CIRCLE ( 'NONE', #1955, 0.8749999999999973355 ) ;
#434 = AXIS2_PLACEMENT_3D ( 'NONE', #380, #395, #1880 ) ;
#435 = CARTESIAN_POINT ( 'NONE',  ( 4.972480542200619524, -4.382703861570706572, -65.67424711157286765 ) ) ;
#436 = DIRECTION ( 'NONE',  ( 0.000000000000000000, -0.000000000000000000, 1.000000000000000000 ) ) ;
#437 = CARTESIAN_POINT ( 'NONE',  ( 3.318298557145101135, -1.585420700663628724, -69.53472478902081377 ) ) ;
#438 = CARTESIAN_POINT ( 'NONE',  ( 69.79991587212562365, -12.59999999999999964, 2.488148210778209755E-13 ) ) ;
#439 = DIRECTION ( 'NONE',  ( -1.734723475976807341E-16, 1.000000000000000000, -0.000000000000000000 ) ) ;
#440 = ORIENTED_EDGE ( 'NONE', *, *, #2407, .F. ) ;
#441 = CARTESIAN_POINT ( 'NONE',  ( 0.000000000000000000, -12.59999999999999964, 0.000000000000000000 ) ) ;
#442 = DIRECTION ( 'NONE',  ( 0.000000000000000000, 0.000000000000000000, -1.000000000000000000 ) ) ;
#443 = CARTESIAN_POINT ( 'NONE',  ( 4.302157197918913489, -10.18769656369753562, -74.42049644777455342 ) ) ;
#444 = PLANE ( 'NONE',  #1496 ) ;
#445 = CARTESIAN_POINT ( 'NONE',  ( 8.065791511314664491E-15, 0.000000000000000000, -65.86218587212560749 ) ) ;
#446 = CARTESIAN_POINT ( 'NONE',  ( 5.759454601032389043, -3.739947928370857877, -71.94717576818672455 ) ) ;
#447 = DIRECTION ( 'NONE',  ( -0.000000000000000000, -0.000000000000000000, -1.000000000000000000 ) ) ;
#448 = DIRECTION ( 'NONE',  ( 0.000000000000000000, 0.000000000000000000, -1.000000000000000000 ) ) ;
#449 = ORIENTED_EDGE ( 'NONE', *, *, #2154, .T. ) ;
#450 = CYLINDRICAL_SURFACE ( 'NONE', #1506, 0.8749999999999973355 ) ;
#451 = CARTESIAN_POINT ( 'NONE',  ( -21.83270462132269074, -12.59999999999999964, 58.37000000000001165 ) ) ;
#452 = PLANE ( 'NONE',  #2698 ) ;
#453 = ADVANCED_FACE ( 'NONE', ( #59 ), #902, .F. ) ;
#454 = CARTESIAN_POINT ( 'NONE',  ( 3.500000000000001332, 2.129999999999999893, -52.62125476628097687 ) ) ;
#455 = DIRECTION ( 'NONE',  ( 0.000000000000000000, 1.000000000000000000, 0.000000000000000000 ) ) ;
#456 = DIRECTION ( 'NONE',  ( -0.000000000000000000, 1.000000000000000000, -0.000000000000000000 ) ) ;
#457 = PLANE ( 'NONE',  #1723 ) ;
#458 = AXIS2_PLACEMENT_3D ( 'NONE', #2665, #2711, #828 ) ;
#459 = VECTOR ( 'NONE', #1446, 1000.000000000000000 ) ;
#460 = CARTESIAN_POINT ( 'NONE',  ( 6.223276057105431747, -6.305187046385071881, -72.74186231182795837 ) ) ;
#461 = DIRECTION ( 'NONE',  ( -0.000000000000000000, 1.000000000000000000, -0.000000000000000000 ) ) ;
#462 = AXIS2_PLACEMENT_3D ( 'NONE', #1617, #2477, #1412 ) ;
#463 = ADVANCED_FACE ( 'NONE', ( #1953 ), #2616, .F. ) ;
#464 = ORIENTED_EDGE ( 'NONE', *, *, #2620, .F. ) ;
#465 = PRODUCT_DEFINITION_CONTEXT ( 'detailed design', #1370, 'design' ) ;
#466 =( BOUNDED_SURFACE ( )  B_SPLINE_SURFACE ( 3, 2, ( 
 ( #1424, #1848, #2282 ),
 ( #362, #1211, #2587 ),
 ( #1949, #667, #437 ),
 ( #34, #21, #860 ),
 ( #2576, #874, #1727 ),
 ( #2358, #2157, #2145 ),
 ( #1519, #1717, #887 ),
 ( #1096, #1509, #1703 ),
 ( #234, #1498, #1068 ),
 ( #446, #1936, #2564 ),
 ( #1080, #1926, #658 ),
 ( #10, #2371, #645 ),
 ( #1288, #224, #1300 ),
 ( #27, #1503, #1537 ),
 ( #2409, #652, #2187 ),
 ( #2399, #1340, #891 ),
 ( #1744, #460, #1733 ),
 ( #2176, #1721, #475 ),
 ( #2196, #1318, #1110 ),
 ( #1328, #264, #2364 ) ),
 .UNSPECIFIED., .F., .F., .T. ) 
 B_SPLINE_SURFACE_WITH_KNOTS ( ( 4, 2, 2, 2, 2, 2, 2, 2, 2, 4 ),
 ( 3, 3 ),
 ( 0.000000000000000000, 0.001277871391983737438, 0.002555742783967474875, 0.003833614175951212313, 0.005111485567934949750, 0.005750421263926818252, 0.006389356959918686754, 0.007667228351902424625, 0.008945099743886162497, 0.01022297113586989950 ),
 ( 0.000000000000000000, 1.000000000000000000 ),
 .UNSPECIFIED. ) 
 GEOMETRIC_REPRESENTATION_ITEM ( )  RATIONAL_B_SPLINE_SURFACE ( (
 ( 1.000000000000000000, 0.9164320166096863174, 1.000000000000000000),
 ( 1.000000000000000000, 0.9170653233529189041, 1.000000000000000000),
 ( 1.000000000000000000, 0.9151308679938694457, 1.000000000000000000),
 ( 1.000000000000000000, 0.9064843552911061586, 1.000000000000000000),
 ( 1.000000000000000000, 0.8999952514515285884, 1.000000000000000000),
 ( 1.000000000000000000, 0.8836369784510971215, 1.000000000000000000),
 ( 1.000000000000000000, 0.8740179450955199991, 1.000000000000000000),
 ( 1.000000000000000000, 0.8527886569341943668, 1.000000000000000000),
 ( 1.000000000000000000, 0.8410455315764322481, 1.000000000000000000),
 ( 1.000000000000000000, 0.8228204261902793970, 1.000000000000000000),
 ( 1.000000000000000000, 0.8166150413499165817, 1.000000000000000000),
 ( 1.000000000000000000, 0.8039698791664947608, 1.000000000000000000),
 ( 1.000000000000000000, 0.7974961668296777217, 1.000000000000000000),
 ( 1.000000000000000000, 0.7780523067572513440, 1.000000000000000000),
 ( 1.000000000000000000, 0.7650615784280010434, 1.000000000000000000),
 ( 1.000000000000000000, 0.7391845880465668372, 1.000000000000000000),
 ( 1.000000000000000000, 0.7262006200287136615, 1.000000000000000000),
 ( 1.000000000000000000, 0.7015913882321160866, 1.000000000000000000),
 ( 1.000000000000000000, 0.6898385093906485022, 1.000000000000000000),
 ( 1.000000000000000000, 0.6786773609885212721, 1.000000000000000000) ) ) 
 REPRESENTATION_ITEM ( '' )  SURFACE ( )  );
#467 = CARTESIAN_POINT ( 'NONE',  ( -5.250000000000001776, -5.600000000000006750, -65.65260869039724412 ) ) ;
#468 = VECTOR ( 'NONE', #2246, 1000.000000000000000 ) ;
#469 = LINE ( 'NONE', #1970, #372 ) ;
#470 = CYLINDRICAL_SURFACE ( 'NONE', #31, 1.200000000000001066 ) ;
#471 = CARTESIAN_POINT ( 'NONE',  ( 24.60438397796766452, 0.000000000000000000, 52.21233043099197602 ) ) ;
#472 = ADVANCED_FACE ( 'NONE', ( #1550 ), #1293, .F. ) ;
#473 = EDGE_CURVE ( 'NONE', #570, #2189, #2136, .T. ) ;
#474 = EDGE_LOOP ( 'NONE', ( #2614, #2346 ) ) ;
#475 = CARTESIAN_POINT ( 'NONE',  ( 7.061423819507557376, -7.097926433791787559, -73.07693411739673195 ) ) ;
#476 = CARTESIAN_POINT ( 'NONE',  ( -3.499999999999999556, 3.400000000000000355, -52.62125476628097687 ) ) ;
#477 = EDGE_CURVE ( 'NONE', #1984, #100, #1514, .T. ) ;
#478 = CARTESIAN_POINT ( 'NONE',  ( -4.316509399437729044, -7.672605653595947928, -65.72071055945119156 ) ) ;
#479 = ADVANCED_FACE ( 'NONE', ( #2375 ), #450, .F. ) ;
#480 = CARTESIAN_POINT ( 'NONE',  ( -2.499999999999999112, -2.849999999999998312, 11.85326959112970080 ) ) ;
#481 = DIRECTION ( 'NONE',  ( -0.000000000000000000, -1.000000000000000000, -0.000000000000000000 ) ) ;
#482 = EDGE_LOOP ( 'NONE', ( #46, #2118, #1377, #702, #427 ) ) ;
#483 = EDGE_CURVE ( 'NONE', #1591, #1487, #2392, .T. ) ;
#484 = DIRECTION ( 'NONE',  ( -0.000000000000000000, 1.000000000000000000, -0.000000000000000000 ) ) ;
#485 = CARTESIAN_POINT ( 'NONE',  ( -4.086220228938171495, -10.26707014156444409, -74.44921040324099692 ) ) ;
#486 = CARTESIAN_POINT ( 'NONE',  ( 3.500000000000000000, 3.400000000000000355, -55.37125476628098397 ) ) ;
#487 = CARTESIAN_POINT ( 'NONE',  ( -54.25356520494273838, 2.500000000000000000, 25.29885293727646101 ) ) ;
#488 = CARTESIAN_POINT ( 'NONE',  ( 0.000000000000000000, -12.59999999999999964, 0.000000000000000000 ) ) ;
#489 = DIRECTION ( 'NONE',  ( 0.000000000000000000, 1.000000000000000000, 0.000000000000000000 ) ) ;
#490 = LINE ( 'NONE', #2613, #792 ) ;
#491 = ORIENTED_EDGE ( 'NONE', *, *, #269, .F. ) ;
#492 = EDGE_CURVE ( 'NONE', #1883, #131, #793, .T. ) ;
#493 = PLANE ( 'NONE',  #284 ) ;
#494 = VECTOR ( 'NONE', #1116, 1000.000000000000000 ) ;
#495 = DIRECTION ( 'NONE',  ( 0.000000000000000000, 1.000000000000000000, 0.000000000000000000 ) ) ;
#496 = SURFACE_STYLE_FILL_AREA ( #2000 ) ;
#497 = CARTESIAN_POINT ( 'NONE',  ( -54.25356520494273838, 4.974873734152918558, 24.42385293727646456 ) ) ;
#498 = ORIENTED_EDGE ( 'NONE', *, *, #1339, .F. ) ;
#499 = VECTOR ( 'NONE', #2083, 1000.000000000000000 ) ;
#500 = EDGE_CURVE ( 'NONE', #1689, #1525, #868, .T. ) ;
#501 = AXIS2_PLACEMENT_3D ( 'NONE', #1745, #2138, #442 ) ;
#502 = CARTESIAN_POINT ( 'NONE',  ( -3.174040092447122596, -1.907221945389713236, -70.28140152120167272 ) ) ;
#503 = VECTOR ( 'NONE', #1654, 1000.000000000000000 ) ;
#504 = AXIS2_PLACEMENT_3D ( 'NONE', #1243, #2521, #1070 ) ;
#505 = CARTESIAN_POINT ( 'NONE',  ( 49.35599383943065988, -4.505887450304554065, -49.35599383943047513 ) ) ;
#506 = DIRECTION ( 'NONE',  ( 0.000000000000000000, 0.000000000000000000, 1.000000000000000000 ) ) ;
#507 = CARTESIAN_POINT ( 'NONE',  ( -54.25356520494272416, 0.000000000000000000, -26.17385293727648587 ) ) ;
#508 = ADVANCED_BREP_SHAPE_REPRESENTATION ( 'front-enclosure_1V5', ( #2342, #458 ), #871 ) ;
#509 = ORIENTED_EDGE ( 'NONE', *, *, #1687, .T. ) ;
#510 = CARTESIAN_POINT ( 'NONE',  ( -6.146944032933399527, -4.679587908676460906, -72.71180889418695870 ) ) ;
#511 = CARTESIAN_POINT ( 'NONE',  ( -4.075805044444397396, -10.27097984754986904, -74.45062064037355753 ) ) ;
#512 = DIRECTION ( 'NONE',  ( 0.000000000000000000, -0.000000000000000000, 1.000000000000000000 ) ) ;
#513 = VERTEX_POINT ( 'NONE', #2191 ) ;
#514 = AXIS2_PLACEMENT_3D ( 'NONE', #422, #786, #1647 ) ;
#515 = VERTEX_POINT ( 'NONE', #1124 ) ;
#516 = FACE_OUTER_BOUND ( 'NONE', #1427, .T. ) ;
#517 = AXIS2_PLACEMENT_3D ( 'NONE', #53, #1332, #1093 ) ;
#518 = CARTESIAN_POINT ( 'NONE',  ( -4.502907661179628818, -8.775895669481643679, -75.27285447074530111 ) ) ;
#519 = CARTESIAN_POINT ( 'NONE',  ( 5.849279074910461951, -7.320102673800006343, -74.53663492136790580 ) ) ;
#520 = CARTESIAN_POINT ( 'NONE',  ( 49.35599383943030460, -7.900000000000000355, 48.15599383943084177 ) ) ;
#521 = ORIENTED_EDGE ( 'NONE', *, *, #267, .F. ) ;
#522 = CARTESIAN_POINT ( 'NONE',  ( -6.250853076071282821, -5.086235235699377633, -72.02163745198639333 ) ) ;
#523 = CARTESIAN_POINT ( 'NONE',  ( -4.299336327664692980, -10.18876597623492763, -74.42088239215910050 ) ) ;
#524 = CARTESIAN_POINT ( 'NONE',  ( -3.420514056977091322, -10.46067664867280556, -74.52276940306072106 ) ) ;
#525 = DIRECTION ( 'NONE',  ( 0.000000000000000000, -1.000000000000000000, 0.000000000000000000 ) ) ;
#526 = ORIENTED_EDGE ( 'NONE', *, *, #2098, .F. ) ;
#527 = EDGE_LOOP ( 'NONE', ( #1637, #2148, #2548, #40, #1626, #2237, #1807, #2267, #2470, #2388, #316, #1173, #1407, #1399 ) ) ;
#528 = ORIENTED_EDGE ( 'NONE', *, *, #90, .T. ) ;
#529 = CARTESIAN_POINT ( 'NONE',  ( -3.527539008156995948, -1.641136390671675382, -69.57430477783198342 ) ) ;
#530 = EDGE_CURVE ( 'NONE', #69, #311, #2709, .T. ) ;
#531 = EDGE_CURVE ( 'NONE', #1613, #737, #1731, .T. ) ;
#532 = VERTEX_POINT ( 'NONE', #1115 ) ;
#533 = LINE ( 'NONE', #1812, #2070 ) ;
#534 = DIRECTION ( 'NONE',  ( -1.734723475976806848E-16, 1.000000000000000000, -0.000000000000000000 ) ) ;
#535 = DIRECTION ( 'NONE',  ( 0.000000000000000000, 1.000000000000000000, 0.000000000000000000 ) ) ;
#536 = ORIENTED_EDGE ( 'NONE', *, *, #886, .T. ) ;
#537 = CARTESIAN_POINT ( 'NONE',  ( -5.192399099226626902, -2.350669997024543267, -70.09768947168942077 ) ) ;
#538 = LINE ( 'NONE', #318, #71 ) ;
#539 = CARTESIAN_POINT ( 'NONE',  ( -5.302662330111612476, -9.647819137599730865, -74.22623251793703503 ) ) ;
#540 = DIRECTION ( 'NONE',  ( -0.000000000000000000, -1.000000000000000000, -0.000000000000000000 ) ) ;
#541 = ORIENTED_EDGE ( 'NONE', *, *, #2256, .F. ) ;
#542 = ORIENTED_EDGE ( 'NONE', *, *, #2563, .T. ) ;
#543 = VERTEX_POINT ( 'NONE', #1979 ) ;
#544 = AXIS2_PLACEMENT_3D ( 'NONE', #410, #202, #1634 ) ;
#545 = VECTOR ( 'NONE', #2359, 1000.000000000000000 ) ;
#546 = CARTESIAN_POINT ( 'NONE',  ( -2.473913372991799253, -1.529695282134595491, -69.51661939879895158 ) ) ;
#547 = AXIS2_PLACEMENT_3D ( 'NONE', #167, #1017, #810 ) ;
#548 = EDGE_CURVE ( 'NONE', #1984, #2417, #2369, .T. ) ;
#549 = CARTESIAN_POINT ( 'NONE',  ( 25.29885293727646101, 2.500000000000000000, -53.37856520494273127 ) ) ;
#550 = AXIS2_PLACEMENT_3D ( 'NONE', #2692, #2707, #2722 ) ;
#551 = VECTOR ( 'NONE', #1576, 1000.000000000000000 ) ;
#552 = ADVANCED_FACE ( 'NONE', ( #1959 ), #2413, .F. ) ;
#553 = ORIENTED_EDGE ( 'NONE', *, *, #1966, .F. ) ;
#554 = CARTESIAN_POINT ( 'NONE',  ( -69.79991587212562365, -4.505887450304554065, -1.199999999999762368 ) ) ;
#555 = ORIENTED_EDGE ( 'NONE', *, *, #1497, .F. ) ;
#556 = CARTESIAN_POINT ( 'NONE',  ( 49.35599383943065988, -4.505887450304554065, -49.35599383943047513 ) ) ;
#557 = CARTESIAN_POINT ( 'NONE',  ( 6.153525734477381270, -4.708403197343054458, -72.73401971037948499 ) ) ;
#558 = FACE_OUTER_BOUND ( 'NONE', #971, .T. ) ;
#559 = LINE ( 'NONE', #2002, #2170 ) ;
#560 = VERTEX_POINT ( 'NONE', #2595 ) ;
#561 = ORIENTED_EDGE ( 'NONE', *, *, #740, .F. ) ;
#562 = ORIENTED_EDGE ( 'NONE', *, *, #1702, .T. ) ;
#563 = CIRCLE ( 'NONE', #1988, 0.8749999999999973355 ) ;
#564 = AXIS2_PLACEMENT_3D ( 'NONE', #1132, #278, #73 ) ;
#565 = DIRECTION ( 'NONE',  ( 1.000000000000000000, 0.000000000000000000, -2.449564932282711231E-15 ) ) ;
#566 = FACE_OUTER_BOUND ( 'NONE', #2166, .T. ) ;
#567 = EDGE_LOOP ( 'NONE', ( #449, #274, #343, #1871, #2068, #760, #561 ) ) ;
#568 = DIRECTION ( 'NONE',  ( 0.000000000000000000, 1.000000000000000000, 0.000000000000000000 ) ) ;
#569 = EDGE_CURVE ( 'NONE', #1884, #2194, #300, .T. ) ;
#570 = VERTEX_POINT ( 'NONE', #1321 ) ;
#571 = DIRECTION ( 'NONE',  ( 0.000000000000000000, 1.000000000000000000, 0.000000000000000000 ) ) ;
#572 = CARTESIAN_POINT ( 'NONE',  ( -5.501938248219926386, -9.499181766347014388, -74.17136283661849916 ) ) ;
#573 = CYLINDRICAL_SURFACE ( 'NONE', #640, 53.50000000000001421 ) ;
#574 = FACE_OUTER_BOUND ( 'NONE', #132, .T. ) ;
#575 = ORIENTED_EDGE ( 'NONE', *, *, #1572, .T. ) ;
#576 = ORIENTED_EDGE ( 'NONE', *, *, #1298, .F. ) ;
#577 = ORIENTED_EDGE ( 'NONE', *, *, #1825, .F. ) ;
#578 = EDGE_CURVE ( 'NONE', #144, #2731, #2672, .T. ) ;
#579 = CARTESIAN_POINT ( 'NONE',  ( 6.652686552816494014, -8.179488048679994350, -73.62462538989325367 ) ) ;
#580 = DIRECTION ( 'NONE',  ( -0.000000000000000000, -1.000000000000000000, -0.000000000000000000 ) ) ;
#581 = ORIENTED_EDGE ( 'NONE', *, *, #205, .F. ) ;
#582 = FACE_OUTER_BOUND ( 'NONE', #1119, .T. ) ;
#583 = EDGE_LOOP ( 'NONE', ( #747, #2264, #400, #1475 ) ) ;
#584 = DIRECTION ( 'NONE',  ( -1.000000000000000000, 0.000000000000000000, -0.000000000000000000 ) ) ;
#585 = CARTESIAN_POINT ( 'NONE',  ( -5.651941365254345762, -7.639597380060551224, -74.71395625349164504 ) ) ;
#586 = DIRECTION ( 'NONE',  ( 1.000000000000000000, 0.000000000000000000, 0.000000000000000000 ) ) ;
#587 = DIRECTION ( 'NONE',  ( 0.000000000000000000, 0.000000000000000000, 1.000000000000000000 ) ) ;
#588 = VERTEX_POINT ( 'NONE', #885 ) ;
#589 = ORIENTED_EDGE ( 'NONE', *, *, #1094, .T. ) ;
#590 = VERTEX_POINT ( 'NONE', #186 ) ;
#591 = EDGE_CURVE ( 'NONE', #243, #923, #2551, .T. ) ;
#592 = CARTESIAN_POINT ( 'NONE',  ( 19.00000000000000000, -12.59999999999999964, 58.37000000000001876 ) ) ;
#593 = ADVANCED_FACE ( 'NONE', ( #831 ), #1508, .F. ) ;
#594 = AXIS2_PLACEMENT_3D ( 'NONE', #215, #2183, #1520 ) ;
#595 = CARTESIAN_POINT ( 'NONE',  ( 54.25356520494272416, 2.500000000000000000, -26.17385293727649653 ) ) ;
#596 = VECTOR ( 'NONE', #2650, 1000.000000000000000 ) ;
#597 = CIRCLE ( 'NONE', #1567, 65.86218587212560749 ) ;
#598 = ORIENTED_EDGE ( 'NONE', *, *, #1746, .F. ) ;
#599 = CIRCLE ( 'NONE', #725, 74.79991587212562365 ) ;
#600 = DIRECTION ( 'NONE',  ( -1.000000000000000000, 0.000000000000000000, 2.449564932282711231E-15 ) ) ;
#601 = CARTESIAN_POINT ( 'NONE',  ( 3.719067898926713411, -8.071605259176307001, -65.75731020971120699 ) ) ;
#602 = AXIS2_PLACEMENT_3D ( 'NONE', #2174, #1511, #1705 ) ;
#603 = DIRECTION ( 'NONE',  ( -1.000000000000000000, 0.000000000000000000, 0.000000000000000000 ) ) ;
#604 = CARTESIAN_POINT ( 'NONE',  ( -5.548644982403102333, -7.791258163366584277, -74.79593997061412836 ) ) ;
#605 = CARTESIAN_POINT ( 'NONE',  ( -54.25356520494273838, 4.974873734152918558, 25.29885293727646101 ) ) ;
#606 = CARTESIAN_POINT ( 'NONE',  ( -6.249999999997501554, -6.071144740741784673, -73.73035918008926615 ) ) ;
#607 = VERTEX_POINT ( 'NONE', #33 ) ;
#608 = VERTEX_POINT ( 'NONE', #454 ) ;
#609 = VECTOR ( 'NONE', #461, 1000.000000000000000 ) ;
#610 = VERTEX_POINT ( 'NONE', #214 ) ;
#611 = LINE ( 'NONE', #1839, #1671 ) ;
#612 = EDGE_CURVE ( 'NONE', #570, #543, #256, .T. ) ;
#613 = AXIS2_PLACEMENT_3D ( 'NONE', #1784, #2590, #1109 ) ;
#614 = FACE_BOUND ( 'NONE', #1536, .T. ) ;
#615 = EDGE_LOOP ( 'NONE', ( #2316, #2713, #2012, #581 ) ) ;
#616 = DIRECTION ( 'NONE',  ( 0.000000000000000000, 0.000000000000000000, 1.000000000000000000 ) ) ;
#617 = CARTESIAN_POINT ( 'NONE',  ( 5.110184883611399442, -4.715746193922765173, -65.66367570331264858 ) ) ;
#618 = CARTESIAN_POINT ( 'NONE',  ( -2.499999999999999112, -12.59999999999999964, -75.79991587212563786 ) ) ;
#619 = CARTESIAN_POINT ( 'NONE',  ( 53.50000000000000711, -12.59999999999999964, -8.603456175770006614E-15 ) ) ;
#620 = DIRECTION ( 'NONE',  ( 0.000000000000000000, 0.000000000000000000, -1.000000000000000000 ) ) ;
#621 = CARTESIAN_POINT ( 'NONE',  ( -5.975940667056001132, -7.007244285512046034, -74.33888104924820084 ) ) ;
#622 = ORIENTED_EDGE ( 'NONE', *, *, #1205, .T. ) ;
#623 = ORIENTED_EDGE ( 'NONE', *, *, #2154, .F. ) ;
#624 = ORIENTED_EDGE ( 'NONE', *, *, #1554, .T. ) ;
#625 = CARTESIAN_POINT ( 'NONE',  ( 5.104435744061682989, -8.323381461712898499, -73.83147722673979274 ) ) ;
#626 = ADVANCED_FACE ( 'NONE', ( #2340 ), #408, .F. ) ;
#627 = CARTESIAN_POINT ( 'NONE',  ( 2.500000000000005773, -10.52993418457595176, -74.57012933681626521 ) ) ;
#628 = ORIENTED_EDGE ( 'NONE', *, *, #2084, .T. ) ;
#629 = CARTESIAN_POINT ( 'NONE',  ( -2.499999999999999556, -5.600000000000006750, -75.79991587212563786 ) ) ;
#630 = CARTESIAN_POINT ( 'NONE',  ( 2.500000000000001776, -12.59999999999999964, -75.79991587212563786 ) ) ;
#631 = CARTESIAN_POINT ( 'NONE',  ( 2.500000000000001776, -9.350000000000003197, -75.79991587212563786 ) ) ;
#632 = ADVANCED_FACE ( 'NONE', ( #1495 ), #200, .F. ) ;
#633 = CARTESIAN_POINT ( 'NONE',  ( -5.832269087248956652, -7.329356693373664910, -74.53704837332101363 ) ) ;
#634 = LINE ( 'NONE', #1107, #675 ) ;
#635 = DIRECTION ( 'NONE',  ( 0.000000000000000000, 0.000000000000000000, -1.000000000000000000 ) ) ;
#636 = VERTEX_POINT ( 'NONE', #1311 ) ;
#637 = ORIENTED_EDGE ( 'NONE', *, *, #578, .F. ) ;
#638 = CARTESIAN_POINT ( 'NONE',  ( 2.789329884196204201, -9.356087689654168926, -74.34604342900773588 ) ) ;
#639 = DIRECTION ( 'NONE',  ( 0.000000000000000000, -0.000000000000000000, 1.000000000000000000 ) ) ;
#640 = AXIS2_PLACEMENT_3D ( 'NONE', #159, #1680, #2539 ) ;
#641 = CARTESIAN_POINT ( 'NONE',  ( 5.250125968434418589, -5.422484350973617140, -65.65259861716165801 ) ) ;
#642 = FACE_BOUND ( 'NONE', #1811, .T. ) ;
#643 = EDGE_CURVE ( 'NONE', #101, #1203, #2001, .T. ) ;
#644 = CIRCLE ( 'NONE', #2201, 0.9999999999999993339 ) ;
#645 = CARTESIAN_POINT ( 'NONE',  ( 6.795847311459478846, -4.302540719604079023, -71.45011257729767351 ) ) ;
#646 = DIRECTION ( 'NONE',  ( 0.000000000000000000, 0.000000000000000000, -1.000000000000000000 ) ) ;
#647 = FACE_OUTER_BOUND ( 'NONE', #583, .T. ) ;
#648 = EDGE_LOOP ( 'NONE', ( #1230, #628, #1413, #1863 ) ) ;
#649 = EDGE_CURVE ( 'NONE', #1835, #1657, #2721, .T. ) ;
#650 = AXIS2_PLACEMENT_3D ( 'NONE', #2742, #1330, #688 ) ;
#651 = AXIS2_PLACEMENT_3D ( 'NONE', #2493, #1258, #2345 ) ;
#652 = CARTESIAN_POINT ( 'NONE',  ( 6.280380186359866279, -5.390776629817884746, -72.20722654254615236 ) ) ;
#653 = CARTESIAN_POINT ( 'NONE',  ( 2.500000000000001776, -10.23672249884947227, -74.54944608695267050 ) ) ;
#654 = CARTESIAN_POINT ( 'NONE',  ( 3.149194107079387184, -9.310970191920269201, -74.31664786713403714 ) ) ;
#655 = CARTESIAN_POINT ( 'NONE',  ( -49.35599383943065277, -12.59999999999999964, -48.15599383943047940 ) ) ;
#656 = AXIS2_PLACEMENT_3D ( 'NONE', #1999, #2040, #720 ) ;
#657 = DIRECTION ( 'NONE',  ( -0.9993673705298168342, 0.000000000000000000, 0.03556485231685678483 ) ) ;
#658 = CARTESIAN_POINT ( 'NONE',  ( 6.641002952529125203, -3.982803749154800066, -71.24165289827281811 ) ) ;
#659 = CARTESIAN_POINT ( 'NONE',  ( 2.500000000000005773, -10.52993418457595176, -74.57012933681626521 ) ) ;
#660 = FACE_OUTER_BOUND ( 'NONE', #24, .T. ) ;
#661 = VERTEX_POINT ( 'NONE', #631 ) ;
#662 = DIRECTION ( 'NONE',  ( 0.000000000000000000, 0.000000000000000000, -1.000000000000000000 ) ) ;
#663 = CARTESIAN_POINT ( 'NONE',  ( 2.500000000000001776, -9.350000000000004974, -75.55435344895889216 ) ) ;
#664 = CARTESIAN_POINT ( 'NONE',  ( -5.609407904101394671, -3.450853206445220867, -71.70317356167683442 ) ) ;
#665 = EDGE_CURVE ( 'NONE', #1175, #51, #1874, .T. ) ;
#666 = CARTESIAN_POINT ( 'NONE',  ( 0.000000000000000000, -7.900000000000000355, 0.000000000000000000 ) ) ;
#667 = CARTESIAN_POINT ( 'NONE',  ( 3.227356006272088074, -1.902803744560946253, -69.83124233588235086 ) ) ;
#668 = CYLINDRICAL_SURFACE ( 'NONE', #679, 1.199999999999999734 ) ;
#669 = DIRECTION ( 'NONE',  ( 1.000000000000000000, 0.000000000000000000, 2.449564932282708076E-15 ) ) ;
#670 = LINE ( 'NONE', #922, #2178 ) ;
#671 = DIRECTION ( 'NONE',  ( 1.000000000000000000, 1.727465158543545367E-16, 0.000000000000000000 ) ) ;
#672 = CARTESIAN_POINT ( 'NONE',  ( -2.499999999999999556, -10.52993418457595887, -74.57012933681626521 ) ) ;
#673 = ORIENTED_EDGE ( 'NONE', *, *, #1746, .T. ) ;
#674 = DIRECTION ( 'NONE',  ( 0.000000000000000000, 1.000000000000000000, 0.000000000000000000 ) ) ;
#675 = VECTOR ( 'NONE', #2380, 1000.000000000000000 ) ;
#676 = CARTESIAN_POINT ( 'NONE',  ( 0.000000000000000000, -12.59999999999999964, 65.86218587212560749 ) ) ;
#677 = CARTESIAN_POINT ( 'NONE',  ( -2.891363007154416298, -1.543259086357752885, -69.51341700028066839 ) ) ;
#678 = DIRECTION ( 'NONE',  ( 0.000000000000000000, 1.000000000000000000, 0.000000000000000000 ) ) ;
#679 = AXIS2_PLACEMENT_3D ( 'NONE', #505, #1345, #329 ) ;
#680 = VECTOR ( 'NONE', #2681, 1000.000000000000000 ) ;
#681 = ORIENTED_EDGE ( 'NONE', *, *, #1899, .T. ) ;
#682 = DIRECTION ( 'NONE',  ( -0.000000000000000000, 1.000000000000000000, -0.000000000000000000 ) ) ;
#683 = CARTESIAN_POINT ( 'NONE',  ( 8.065791511314664491E-15, -12.59999999999999964, -65.86218587212560749 ) ) ;
#684 = CIRCLE ( 'NONE', #550, 1.199999999999985745 ) ;
#685 = AXIS2_PLACEMENT_3D ( 'NONE', #2315, #2540, #382 ) ;
#686 = VERTEX_POINT ( 'NONE', #1935 ) ;
#687 = ADVANCED_FACE ( 'NONE', ( #1701 ), #1947, .F. ) ;
#688 = DIRECTION ( 'NONE',  ( -0.000000000000000000, 0.000000000000000000, -1.000000000000000000 ) ) ;
#689 = PRODUCT_DEFINITION_SHAPE ( 'NONE', 'NONE',  #2335 ) ;
#690 = CARTESIAN_POINT ( 'NONE',  ( -49.35599383943065277, -7.900000000000000355, -49.35599383943048224 ) ) ;
#691 = CIRCLE ( 'NONE', #434, 52.02000000000000313 ) ;
#692 = CARTESIAN_POINT ( 'NONE',  ( -5.221843628789117453, -8.186065305921045976, -74.99797577553060535 ) ) ;
#693 = CARTESIAN_POINT ( 'NONE',  ( -69.79991587212562365, -7.900000000000000355, 2.385953863628735661E-13 ) ) ;
#694 = CARTESIAN_POINT ( 'NONE',  ( -54.25356520494273838, 2.500000000000000000, 25.29885293727646101 ) ) ;
#695 = VERTEX_POINT ( 'NONE', #232 ) ;
#696 = DIRECTION ( 'NONE',  ( 0.000000000000000000, -1.000000000000000000, 0.000000000000000000 ) ) ;
#697 = LINE ( 'NONE', #451, #609 ) ;
#698 = CARTESIAN_POINT ( 'NONE',  ( -3.225597532598147854, -1.915858617956569754, -69.84179269174266835 ) ) ;
#699 = DIRECTION ( 'NONE',  ( 0.000000000000000000, 0.000000000000000000, 1.000000000000000000 ) ) ;
#700 = CARTESIAN_POINT ( 'NONE',  ( 25.29885293727646101, 2.500000000000000000, -55.12856520494273127 ) ) ;
#701 = CARTESIAN_POINT ( 'NONE',  ( -5.999210217033930981, -3.071642316345974955, -70.61918366409058478 ) ) ;
#702 = ORIENTED_EDGE ( 'NONE', *, *, #1261, .F. ) ;
#703 = ADVANCED_FACE ( 'NONE', ( #2379, #2325, #642, #2562, #2356, #1286, #2762 ), #2743, .T. ) ;
#704 = VERTEX_POINT ( 'NONE', #445 ) ;
#705 = DIRECTION ( 'NONE',  ( -2.378999311525523505E-16, 0.000000000000000000, 1.000000000000000000 ) ) ;
#706 = CARTESIAN_POINT ( 'NONE',  ( 49.35599383943030460, -7.900000000000000355, 49.35599383943082330 ) ) ;
#707 = CARTESIAN_POINT ( 'NONE',  ( 0.000000000000000000, -7.900000000000000355, 0.000000000000000000 ) ) ;
#708 = CYLINDRICAL_SURFACE ( 'NONE', #2255, 0.8749999999999973355 ) ;
#709 = ORIENTED_EDGE ( 'NONE', *, *, #1798, .F. ) ;
#710 = AXIS2_PLACEMENT_3D ( 'NONE', #1467, #140, #157 ) ;
#711 = CARTESIAN_POINT ( 'NONE',  ( -3.318696138335811341, -1.599267133500797966, -69.54605338991353847 ) ) ;
#712 = CARTESIAN_POINT ( 'NONE',  ( -2.681594282080460800, -8.350000000000008527, -65.80782327372280349 ) ) ;
#713 = DIRECTION ( 'NONE',  ( 0.000000000000000000, -1.000000000000000000, 0.000000000000000000 ) ) ;
#714 = CARTESIAN_POINT ( 'NONE',  ( 7.177951485741198567, -6.003554362312884862, -72.48047011803448925 ) ) ;
#715 = CARTESIAN_POINT ( 'NONE',  ( 54.25356520494272416, 0.000000000000000000, -25.29885293727650009 ) ) ;
#716 = AXIS2_PLACEMENT_3D ( 'NONE', #605, #1411, #1228 ) ;
#717 = EDGE_LOOP ( 'NONE', ( #2626, #542, #2160, #164 ) ) ;
#718 = CARTESIAN_POINT ( 'NONE',  ( -6.280410723321549149, -5.390776352402077976, -72.20723104275269577 ) ) ;
#719 = VECTOR ( 'NONE', #1895, 1000.000000000000000 ) ;
#720 = DIRECTION ( 'NONE',  ( 0.000000000000000000, 0.000000000000000000, 1.000000000000000000 ) ) ;
#721 = SURFACE_STYLE_USAGE ( .BOTH. , #1341 ) ;
#722 = CARTESIAN_POINT ( 'NONE',  ( -2.937541880398255304E-15, -0.8499999999999965361, 0.000000000000000000 ) ) ;
#723 = EDGE_LOOP ( 'NONE', ( #1303, #2465 ) ) ;
#724 = CIRCLE ( 'NONE', #1267, 0.8750000000000007772 ) ;
#725 = AXIS2_PLACEMENT_3D ( 'NONE', #312, #2454, #325 ) ;
#726 = CARTESIAN_POINT ( 'NONE',  ( -3.408526907146239626, -1.956526836770891897, -69.86917995937757553 ) ) ;
#727 = AXIS2_PLACEMENT_3D ( 'NONE', #835, #1681, #1437 ) ;
#728 = VECTOR ( 'NONE', #512, 1000.000000000000000 ) ;
#729 = DIRECTION ( 'NONE',  ( 0.000000000000000000, -0.000000000000000000, 1.000000000000000000 ) ) ;
#730 = CARTESIAN_POINT ( 'NONE',  ( -21.83270462132269074, 2.129999999999999893, 58.37000000000001165 ) ) ;
#731 = VERTEX_POINT ( 'NONE', #1678 ) ;
#732 = AXIS2_PLACEMENT_3D ( 'NONE', #1829, #2683, #1599 ) ;
#733 = CARTESIAN_POINT ( 'NONE',  ( -6.650452711540410178, -3.978179594125335061, -71.24024314244169886 ) ) ;
#734 = CARTESIAN_POINT ( 'NONE',  ( 25.29885293727646101, 2.500000000000000000, -54.25356520494273127 ) ) ;
#735 = CARTESIAN_POINT ( 'NONE',  ( 25.29885293727646101, 0.000000000000000000, -54.25356520494273127 ) ) ;
#736 = DIRECTION ( 'NONE',  ( -0.000000000000000000, 1.000000000000000000, -0.000000000000000000 ) ) ;
#737 = VERTEX_POINT ( 'NONE', #846 ) ;
#738 = ORIENTED_EDGE ( 'NONE', *, *, #1644, .F. ) ;
#739 = VERTEX_POINT ( 'NONE', #872 ) ;
#740 = EDGE_CURVE ( 'NONE', #2696, #1099, #2536, .T. ) ;
#741 = CARTESIAN_POINT ( 'NONE',  ( -5.250000000000001776, -5.600000000000006750, 11.85326959112970080 ) ) ;
#742 = ORIENTED_EDGE ( 'NONE', *, *, #2019, .F. ) ;
#743 = EDGE_CURVE ( 'NONE', #131, #1214, #41, .T. ) ;
#744 =( LENGTH_UNIT ( ) NAMED_UNIT ( * ) SI_UNIT ( .MILLI., .METRE. ) );
#745 = CARTESIAN_POINT ( 'NONE',  ( 6.965382363596678950, -7.449331122480873368, -73.25867818690713307 ) ) ;
#746 = DIRECTION ( 'NONE',  ( 0.000000000000000000, 0.000000000000000000, 1.000000000000000000 ) ) ;
#747 = ORIENTED_EDGE ( 'NONE', *, *, #772, .F. ) ;
#748 = CARTESIAN_POINT ( 'NONE',  ( -6.257026770811539684, -3.382687355353052538, -70.83638450487174509 ) ) ;
#749 = DIRECTION ( 'NONE',  ( 0.000000000000000000, -1.000000000000000000, 0.000000000000000000 ) ) ;
#750 = CARTESIAN_POINT ( 'NONE',  ( -6.818842525640860686, -7.800000000000016698, -73.43409212763857852 ) ) ;
#751 = DIRECTION ( 'NONE',  ( 1.734723475976807341E-16, -1.000000000000000000, 0.000000000000000000 ) ) ;
#752 = ORIENTED_EDGE ( 'NONE', *, *, #2348, .T. ) ;
#753 = ORIENTED_EDGE ( 'NONE', *, *, #807, .F. ) ;
#754 = ADVANCED_FACE ( 'NONE', ( #801 ), #1409, .F. ) ;
#755 = ORIENTED_EDGE ( 'NONE', *, *, #1331, .F. ) ;
#756 =( BOUNDED_SURFACE ( )  B_SPLINE_SURFACE ( 3, 2, ( 
 ( #947, #317, #2039 ),
 ( #1787, #2445, #2008 ),
 ( #2195, #96, #2418 ),
 ( #275, #127, #1801 ),
 ( #2640, #2230, #965 ),
 ( #2209, #718, #1573 ),
 ( #510, #522, #292 ),
 ( #1146, #2669, #1131 ),
 ( #2655, #1998, #733 ),
 ( #2220, #2434, #1985 ),
 ( #72, #980, #748 ),
 ( #1587, #305, #1831 ),
 ( #1378, #1168, #1366 ),
 ( #1601, #2022, #2460 ),
 ( #2685, #924, #537 ),
 ( #1392, #2249, #333 ),
 ( #1185, #766, #1614 ),
 ( #1338, #1774, #2627 ),
 ( #955, #1809, #757 ),
 ( #2425, #726, #529 ),
 ( #502, #698, #711 ),
 ( #1990, #2632, #2013 ),
 ( #1608, #2200, #2439 ),
 ( #283, #1581, #546 ) ),
 .UNSPECIFIED., .F., .F., .F. ) 
 B_SPLINE_SURFACE_WITH_KNOTS ( ( 4, 2, 2, 2, 2, 2, 2, 2, 2, 2, 2, 4 ),
 ( 3, 3 ),
 ( 0.000000000000000000, 0.001275159038747064903, 0.002550318077494129806, 0.003825477116241194492, 0.005100636154988259612, 0.005738215674361791738, 0.006375795193735324731, 0.007650954232482388984, 0.008288533751855921977, 0.008926113271229454971, 0.009563692790602987964, 0.01020127230997651922 ),
 ( 0.000000000000000000, 1.000000000000000000 ),
 .UNSPECIFIED. ) 
 GEOMETRIC_REPRESENTATION_ITEM ( )  RATIONAL_B_SPLINE_SURFACE ( (
 ( 1.000000000000000000, 0.6786773609885213832, 1.000000000000000000),
 ( 1.000000000000000000, 0.6898384404750209642, 1.000000000000000000),
 ( 1.000000000000000000, 0.7015865148210844726, 1.000000000000000000),
 ( 1.000000000000000000, 0.7261749900517173728, 1.000000000000000000),
 ( 1.000000000000000000, 0.7391515955374778901, 1.000000000000000000),
 ( 1.000000000000000000, 0.7650621116622768891, 1.000000000000000000),
 ( 1.000000000000000000, 0.7780729141783433445, 1.000000000000000000),
 ( 1.000000000000000000, 0.8040440911256159229, 1.000000000000000000),
 ( 1.000000000000000000, 0.8167488278219585673, 1.000000000000000000),
 ( 1.000000000000000000, 0.8348911082172046916, 1.000000000000000000),
 ( 1.000000000000000000, 0.8408045286157147524, 1.000000000000000000),
 ( 1.000000000000000000, 0.8523246606526649893, 1.000000000000000000),
 ( 1.000000000000000000, 0.8579612451566662745, 1.000000000000000000),
 ( 1.000000000000000000, 0.8739679989372849400, 1.000000000000000000),
 ( 1.000000000000000000, 0.8835406124717214427, 1.000000000000000000),
 ( 1.000000000000000000, 0.8958077353236623130, 1.000000000000000000),
 ( 1.000000000000000000, 0.8995073456851672145, 1.000000000000000000),
 ( 1.000000000000000000, 0.9058819049113153721, 1.000000000000000000),
 ( 1.000000000000000000, 0.9085850079731120355, 1.000000000000000000),
 ( 1.000000000000000000, 0.9129068762289153094, 1.000000000000000000),
 ( 1.000000000000000000, 0.9145108792742048243, 1.000000000000000000),
 ( 1.000000000000000000, 0.9164240231592196695, 1.000000000000000000),
 ( 1.000000000000000000, 0.9167553417251023129, 1.000000000000000000),
 ( 1.000000000000000000, 0.9164320166096862064, 1.000000000000000000) ) ) 
 REPRESENTATION_ITEM ( '' )  SURFACE ( )  );
#757 = CARTESIAN_POINT ( 'NONE',  ( -3.929769928545267188, -1.749281357608859055, -69.65124176603650596 ) ) ;
#758 = ADVANCED_FACE ( 'NONE', ( #1893 ), #2268, .F. ) ;
#759 = DIRECTION ( 'NONE',  ( 0.000000000000000000, 1.000000000000000000, 0.000000000000000000 ) ) ;
#760 = ORIENTED_EDGE ( 'NONE', *, *, #944, .F. ) ;
#761 = EDGE_CURVE ( 'NONE', #51, #1175, #2411, .T. ) ;
#762 = ADVANCED_FACE ( 'NONE', ( #785 ), #2296, .F. ) ;
#763 = CARTESIAN_POINT ( 'NONE',  ( 19.00000000000000000, 0.000000000000000000, 58.37000000000001876 ) ) ;
#764 = CARTESIAN_POINT ( 'NONE',  ( 5.975940667055999356, -7.007244285512048698, -74.33888104924818663 ) ) ;
#765 = ORIENTED_EDGE ( 'NONE', *, *, #2362, .F. ) ;
#766 = CARTESIAN_POINT ( 'NONE',  ( -4.249721388304888769, -2.275137190939842124, -70.09985084718499593 ) ) ;
#767 = CYLINDRICAL_SURFACE ( 'NONE', #656, 65.86218587212560749 ) ;
#768 = DIRECTION ( 'NONE',  ( 0.000000000000000000, 0.000000000000000000, 1.000000000000000000 ) ) ;
#769 = CARTESIAN_POINT ( 'NONE',  ( -19.00000000000000000, 0.000000000000000000, 58.37000000000001876 ) ) ;
#770 = ORIENTED_EDGE ( 'NONE', *, *, #1785, .F. ) ;
#771 = VERTEX_POINT ( 'NONE', #1632 ) ;
#772 = EDGE_CURVE ( 'NONE', #131, #929, #2503, .T. ) ;
#773 = ORIENTED_EDGE ( 'NONE', *, *, #1326, .T. ) ;
#774 = AXIS2_PLACEMENT_3D ( 'NONE', #2173, #455, #11 ) ;
#775 = DIRECTION ( 'NONE',  ( 0.000000000000000000, -1.000000000000000000, 0.000000000000000000 ) ) ;
#776 = VECTOR ( 'NONE', #2279, 1000.000000000000000 ) ;
#777 = EDGE_CURVE ( 'NONE', #1591, #2322, #2102, .T. ) ;
#778 = CARTESIAN_POINT ( 'NONE',  ( 0.000000000000000000, 0.000000000000000000, -75.79991587212563786 ) ) ;
#779 = AXIS2_PLACEMENT_3D ( 'NONE', #1552, #2645, #1373 ) ;
#780 = AXIS2_PLACEMENT_3D ( 'NONE', #175, #2329, #635 ) ;
#781 = ORIENTED_EDGE ( 'NONE', *, *, #2060, .T. ) ;
#782 = CARTESIAN_POINT ( 'NONE',  ( -25.29885293727646101, 2.500000000000000000, -53.37856520494273127 ) ) ;
#783 = EDGE_CURVE ( 'NONE', #2208, #515, #1945, .T. ) ;
#784 = ORIENTED_EDGE ( 'NONE', *, *, #944, .T. ) ;
#785 = FACE_OUTER_BOUND ( 'NONE', #1244, .T. ) ;
#786 = DIRECTION ( 'NONE',  ( 0.000000000000000000, 1.000000000000000000, 0.000000000000000000 ) ) ;
#787 = CARTESIAN_POINT ( 'NONE',  ( -2.499999999999999112, -2.849999999999998312, -65.81472120927369929 ) ) ;
#788 = CARTESIAN_POINT ( 'NONE',  ( 5.986661053540082378, -9.057614005278750824, -74.00041860712271102 ) ) ;
#789 = EDGE_LOOP ( 'NONE', ( #1593, #1973, #2605, #2659 ) ) ;
#790 = VERTEX_POINT ( 'NONE', #2281 ) ;
#791 = ORIENTED_EDGE ( 'NONE', *, *, #1842, .T. ) ;
#792 = VECTOR ( 'NONE', #1522, 1000.000000000000000 ) ;
#793 = CIRCLE ( 'NONE', #1864, 61.61979851221319393 ) ;
#794 = CARTESIAN_POINT ( 'NONE',  ( 6.818842525640865126, -7.800000000000010481, -73.43409212763859273 ) ) ;
#795 = CARTESIAN_POINT ( 'NONE',  ( -19.00000000000000000, -12.59999999999999964, 58.37000000000001876 ) ) ;
#796 = ORIENTED_EDGE ( 'NONE', *, *, #1857, .T. ) ;
#797 = SHAPE_DEFINITION_REPRESENTATION ( #689, #508 ) ;
#798 = DIRECTION ( 'NONE',  ( 0.000000000000000000, 0.000000000000000000, -1.000000000000000000 ) ) ;
#799 = EDGE_CURVE ( 'NONE', #2423, #2094, #1095, .T. ) ;
#800 = ORIENTED_EDGE ( 'NONE', *, *, #2745, .F. ) ;
#801 = FACE_OUTER_BOUND ( 'NONE', #615, .T. ) ;
#802 = CARTESIAN_POINT ( 'NONE',  ( -5.805456238923547119, -7.428346551086197458, -73.35670225367093167 ) ) ;
#803 = DIRECTION ( 'NONE',  ( 0.000000000000000000, 0.000000000000000000, 1.000000000000000000 ) ) ;
#804 = FACE_OUTER_BOUND ( 'NONE', #383, .T. ) ;
#805 = ORIENTED_EDGE ( 'NONE', *, *, #1760, .T. ) ;
#806 = VERTEX_POINT ( 'NONE', #2727 ) ;
#807 = EDGE_CURVE ( 'NONE', #1383, #1458, #1400, .T. ) ;
#808 = ORIENTED_EDGE ( 'NONE', *, *, #2060, .F. ) ;
#809 = CARTESIAN_POINT ( 'NONE',  ( 49.35599383943030460, -4.505887450304554065, 49.35599383943082330 ) ) ;
#810 = DIRECTION ( 'NONE',  ( 0.000000000000000000, 0.000000000000000000, 1.000000000000000000 ) ) ;
#811 = ORIENTED_EDGE ( 'NONE', *, *, #1535, .F. ) ;
#812 = CARTESIAN_POINT ( 'NONE',  ( 19.00000000000000000, 0.000000000000000000, 58.37000000000001876 ) ) ;
#813 = CARTESIAN_POINT ( 'NONE',  ( 2.681676920153733601, -8.350000000000006750, -65.80782013468068214 ) ) ;
#814 = CARTESIAN_POINT ( 'NONE',  ( 2.500000000000001332, -12.59999999999999964, -74.75812607654816588 ) ) ;
#815 = CARTESIAN_POINT ( 'NONE',  ( -6.637964203909956673, -8.175361184458472152, -73.61764069217058193 ) ) ;
#816 = CARTESIAN_POINT ( 'NONE',  ( -49.35599383943031171, -12.59999999999999964, 50.55599383943081904 ) ) ;
#817 = CARTESIAN_POINT ( 'NONE',  ( -6.163857556058391474, -6.543083255877892412, -74.04549067093829251 ) ) ;
#818 = VERTEX_POINT ( 'NONE', #814 ) ;
#819 = EDGE_LOOP ( 'NONE', ( #304, #2508 ) ) ;
#820 = ADVANCED_FACE ( 'NONE', ( #187 ), #1660, .F. ) ;
#821 = ORIENTED_EDGE ( 'NONE', *, *, #2082, .T. ) ;
#822 = DIRECTION ( 'NONE',  ( 0.000000000000000000, -1.000000000000000000, 0.000000000000000000 ) ) ;
#823 = AXIS2_PLACEMENT_3D ( 'NONE', #252, #1111, #2400 ) ;
#824 = CARTESIAN_POINT ( 'NONE',  ( 54.25356520494272416, 4.974873734152918558, -26.17385293727649653 ) ) ;
#825 = CIRCLE ( 'NONE', #2387, 49.02000000000000313 ) ;
#826 = VERTEX_POINT ( 'NONE', #2700 ) ;
#827 = AXIS2_PLACEMENT_3D ( 'NONE', #630, #905, #171 ) ;
#828 = DIRECTION ( 'NONE',  ( 1.000000000000000000, 0.000000000000000000, 0.000000000000000000 ) ) ;
#829 = CARTESIAN_POINT ( 'NONE',  ( 4.469652797961050084, -1.943569273556901456, -69.79486146727627727 ) ) ;
#830 = CARTESIAN_POINT ( 'NONE',  ( 3.499999999999998668, 0.000000000000000000, -58.12125476628096976 ) ) ;
#831 = FACE_OUTER_BOUND ( 'NONE', #1382, .T. ) ;
#832 = CIRCLE ( 'NONE', #780, 73.74999999999998579 ) ;
#833 = CARTESIAN_POINT ( 'NONE',  ( 54.25356520494272416, 0.000000000000000000, -24.42385293727650364 ) ) ;
#834 = PLANE ( 'NONE',  #544 ) ;
#835 = CARTESIAN_POINT ( 'NONE',  ( 54.25356520494272416, 0.000000000000000000, -25.29885293727650009 ) ) ;
#836 = VERTEX_POINT ( 'NONE', #1210 ) ;
#837 = EDGE_LOOP ( 'NONE', ( #1337, #1071, #2078, #1917 ) ) ;
#838 = ORIENTED_EDGE ( 'NONE', *, *, #1094, .F. ) ;
#839 = CYLINDRICAL_SURFACE ( 'NONE', #1048, 49.02000000000000313 ) ;
#840 = AXIS2_PLACEMENT_3D ( 'NONE', #1182, #978, #746 ) ;
#841 = CARTESIAN_POINT ( 'NONE',  ( -6.902858178270935063, -7.382509428315256805, -74.33888104924820084 ) ) ;
#842 = EDGE_CURVE ( 'NONE', #1458, #1383, #241, .T. ) ;
#843 = ORIENTED_EDGE ( 'NONE', *, *, #777, .F. ) ;
#844 = DIRECTION ( 'NONE',  ( 0.000000000000000000, 0.000000000000000000, 1.000000000000000000 ) ) ;
#845 = LINE ( 'NONE', #1285, #426 ) ;
#846 = CARTESIAN_POINT ( 'NONE',  ( -53.50000000000002132, 0.000000000000000000, -1.131937325344068643E-14 ) ) ;
#847 = CARTESIAN_POINT ( 'NONE',  ( -5.996813688838853018, -9.046727122940744437, -73.99602574042938841 ) ) ;
#848 = CARTESIAN_POINT ( 'NONE',  ( -2.499999999999999556, -5.600000000000006750, 11.85326959112970080 ) ) ;
#849 = CARTESIAN_POINT ( 'NONE',  ( -2.499999999999999112, -2.849999999999998312, -65.81472120927369929 ) ) ;
#850 = ORIENTED_EDGE ( 'NONE', *, *, #530, .T. ) ;
#851 = ORIENTED_EDGE ( 'NONE', *, *, #873, .T. ) ;
#852 = ADVANCED_FACE ( 'NONE', ( #1350 ), #493, .F. ) ;
#853 = CARTESIAN_POINT ( 'NONE',  ( 4.928325347921934885, -8.463561608848065632, -75.13091414602752138 ) ) ;
#854 = CARTESIAN_POINT ( 'NONE',  ( -4.560866024743029712, -2.464458093795902194, -70.80194252758559514 ) ) ;
#855 = EDGE_CURVE ( 'NONE', #818, #1606, #112, .T. ) ;
#856 = ADVANCED_FACE ( 'NONE', ( #1560 ), #756, .F. ) ;
#857 = DIRECTION ( 'NONE',  ( 0.000000000000000000, 0.000000000000000000, 1.000000000000000000 ) ) ;
#858 = CARTESIAN_POINT ( 'NONE',  ( 3.880535004481258543, -3.214904305942701157, -65.74793686999994691 ) ) ;
#859 = DIRECTION ( 'NONE',  ( 0.000000000000000000, 1.000000000000000000, 0.000000000000000000 ) ) ;
#860 = CARTESIAN_POINT ( 'NONE',  ( 4.127499490630310852, -1.801909843727024452, -69.68862625426805835 ) ) ;
#861 = LINE ( 'NONE', #1694, #1088 ) ;
#862 = DIRECTION ( 'NONE',  ( 0.000000000000000000, -1.000000000000000000, 0.000000000000000000 ) ) ;
#863 = ORIENTED_EDGE ( 'NONE', *, *, #1702, .F. ) ;
#864 = EDGE_LOOP ( 'NONE', ( #2186, #2751, #374, #2235 ) ) ;
#865 = CARTESIAN_POINT ( 'NONE',  ( 2.500000000000001776, -9.382640662484909910, -75.26192112907176579 ) ) ;
#866 = CARTESIAN_POINT ( 'NONE',  ( 2.432833542376836355, -10.52992012221038642, -74.57234826773660075 ) ) ;
#867 = CARTESIAN_POINT ( 'NONE',  ( -54.25356520494272416, 4.974873734152918558, -25.29885293727648943 ) ) ;
#868 = B_SPLINE_CURVE_WITH_KNOTS ( 'NONE', 3,
 ( #467, #78, #1969, #918, #1993, #258, #270, #931, #2621, #478, #1530, #1553, #2202, #2171, #2610, #2633, #712, #906 ),
 .UNSPECIFIED., .F., .F.,
 ( 4, 2, 2, 2, 2, 2, 2, 2, 4 ),
 ( 0.004303316735331563607, 0.004840746754159262755, 0.005378176772986961035, 0.005915606791814659315, 0.006453036810642358463, 0.006990466829470057611, 0.007527896848297755024, 0.008065326867125452437, 0.008602756885953150717 ),
 .UNSPECIFIED. ) ;
#869 = VECTOR ( 'NONE', #2569, 1000.000000000000000 ) ;
#870 = VECTOR ( 'NONE', #154, 1000.000000000000000 ) ;
#871 =( GEOMETRIC_REPRESENTATION_CONTEXT ( 3 ) GLOBAL_UNCERTAINTY_ASSIGNED_CONTEXT ( ( #2062 ) ) GLOBAL_UNIT_ASSIGNED_CONTEXT ( ( #744, #1333, #1795 ) ) REPRESENTATION_CONTEXT ( 'NONE', 'WORKASPACE' ) );
#872 = CARTESIAN_POINT ( 'NONE',  ( -19.00000000000000000, 2.129999999999999893, 58.37000000000001876 ) ) ;
#873 = EDGE_CURVE ( 'NONE', #1689, #1835, #2004, .T. ) ;
#874 = CARTESIAN_POINT ( 'NONE',  ( 4.256644641405287643, -2.265700614240655053, -70.09312809953794954 ) ) ;
#875 = DIRECTION ( 'NONE',  ( 0.000000000000000000, -1.000000000000000000, 0.000000000000000000 ) ) ;
#876 = LINE ( 'NONE', #480, #2081 ) ;
#877 = ORIENTED_EDGE ( 'NONE', *, *, #2488, .F. ) ;
#878 = TOROIDAL_SURFACE ( 'NONE', #2428, 52.02000000000000313, 23.91377602297193405 ) ;
#879 = AXIS2_PLACEMENT_3D ( 'NONE', #841, #1265, #1688 ) ;
#880 = DIRECTION ( 'NONE',  ( 0.000000000000000000, 1.000000000000000000, 0.000000000000000000 ) ) ;
#881 = CARTESIAN_POINT ( 'NONE',  ( -69.79991587212562365, -4.505887450304554065, 2.385953863628735661E-13 ) ) ;
#882 = ADVANCED_FACE ( 'NONE', ( #2214 ), #1150, .F. ) ;
#883 = CARTESIAN_POINT ( 'NONE',  ( 3.386951347545408275, -2.990726606375950780, -65.77525288349627886 ) ) ;
#884 = AXIS2_PLACEMENT_3D ( 'NONE', #1022, #158, #1009 ) ;
#885 = CARTESIAN_POINT ( 'NONE',  ( 49.35599383943030460, -12.59999999999999964, 48.15599383943084177 ) ) ;
#886 = EDGE_CURVE ( 'NONE', #2644, #2720, #2524, .T. ) ;
#887 = CARTESIAN_POINT ( 'NONE',  ( 5.493496054296605813, -2.577618741202763797, -70.26542123958182628 ) ) ;
#888 = DIRECTION ( 'NONE',  ( 0.000000000000000000, 0.000000000000000000, -1.000000000000000000 ) ) ;
#889 = PLANE ( 'NONE',  #2350 ) ;
#890 = FACE_BOUND ( 'NONE', #117, .T. ) ;
#891 = CARTESIAN_POINT ( 'NONE',  ( 7.177931589495902820, -6.019100357524935774, -72.48922801253166881 ) ) ;
#892 = FACE_OUTER_BOUND ( 'NONE', #2093, .T. ) ;
#893 = B_SPLINE_CURVE_WITH_KNOTS ( 'NONE', 3,
 ( #663, #2593, #865, #60, #1515, #1708, #2376, #653, #240, #1102 ),
 .UNSPECIFIED., .F., .F.,
 ( 4, 2, 2, 2, 4 ),
 ( 0.000000000000000000, 0.0004358324479728746537, 0.0008716648959457493073, 0.001307497343918623961, 0.001743329791891498615 ),
 .UNSPECIFIED. ) ;
#894 = VECTOR ( 'NONE', #1299, 1000.000000000000000 ) ;
#895 = ORIENTED_EDGE ( 'NONE', *, *, #1919, .F. ) ;
#896 = DIRECTION ( 'NONE',  ( -1.000000000000000000, 0.000000000000000000, 7.929997705085078349E-17 ) ) ;
#897 = FACE_OUTER_BOUND ( 'NONE', #340, .T. ) ;
#898 = DIRECTION ( 'NONE',  ( 1.000000000000000000, 1.745680727347434317E-16, 0.000000000000000000 ) ) ;
#899 = DIRECTION ( 'NONE',  ( 0.000000000000000000, 1.000000000000000000, 0.000000000000000000 ) ) ;
#900 = ORIENTED_EDGE ( 'NONE', *, *, #1992, .T. ) ;
#901 = ADVANCED_FACE ( 'NONE', ( #516 ), #1792, .T. ) ;
#902 = CYLINDRICAL_SURFACE ( 'NONE', #1283, 65.86218587212560749 ) ;
#903 = DIRECTION ( 'NONE',  ( 0.000000000000000000, -1.000000000000000000, 0.000000000000000000 ) ) ;
#904 = ORIENTED_EDGE ( 'NONE', *, *, #404, .F. ) ;
#905 = DIRECTION ( 'NONE',  ( -1.000000000000000000, 0.000000000000000000, -2.378999311525523505E-16 ) ) ;
#906 = CARTESIAN_POINT ( 'NONE',  ( -2.499999999999998224, -8.350000000000003197, -65.81472120927369929 ) ) ;
#907 = AXIS2_PLACEMENT_3D ( 'NONE', #1242, #1471, #620 ) ;
#908 = CARTESIAN_POINT ( 'NONE',  ( -2.499999999999999112, -12.59999999999999964, -74.75812607654816588 ) ) ;
#909 = CARTESIAN_POINT ( 'NONE',  ( -4.473656584889694976, -1.945369243978859242, -69.79620667621797736 ) ) ;
#910 = LINE ( 'NONE', #2667, #1764 ) ;
#911 = AXIS2_PLACEMENT_3D ( 'NONE', #1521, #439, #898 ) ;
#912 = ORIENTED_EDGE ( 'NONE', *, *, #2496, .T. ) ;
#913 = DIRECTION ( 'NONE',  ( 0.000000000000000000, 0.000000000000000000, 1.000000000000000000 ) ) ;
#914 = CARTESIAN_POINT ( 'NONE',  ( -2.499999999999999112, -11.90416373652237780, -74.74230738907525051 ) ) ;
#915 = AXIS2_PLACEMENT_3D ( 'NONE', #1604, #2462, #2703 ) ;
#916 = CARTESIAN_POINT ( 'NONE',  ( 2.500000000000000444, -12.25380420783176838, -74.75812607654816588 ) ) ;
#917 = EDGE_CURVE ( 'NONE', #737, #686, #2648, .T. ) ;
#918 = CARTESIAN_POINT ( 'NONE',  ( -5.161693053600649783, -6.314304997025318222, -65.65961999575608843 ) ) ;
#919 = AXIS2_PLACEMENT_3D ( 'NONE', #706, #1379, #937 ) ;
#920 = CARTESIAN_POINT ( 'NONE',  ( 6.003218609420325293E-15, 2.129999999999999893, 49.02000000000000313 ) ) ;
#921 = CARTESIAN_POINT ( 'NONE',  ( 4.345029579672739395, -8.870267493755655153, -75.31445622011122509 ) ) ;
#922 = CARTESIAN_POINT ( 'NONE',  ( -69.79991587212562365, -4.505887450304554065, 1.200000000000239542 ) ) ;
#923 = VERTEX_POINT ( 'NONE', #1177 ) ;
#924 = CARTESIAN_POINT ( 'NONE',  ( -4.845724123039530262, -2.645927622836727444, -70.37307389058227614 ) ) ;
#925 = B_SPLINE_CURVE_WITH_KNOTS ( 'NONE', 3,
 ( #1290, #2597, #677, #1533, #2394, #55, #909, #1546, #2147, #226, #701, #1612, #2457, #977, #288, #330, #1796, #1556, #2036, #1405, #2651, #2051 ),
 .UNSPECIFIED., .F., .F.,
 ( 4, 2, 2, 2, 2, 2, 2, 2, 2, 2, 4 ),
 ( 2.179219396325675426E-18, 0.0006232919001946204442, 0.001246583800389238720, 0.002493167600778483945, 0.003739751401167729170, 0.004363043301362343543, 0.004986335201556956614, 0.006232919001946181023, 0.007479502802335406299, 0.008726086602724631575, 0.009972670403113855983 ),
 .UNSPECIFIED. ) ;
#926 = CYLINDRICAL_SURFACE ( 'NONE', #2263, 61.61979851221319393 ) ;
#927 = FACE_OUTER_BOUND ( 'NONE', #1027, .T. ) ;
#928 = VERTEX_POINT ( 'NONE', #1385 ) ;
#929 = VERTEX_POINT ( 'NONE', #1564 ) ;
#930 = DIRECTION ( 'NONE',  ( 0.000000000000000000, 0.000000000000000000, 1.000000000000000000 ) ) ;
#931 = CARTESIAN_POINT ( 'NONE',  ( -4.686618240529632828, -7.277283494598203895, -65.69530499830190706 ) ) ;
#932 = CARTESIAN_POINT ( 'NONE',  ( -5.343273003241128194, -8.051630663720350967, -74.93121690067872009 ) ) ;
#933 = DIRECTION ( 'NONE',  ( 0.000000000000000000, 0.000000000000000000, 1.000000000000000000 ) ) ;
#934 = ORIENTED_EDGE ( 'NONE', *, *, #2403, .T. ) ;
#935 = ORIENTED_EDGE ( 'NONE', *, *, #1415, .T. ) ;
#936 = CARTESIAN_POINT ( 'NONE',  ( 0.000000000000000000, -7.900000000000000355, 0.000000000000000000 ) ) ;
#937 = DIRECTION ( 'NONE',  ( 0.000000000000000000, 0.000000000000000000, 1.000000000000000000 ) ) ;
#938 = FACE_OUTER_BOUND ( 'NONE', #1479, .T. ) ;
#939 = CARTESIAN_POINT ( 'NONE',  ( -54.25356520494273838, 0.000000000000000000, 26.17385293727645745 ) ) ;
#940 = VERTEX_POINT ( 'NONE', #941 ) ;
#941 = CARTESIAN_POINT ( 'NONE',  ( 25.29885293727646101, 0.000000000000000000, -53.37856520494273127 ) ) ;
#942 = CARTESIAN_POINT ( 'NONE',  ( 3.274172242133252642, -9.274372212669321769, -75.49804957639656777 ) ) ;
#943 = DIRECTION ( 'NONE',  ( -1.734723475976807341E-16, 1.000000000000000000, -0.000000000000000000 ) ) ;
#944 = EDGE_CURVE ( 'NONE', #1099, #1525, #1766, .T. ) ;
#945 = CIRCLE ( 'NONE', #2512, 1.200000000000001066 ) ;
#946 = ORIENTED_EDGE ( 'NONE', *, *, #61, .T. ) ;
#947 = CARTESIAN_POINT ( 'NONE',  ( -5.975940667055997579, -7.007244285512056692, -74.33888104924818663 ) ) ;
#948 = CARTESIAN_POINT ( 'NONE',  ( -4.284314423944480588, -8.909560746499252559, -74.11727175968496795 ) ) ;
#949 = LINE ( 'NONE', #2687, #1748 ) ;
#950 = CARTESIAN_POINT ( 'NONE',  ( -69.79991587212562365, -12.59999999999999964, 2.385953863628735661E-13 ) ) ;
#951 = ORIENTED_EDGE ( 'NONE', *, *, #2620, .T. ) ;
#952 = VECTOR ( 'NONE', #357, 1000.000000000000000 ) ;
#953 = ORIENTED_EDGE ( 'NONE', *, *, #1261, .T. ) ;
#954 = AXIS2_PLACEMENT_3D ( 'NONE', #63, #2190, #2678 ) ;
#955 = CARTESIAN_POINT ( 'NONE',  ( -3.661756316112321219, -2.030606699501558143, -70.39197115959298401 ) ) ;
#956 = CIRCLE ( 'NONE', #879, 1.000000000000002220 ) ;
#957 = EDGE_CURVE ( 'NONE', #1026, #929, #2124, .T. ) ;
#958 = AXIS2_PLACEMENT_3D ( 'NONE', #1279, #1294, #1734 ) ;
#959 = ORIENTED_EDGE ( 'NONE', *, *, #643, .F. ) ;
#960 = EDGE_CURVE ( 'NONE', #2285, #588, #377, .T. ) ;
#961 = CARTESIAN_POINT ( 'NONE',  ( 0.000000000000000000, -7.900000000000000355, 0.000000000000000000 ) ) ;
#962 = DIRECTION ( 'NONE',  ( 1.000000000000000000, 1.745680727347434317E-16, 0.000000000000000000 ) ) ;
#963 = EDGE_LOOP ( 'NONE', ( #2719, #1130 ) ) ;
#964 = AXIS2_PLACEMENT_3D ( 'NONE', #1758, #481, #1972 ) ;
#965 = CARTESIAN_POINT ( 'NONE',  ( -7.177981265101180952, -6.020007655331570007, -72.48974871216610438 ) ) ;
#966 = CARTESIAN_POINT ( 'NONE',  ( -4.305119595524782738, -8.892376216330051264, -75.32420937124047100 ) ) ;
#967 = FACE_OUTER_BOUND ( 'NONE', #2044, .T. ) ;
#968 = DIRECTION ( 'NONE',  ( 0.000000000000000000, -1.000000000000000000, 0.000000000000000000 ) ) ;
#969 = ORIENTED_EDGE ( 'NONE', *, *, #2063, .T. ) ;
#970 = ORIENTED_EDGE ( 'NONE', *, *, #353, .T. ) ;
#971 = EDGE_LOOP ( 'NONE', ( #2057, #850, #1231, #367 ) ) ;
#972 = CARTESIAN_POINT ( 'NONE',  ( 2.500000000000001332, -12.59999999999999964, -74.75812607654816588 ) ) ;
#973 = EDGE_CURVE ( 'NONE', #818, #2696, #599, .T. ) ;
#974 = ADVANCED_FACE ( 'NONE', ( #1977 ), #1342, .F. ) ;
#975 = CARTESIAN_POINT ( 'NONE',  ( -25.29885293727646101, 4.974873734152918558, -55.12856520494273127 ) ) ;
#976 = ORIENTED_EDGE ( 'NONE', *, *, #799, .T. ) ;
#977 = CARTESIAN_POINT ( 'NONE',  ( -6.634164367966547182, -3.947640620967374225, -71.22006359998881919 ) ) ;
#978 = DIRECTION ( 'NONE',  ( 0.000000000000000000, 1.000000000000000000, 0.000000000000000000 ) ) ;
#979 = ORIENTED_EDGE ( 'NONE', *, *, #5, .F. ) ;
#980 = CARTESIAN_POINT ( 'NONE',  ( -5.708676644715468207, -3.627356371617023179, -71.06994216892594807 ) ) ;
#981 = CARTESIAN_POINT ( 'NONE',  ( -3.236871978186746990, -9.296810294984743095, -75.50746305209010245 ) ) ;
#982 = CARTESIAN_POINT ( 'NONE',  ( -4.718908428600960825, -9.999436245391754241, -74.35305555751301654 ) ) ;
#983 = CARTESIAN_POINT ( 'NONE',  ( 6.818842525640862462, -7.800000000000016698, -73.43409212763857852 ) ) ;
#984 = VERTEX_POINT ( 'NONE', #2030 ) ;
#985 = ORIENTED_EDGE ( 'NONE', *, *, #1478, .T. ) ;
#986 = ORIENTED_EDGE ( 'NONE', *, *, #740, .T. ) ;
#987 = EDGE_CURVE ( 'NONE', #818, #2599, #1490, .T. ) ;
#988 = CARTESIAN_POINT ( 'NONE',  ( -2.499999999999999556, -9.597607881101616556, -74.87934124687441795 ) ) ;
#989 = FACE_OUTER_BOUND ( 'NONE', #1216, .T. ) ;
#990 = ORIENTED_EDGE ( 'NONE', *, *, #987, .T. ) ;
#991 = DIRECTION ( 'NONE',  ( 0.000000000000000000, 1.000000000000000000, 0.000000000000000000 ) ) ;
#992 = VERTEX_POINT ( 'NONE', #402 ) ;
#993 = CARTESIAN_POINT ( 'NONE',  ( -19.00000000000000000, -12.59999999999999964, 61.37000000000001876 ) ) ;
#994 = LINE ( 'NONE', #1186, #1724 ) ;
#995 = DIRECTION ( 'NONE',  ( 0.000000000000000000, 0.000000000000000000, 1.000000000000000000 ) ) ;
#996 = LINE ( 'NONE', #1790, #728 ) ;
#997 = ORIENTED_EDGE ( 'NONE', *, *, #1497, .T. ) ;
#998 = ORIENTED_EDGE ( 'NONE', *, *, #126, .F. ) ;
#999 = ORIENTED_EDGE ( 'NONE', *, *, #917, .F. ) ;
#1000 = AXIS2_PLACEMENT_3D ( 'NONE', #2520, #1199, #2055 ) ;
#1001 = CARTESIAN_POINT ( 'NONE',  ( -2.499999999999998224, -12.59999999999999964, -65.81472120927369929 ) ) ;
#1002 = EDGE_CURVE ( 'NONE', #399, #1383, #1248, .T. ) ;
#1003 = CARTESIAN_POINT ( 'NONE',  ( 0.000000000000000000, 0.000000000000000000, 0.000000000000000000 ) ) ;
#1004 = EDGE_CURVE ( 'NONE', #1613, #836, #2735, .T. ) ;
#1005 = ORIENTED_EDGE ( 'NONE', *, *, #1526, .F. ) ;
#1006 = LINE ( 'NONE', #1860, #2067 ) ;
#1007 = ORIENTED_EDGE ( 'NONE', *, *, #313, .T. ) ;
#1008 = DIRECTION ( 'NONE',  ( 0.000000000000000000, 1.000000000000000000, 0.000000000000000000 ) ) ;
#1009 = DIRECTION ( 'NONE',  ( 0.000000000000000000, -0.000000000000000000, 1.000000000000000000 ) ) ;
#1010 = CARTESIAN_POINT ( 'NONE',  ( -4.317902625437686659, -3.528788761074611369, -65.72061630863403536 ) ) ;
#1011 = CARTESIAN_POINT ( 'NONE',  ( -24.60438397796766807, 0.000000000000000000, 52.21233043099198312 ) ) ;
#1012 = VERTEX_POINT ( 'NONE', #1872 ) ;
#1013 = ORIENTED_EDGE ( 'NONE', *, *, #2179, .T. ) ;
#1014 = VERTEX_POINT ( 'NONE', #2545 ) ;
#1015 = CIRCLE ( 'NONE', #1360, 1.199999999999999734 ) ;
#1016 = CARTESIAN_POINT ( 'NONE',  ( 2.500000000000005773, -10.52993418457595176, -74.57012933681626521 ) ) ;
#1017 = DIRECTION ( 'NONE',  ( 0.000000000000000000, 1.000000000000000000, 0.000000000000000000 ) ) ;
#1018 = ORIENTED_EDGE ( 'NONE', *, *, #1760, .F. ) ;
#1019 = CARTESIAN_POINT ( 'NONE',  ( 6.536128869083897008, -3.796987450022843547, -71.11810182947982639 ) ) ;
#1020 = DIRECTION ( 'NONE',  ( -0.000000000000000000, -1.000000000000000000, -0.000000000000000000 ) ) ;
#1021 = DIRECTION ( 'NONE',  ( 0.000000000000000000, 0.000000000000000000, -1.000000000000000000 ) ) ;
#1022 = CARTESIAN_POINT ( 'NONE',  ( 0.000000000000000000, 2.500000000000000000, 0.000000000000000000 ) ) ;
#1023 = DIRECTION ( 'NONE',  ( 0.000000000000000000, 1.000000000000000000, 0.000000000000000000 ) ) ;
#1024 = DIRECTION ( 'NONE',  ( 0.000000000000000000, 0.000000000000000000, 1.000000000000000000 ) ) ;
#1025 = ORIENTED_EDGE ( 'NONE', *, *, #500, .T. ) ;
#1026 = VERTEX_POINT ( 'NONE', #147 ) ;
#1027 = EDGE_LOOP ( 'NONE', ( #1697, #2011 ) ) ;
#1028 = B_SPLINE_CURVE_WITH_KNOTS ( 'NONE', 3,
 ( #621, #817, #606, #2717 ),
 .UNSPECIFIED., .F., .F.,
 ( 4, 4 ),
 ( 0.000000000000000000, 0.001717021155754164122 ),
 .UNSPECIFIED. ) ;
#1029 = FACE_OUTER_BOUND ( 'NONE', #648, .T. ) ;
#1030 = CARTESIAN_POINT ( 'NONE',  ( 2.500000000000000000, -8.350000000000003197, -65.81472120927369929 ) ) ;
#1031 = ORIENTED_EDGE ( 'NONE', *, *, #2496, .F. ) ;
#1032 = DIRECTION ( 'NONE',  ( -0.000000000000000000, -1.000000000000000000, -0.000000000000000000 ) ) ;
#1033 = FACE_OUTER_BOUND ( 'NONE', #1047, .T. ) ;
#1034 = DIRECTION ( 'NONE',  ( 0.000000000000000000, 1.000000000000000000, 0.000000000000000000 ) ) ;
#1035 = DIRECTION ( 'NONE',  ( 0.000000000000000000, 0.000000000000000000, -1.000000000000000000 ) ) ;
#1036 = CARTESIAN_POINT ( 'NONE',  ( 49.35599383943065988, -12.59999999999999964, -49.35599383943047513 ) ) ;
#1037 = CARTESIAN_POINT ( 'NONE',  ( -3.500000000000000000, 0.000000000000000000, -55.37125476628098397 ) ) ;
#1038 = DIRECTION ( 'NONE',  ( 1.000000000000000000, 1.712014632454126249E-16, 0.000000000000000000 ) ) ;
#1039 = ORIENTED_EDGE ( 'NONE', *, *, #1526, .T. ) ;
#1040 = ORIENTED_EDGE ( 'NONE', *, *, #1837, .F. ) ;
#1041 = ADVANCED_FACE ( 'NONE', ( #369 ), #2289, .F. ) ;
#1042 = ORIENTED_EDGE ( 'NONE', *, *, #1840, .T. ) ;
#1043 = EDGE_CURVE ( 'NONE', #588, #2285, #684, .T. ) ;
#1044 = DIRECTION ( 'NONE',  ( 0.000000000000000000, 0.000000000000000000, -1.000000000000000000 ) ) ;
#1045 = CIRCLE ( 'NONE', #2568, 2.750000000000002665 ) ;
#1046 = CARTESIAN_POINT ( 'NONE',  ( 3.499999999999998668, 3.400000000000000355, -58.12125476628096976 ) ) ;
#1047 = EDGE_LOOP ( 'NONE', ( #169, #2710, #935, #1652 ) ) ;
#1048 = AXIS2_PLACEMENT_3D ( 'NONE', #387, #2482, #1233 ) ;
#1049 = LINE ( 'NONE', #2323, #870 ) ;
#1050 = DIRECTION ( 'NONE',  ( 0.000000000000000000, 0.000000000000000000, -1.000000000000000000 ) ) ;
#1051 = DIRECTION ( 'NONE',  ( 1.000000000000000000, 0.000000000000000000, 0.000000000000000000 ) ) ;
#1052 = AXIS2_PLACEMENT_3D ( 'NONE', #1056, #1229, #2091 ) ;
#1053 = ADVANCED_FACE ( 'NONE', ( #1029 ), #2109, .F. ) ;
#1054 = CARTESIAN_POINT ( 'NONE',  ( -5.438781063427728490, -7.967353291488961986, -73.64955405735591398 ) ) ;
#1055 = CARTESIAN_POINT ( 'NONE',  ( -4.971996082443816967, -4.381863957993738623, -65.67428352136445824 ) ) ;
#1056 = CARTESIAN_POINT ( 'NONE',  ( -2.499999999999999556, -5.600000000000006750, 74.80191587212563320 ) ) ;
#1057 = EDGE_LOOP ( 'NONE', ( #1586, #770, #1822, #2075, #1428, #309, #1642 ) ) ;
#1058 = ORIENTED_EDGE ( 'NONE', *, *, #855, .T. ) ;
#1059 = ADVANCED_FACE ( 'NONE', ( #1886 ), #2061, .F. ) ;
#1060 = CIRCLE ( 'NONE', #1406, 69.56062550045484727 ) ;
#1061 = CARTESIAN_POINT ( 'NONE',  ( 3.246270896824496877, -9.294617885764820286, -75.50636886109441548 ) ) ;
#1062 = VECTOR ( 'NONE', #1866, 1000.000000000000000 ) ;
#1063 = CARTESIAN_POINT ( 'NONE',  ( 2.964501926677399535, -10.51081553072003238, -74.54999635449765094 ) ) ;
#1064 = B_SPLINE_CURVE_WITH_KNOTS ( 'NONE', 3,
 ( #2368, #1906, #196, #2584, #664, #2630, #2153, #2353, #854, #1516, #2378, #2110, #2546, #2559, #2571, #1284 ),
 .UNSPECIFIED., .F., .F.,
 ( 4, 2, 2, 2, 2, 2, 2, 4 ),
 ( 0.001717021155754164122, 0.003408289677772368721, 0.005099558199790575272, 0.005945192460799666838, 0.006368009591304223463, 0.006790826721808779221, 0.007636460982817907216, 0.008482095243827035211 ),
 .UNSPECIFIED. ) ;
#1065 = DIRECTION ( 'NONE',  ( -0.000000000000000000, 1.000000000000000000, -0.000000000000000000 ) ) ;
#1066 = CARTESIAN_POINT ( 'NONE',  ( 3.386181377857858887, -8.209529012086186128, -65.77529238041640269 ) ) ;
#1067 = CARTESIAN_POINT ( 'NONE',  ( -2.499999999999999556, -5.600000000000006750, -75.79991587212563786 ) ) ;
#1068 = CARTESIAN_POINT ( 'NONE',  ( 6.264654063531572170, -3.375412654962694603, -70.83317126984954371 ) ) ;
#1069 = CARTESIAN_POINT ( 'NONE',  ( -5.241140034483222188, 0.8999999999999980238, -53.24265631182327496 ) ) ;
#1070 = DIRECTION ( 'NONE',  ( 0.000000000000000000, 0.000000000000000000, -1.000000000000000000 ) ) ;
#1071 = ORIENTED_EDGE ( 'NONE', *, *, #1002, .T. ) ;
#1072 = ORIENTED_EDGE ( 'NONE', *, *, #1877, .T. ) ;
#1073 = DIRECTION ( 'NONE',  ( 0.000000000000000000, 0.000000000000000000, -1.000000000000000000 ) ) ;
#1074 = CARTESIAN_POINT ( 'NONE',  ( 5.323432839281365681, -9.633245053209266828, -74.22088596817965822 ) ) ;
#1075 = ADVANCED_FACE ( 'NONE', ( #1192 ), #2047, .T. ) ;
#1076 = DIRECTION ( 'NONE',  ( -1.000000000000000000, 0.000000000000000000, 0.000000000000000000 ) ) ;
#1077 = EDGE_CURVE ( 'NONE', #1963, #322, #2077, .T. ) ;
#1078 = CARTESIAN_POINT ( 'NONE',  ( 4.971382955875935927, -6.819367656951435208, -65.67432999586202413 ) ) ;
#1079 = DIRECTION ( 'NONE',  ( 0.000000000000000000, -1.000000000000000000, 0.000000000000000000 ) ) ;
#1080 = CARTESIAN_POINT ( 'NONE',  ( 5.829054773076104645, -3.867649889782930561, -72.05483233711095181 ) ) ;
#1081 = DIRECTION ( 'NONE',  ( 0.000000000000000000, -1.000000000000000000, 0.000000000000000000 ) ) ;
#1082 = CARTESIAN_POINT ( 'NONE',  ( 2.499999999999998224, -12.59999999999999964, -65.81472120927368508 ) ) ;
#1083 = ORIENTED_EDGE ( 'NONE', *, *, #1974, .F. ) ;
#1084 = CARTESIAN_POINT ( 'NONE',  ( -25.29885293727646101, 4.974873734152918558, -53.37856520494273127 ) ) ;
#1085 = CARTESIAN_POINT ( 'NONE',  ( -2.499999999999999556, -10.86899778750672141, -74.63222634551219414 ) ) ;
#1086 = CARTESIAN_POINT ( 'NONE',  ( 5.504598777367837315, -9.497062832193343240, -74.17056783856439495 ) ) ;
#1087 = CARTESIAN_POINT ( 'NONE',  ( 49.35599383943065988, -4.505887450304554065, -50.55599383943047798 ) ) ;
#1088 = VECTOR ( 'NONE', #1484, 1000.000000000000000 ) ;
#1089 = ADVANCED_FACE ( 'NONE', ( #2259 ), #839, .F. ) ;
#1090 = AXIS2_PLACEMENT_3D ( 'NONE', #1289, #22, #2577 ) ;
#1091 = AXIS2_PLACEMENT_3D ( 'NONE', #359, #2741, #184 ) ;
#1092 = B_SPLINE_CURVE_WITH_KNOTS ( 'NONE', 3,
 ( #627, #1477, #1063, #1699, #1354, #1368, #1819, #1635, #1200, #1590, #2212, #308, #788, #143, #1804, #983 ),
 .UNSPECIFIED., .F., .F.,
 ( 4, 2, 2, 2, 2, 2, 2, 4 ),
 ( 3.242154826201322249E-05, 0.0007295614272581373884, 0.001426701306254261588, 0.002123841185250386222, 0.002820981064246510205, 0.003518120943242634188, 0.004215260822238759038, 0.005609540580230994861 ),
 .UNSPECIFIED. ) ;
#1093 = DIRECTION ( 'NONE',  ( 0.000000000000000000, 0.000000000000000000, -1.000000000000000000 ) ) ;
#1094 = EDGE_CURVE ( 'NONE', #2332, #1591, #611, .T. ) ;
#1095 = CIRCLE ( 'NONE', #1493, 73.74999999999998579 ) ;
#1096 = CARTESIAN_POINT ( 'NONE',  ( 5.340149181501437248, -3.132924943929426664, -71.41910613815552722 ) ) ;
#1097 = DIRECTION ( 'NONE',  ( 0.000000000000000000, 1.000000000000000000, 0.000000000000000000 ) ) ;
#1098 = CARTESIAN_POINT ( 'NONE',  ( 0.000000000000000000, 2.500000000000000000, 0.000000000000000000 ) ) ;
#1099 = VERTEX_POINT ( 'NONE', #1001 ) ;
#1100 = AXIS2_PLACEMENT_3D ( 'NONE', #629, #1433, #170 ) ;
#1101 = FACE_OUTER_BOUND ( 'NONE', #1682, .T. ) ;
#1102 = CARTESIAN_POINT ( 'NONE',  ( 2.500000000000005773, -10.52993418457595176, -74.57012933681626521 ) ) ;
#1103 = EDGE_LOOP ( 'NONE', ( #1473, #425, #1449, #753 ) ) ;
#1104 = CIRCLE ( 'NONE', #964, 53.50000000000001421 ) ;
#1105 = DIRECTION ( 'NONE',  ( 0.000000000000000000, 0.000000000000000000, 1.000000000000000000 ) ) ;
#1106 = ADVANCED_FACE ( 'NONE', ( #1462 ), #1991, .F. ) ;
#1107 = CARTESIAN_POINT ( 'NONE',  ( -2.500000000000000000, -8.350000000000010303, 11.85326959112970080 ) ) ;
#1108 = DIRECTION ( 'NONE',  ( 0.000000000000000000, 0.000000000000000000, 1.000000000000000000 ) ) ;
#1109 = DIRECTION ( 'NONE',  ( 0.000000000000000000, 0.000000000000000000, 1.000000000000000000 ) ) ;
#1110 = CARTESIAN_POINT ( 'NONE',  ( 6.964448029129356676, -7.451566968526953438, -73.25979661722811898 ) ) ;
#1111 = DIRECTION ( 'NONE',  ( 0.000000000000000000, -1.000000000000000000, 0.000000000000000000 ) ) ;
#1112 = AXIS2_PLACEMENT_3D ( 'NONE', #690, #674, #699 ) ;
#1113 = ORIENTED_EDGE ( 'NONE', *, *, #2084, .F. ) ;
#1114 = ORIENTED_EDGE ( 'NONE', *, *, #569, .F. ) ;
#1115 = CARTESIAN_POINT ( 'NONE',  ( -6.818842525640860686, -7.800000000000016698, -73.43409212763857852 ) ) ;
#1116 = DIRECTION ( 'NONE',  ( -0.000000000000000000, 1.000000000000000000, -0.000000000000000000 ) ) ;
#1117 = DIRECTION ( 'NONE',  ( 0.000000000000000000, 0.000000000000000000, 1.000000000000000000 ) ) ;
#1118 = CARTESIAN_POINT ( 'NONE',  ( -49.35599383943031171, -4.505887450304554065, 49.35599383943081619 ) ) ;
#1119 = EDGE_LOOP ( 'NONE', ( #146, #1638, #1320, #1441 ) ) ;
#1120 = LINE ( 'NONE', #48, #1361 ) ;
#1121 = CARTESIAN_POINT ( 'NONE',  ( -49.35599383943065277, -7.900000000000000355, -50.55599383943049219 ) ) ;
#1122 = ADVANCED_FACE ( 'NONE', ( #2151 ), #2339, .F. ) ;
#1123 = DIRECTION ( 'NONE',  ( 0.000000000000000000, 1.000000000000000000, 0.000000000000000000 ) ) ;
#1124 = CARTESIAN_POINT ( 'NONE',  ( -54.25356520494272416, 2.500000000000000000, -24.42385293727649298 ) ) ;
#1125 = AXIS2_PLACEMENT_3D ( 'NONE', #1776, #279, #2421 ) ;
#1126 = DIRECTION ( 'NONE',  ( 0.000000000000000000, 1.000000000000000000, 0.000000000000000000 ) ) ;
#1127 = PLANE ( 'NONE',  #163 ) ;
#1128 = DIRECTION ( 'NONE',  ( 0.000000000000000000, 1.000000000000000000, 0.000000000000000000 ) ) ;
#1129 = CIRCLE ( 'NONE', #1100, 3.750000000000002220 ) ;
#1130 = ORIENTED_EDGE ( 'NONE', *, *, #2362, .T. ) ;
#1131 = CARTESIAN_POINT ( 'NONE',  ( -6.805685242496841703, -4.298647501541071669, -71.44968129460853845 ) ) ;
#1132 = CARTESIAN_POINT ( 'NONE',  ( -49.35599383943031171, -4.505887450304554065, 49.35599383943081619 ) ) ;
#1133 = PRESENTATION_STYLE_ASSIGNMENT (( #721 ) ) ;
#1134 = CARTESIAN_POINT ( 'NONE',  ( 3.215632405023118867, -2.938680991068622905, -65.78387575625765749 ) ) ;
#1135 = CIRCLE ( 'NONE', #2020, 23.91377602297193405 ) ;
#1136 = AXIS2_PLACEMENT_3D ( 'NONE', #2125, #231, #2422 ) ;
#1137 = ADVANCED_FACE ( 'NONE', ( #1541 ), #878, .T. ) ;
#1138 = ADVANCED_FACE ( 'NONE', ( #1934 ), #1494, .F. ) ;
#1139 = CARTESIAN_POINT ( 'NONE',  ( 2.500000000000001332, -10.86899778750671608, -74.63222634551219414 ) ) ;
#1140 = DIRECTION ( 'NONE',  ( -0.000000000000000000, -1.000000000000000000, -0.000000000000000000 ) ) ;
#1141 = AXIS2_PLACEMENT_3D ( 'NONE', #38, #228, #671 ) ;
#1142 = CARTESIAN_POINT ( 'NONE',  ( -2.499999999999999112, -9.350000000000006750, -75.55435344895884953 ) ) ;
#1143 = LINE ( 'NONE', #1584, #1317 ) ;
#1144 = DIRECTION ( 'NONE',  ( 0.000000000000000000, 0.000000000000000000, 1.000000000000000000 ) ) ;
#1145 = ORIENTED_EDGE ( 'NONE', *, *, #591, .T. ) ;
#1146 = CARTESIAN_POINT ( 'NONE',  ( -5.961053131231063951, -4.127427278536391242, -72.27197079977743499 ) ) ;
#1147 = CARTESIAN_POINT ( 'NONE',  ( 49.35599383943065988, -4.505887450304554065, -48.15599383943047940 ) ) ;
#1148 = PLANE ( 'NONE',  #915 ) ;
#1149 = ORIENTED_EDGE ( 'NONE', *, *, #1966, .T. ) ;
#1150 = PLANE ( 'NONE',  #1312 ) ;
#1151 = AXIS2_PLACEMENT_3D ( 'NONE', #2155, #1034, #2129 ) ;
#1152 = EDGE_CURVE ( 'NONE', #111, #2094, #1135, .T. ) ;
#1153 = DIRECTION ( 'NONE',  ( 0.000000000000000000, 1.000000000000000000, 0.000000000000000000 ) ) ;
#1154 = CYLINDRICAL_SURFACE ( 'NONE', #732, 61.61979851221319393 ) ;
#1155 = VERTEX_POINT ( 'NONE', #2606 ) ;
#1156 = DIRECTION ( 'NONE',  ( 0.000000000000000000, -0.000000000000000000, 1.000000000000000000 ) ) ;
#1157 = DIRECTION ( 'NONE',  ( -0.000000000000000000, -0.000000000000000000, -1.000000000000000000 ) ) ;
#1158 = CARTESIAN_POINT ( 'NONE',  ( 54.25356520494270995, 0.000000000000000000, 26.17385293727652495 ) ) ;
#1159 = ORIENTED_EDGE ( 'NONE', *, *, #20, .F. ) ;
#1160 = ADVANCED_FACE ( 'NONE', ( #1033 ), #1878, .F. ) ;
#1161 = ORIENTED_EDGE ( 'NONE', *, *, #47, .F. ) ;
#1162 = ORIENTED_EDGE ( 'NONE', *, *, #246, .T. ) ;
#1163 = CARTESIAN_POINT ( 'NONE',  ( 2.500000000000000888, -5.599999999999999645, 74.80191587212563320 ) ) ;
#1164 = CARTESIAN_POINT ( 'NONE',  ( -5.250000000000001776, -5.600000000000006750, -75.79991587212563786 ) ) ;
#1165 = DIRECTION ( 'NONE',  ( 0.000000000000000000, 1.000000000000000000, 0.000000000000000000 ) ) ;
#1166 = CIRCLE ( 'NONE', #1308, 0.8749999999999973355 ) ;
#1167 = VERTEX_POINT ( 'NONE', #2401 ) ;
#1168 = CARTESIAN_POINT ( 'NONE',  ( -5.425890733549945111, -3.232428697163368003, -70.79485986190722713 ) ) ;
#1169 = CARTESIAN_POINT ( 'NONE',  ( 6.260621410428630185, -5.555394283491625451, -73.36493279570245818 ) ) ;
#1170 = DIRECTION ( 'NONE',  ( 0.000000000000000000, 1.000000000000000000, 0.000000000000000000 ) ) ;
#1171 = DIRECTION ( 'NONE',  ( -0.000000000000000000, 1.000000000000000000, -0.000000000000000000 ) ) ;
#1172 = ORIENTED_EDGE ( 'NONE', *, *, #2048, .F. ) ;
#1173 = ORIENTED_EDGE ( 'NONE', *, *, #2467, .F. ) ;
#1174 = CIRCLE ( 'NONE', #2122, 0.8750000000000007772 ) ;
#1175 = VERTEX_POINT ( 'NONE', #2550 ) ;
#1176 = AXIS2_PLACEMENT_3D ( 'NONE', #1562, #1777, #4 ) ;
#1177 = CARTESIAN_POINT ( 'NONE',  ( -3.499999999999999556, 3.400000000000000355, -58.12125476628097687 ) ) ;
#1178 = CIRCLE ( 'NONE', #727, 0.8749999999999973355 ) ;
#1179 = VERTEX_POINT ( 'NONE', #830 ) ;
#1180 = CARTESIAN_POINT ( 'NONE',  ( 54.25356520494272416, 2.500000000000000000, -24.42385293727650364 ) ) ;
#1181 = LINE ( 'NONE', #82, #680 ) ;
#1182 = CARTESIAN_POINT ( 'NONE',  ( -54.25356520494272416, 0.000000000000000000, -25.29885293727648943 ) ) ;
#1183 = ADVANCED_FACE ( 'NONE', ( #1238 ), #1700, .T. ) ;
#1184 = ORIENTED_EDGE ( 'NONE', *, *, #783, .T. ) ;
#1185 = CARTESIAN_POINT ( 'NONE',  ( -4.114289126275298081, -2.211374590849601862, -70.56221160424075833 ) ) ;
#1186 = CARTESIAN_POINT ( 'NONE',  ( 2.500000000000001332, -2.849999999999997424, -75.79991587212563786 ) ) ;
#1187 = CARTESIAN_POINT ( 'NONE',  ( 49.35599383943030460, -12.59999999999999964, 50.55599383943081193 ) ) ;
#1188 = CARTESIAN_POINT ( 'NONE',  ( 54.25356520494270995, 0.000000000000000000, 24.42385293727652851 ) ) ;
#1189 = ORIENTED_EDGE ( 'NONE', *, *, #2634, .F. ) ;
#1190 = ORIENTED_EDGE ( 'NONE', *, *, #2348, .F. ) ;
#1191 = ORIENTED_EDGE ( 'NONE', *, *, #94, .T. ) ;
#1192 = FACE_OUTER_BOUND ( 'NONE', #176, .T. ) ;
#1193 = LINE ( 'NONE', #824, #2653 ) ;
#1194 = ORIENTED_EDGE ( 'NONE', *, *, #90, .F. ) ;
#1195 = DIRECTION ( 'NONE',  ( 0.000000000000000000, -1.000000000000000000, 0.000000000000000000 ) ) ;
#1196 = EDGE_LOOP ( 'NONE', ( #1260, #412, #970, #217 ) ) ;
#1197 = CARTESIAN_POINT ( 'NONE',  ( 0.000000000000000000, -7.800000000000016698, 0.000000000000000000 ) ) ;
#1198 = DIRECTION ( 'NONE',  ( 0.000000000000000000, 0.000000000000000000, 1.000000000000000000 ) ) ;
#1199 = DIRECTION ( 'NONE',  ( 0.000000000000000000, 1.000000000000000000, 0.000000000000000000 ) ) ;
#1200 = CARTESIAN_POINT ( 'NONE',  ( 4.926589627357625290, -9.887246609957150767, -74.31313479938313549 ) ) ;
#1201 = ORIENTED_EDGE ( 'NONE', *, *, #1543, .T. ) ;
#1202 = ORIENTED_EDGE ( 'NONE', *, *, #2591, .F. ) ;
#1203 = VERTEX_POINT ( 'NONE', #2726 ) ;
#1204 = DIRECTION ( 'NONE',  ( -1.000000000000000000, 0.000000000000000000, 0.000000000000000000 ) ) ;
#1205 = EDGE_CURVE ( 'NONE', #661, #731, #845, .T. ) ;
#1206 = DIRECTION ( 'NONE',  ( -0.000000000000000000, 0.000000000000000000, 1.000000000000000000 ) ) ;
#1207 = ORIENTED_EDGE ( 'NONE', *, *, #2260, .F. ) ;
#1208 = FACE_OUTER_BOUND ( 'NONE', #310, .T. ) ;
#1209 = ORIENTED_EDGE ( 'NONE', *, *, #57, .T. ) ;
#1210 = CARTESIAN_POINT ( 'NONE',  ( -24.60438397796766807, 2.129999999999999893, 52.21233043099198312 ) ) ;
#1211 = CARTESIAN_POINT ( 'NONE',  ( 2.860075482159946780, -1.848585984663016157, -69.79856512971848304 ) ) ;
#1212 = CARTESIAN_POINT ( 'NONE',  ( -3.719577297917779468, -3.128640403292096028, -65.75728154838860462 ) ) ;
#1213 = CYLINDRICAL_SURFACE ( 'NONE', #1856, 0.8750000000000007772 ) ;
#1214 = VERTEX_POINT ( 'NONE', #213 ) ;
#1215 = ORIENTED_EDGE ( 'NONE', *, *, #1326, .F. ) ;
#1216 = EDGE_LOOP ( 'NONE', ( #622, #2509, #1439, #562, #2308, #2668, #1291, #2108, #904, #555 ) ) ;
#1217 = CIRCLE ( 'NONE', #2738, 2.749999999999995559 ) ;
#1218 = AXIS2_PLACEMENT_3D ( 'NONE', #961, #489, #729 ) ;
#1219 = CIRCLE ( 'NONE', #2516, 65.86218587212560749 ) ;
#1220 = CARTESIAN_POINT ( 'NONE',  ( 5.666499301734021721, -7.642116181372985650, -74.71849745299763867 ) ) ;
#1221 = PLANE ( 'NONE',  #2243 ) ;
#1222 = AXIS2_PLACEMENT_3D ( 'NONE', #1824, #1123, #77 ) ;
#1223 = AXIS2_PLACEMENT_3D ( 'NONE', #1302, #2184, #2381 ) ;
#1224 = ORIENTED_EDGE ( 'NONE', *, *, #1899, .F. ) ;
#1225 = CARTESIAN_POINT ( 'NONE',  ( -25.29885293727646101, 0.000000000000000000, -54.25356520494273127 ) ) ;
#1226 = CARTESIAN_POINT ( 'NONE',  ( -49.35599383943065277, -4.505887450304554065, -49.35599383943048224 ) ) ;
#1227 = CARTESIAN_POINT ( 'NONE',  ( -5.316970011592440315, -9.637891977463860727, -74.22259531466769999 ) ) ;
#1228 = DIRECTION ( 'NONE',  ( 0.000000000000000000, 0.000000000000000000, -1.000000000000000000 ) ) ;
#1229 = DIRECTION ( 'NONE',  ( -0.000000000000000000, -0.000000000000000000, -1.000000000000000000 ) ) ;
#1230 = ORIENTED_EDGE ( 'NONE', *, *, #2758, .F. ) ;
#1231 = ORIENTED_EDGE ( 'NONE', *, *, #1331, .T. ) ;
#1232 = ORIENTED_EDGE ( 'NONE', *, *, #20, .T. ) ;
#1233 = DIRECTION ( 'NONE',  ( 0.000000000000000000, 0.000000000000000000, -1.000000000000000000 ) ) ;
#1234 = DIRECTION ( 'NONE',  ( 0.000000000000000000, 0.000000000000000000, 1.000000000000000000 ) ) ;
#1235 = EDGE_CURVE ( 'NONE', #2052, #790, #32, .T. ) ;
#1236 = ORIENTED_EDGE ( 'NONE', *, *, #2560, .T. ) ;
#1237 = CARTESIAN_POINT ( 'NONE',  ( -49.35599383943065277, -7.900000000000000355, -48.15599383943047940 ) ) ;
#1238 = FACE_OUTER_BOUND ( 'NONE', #1577, .T. ) ;
#1239 = AXIS2_PLACEMENT_3D ( 'NONE', #2404, #245, #1105 ) ;
#1240 = CARTESIAN_POINT ( 'NONE',  ( -2.499999999999999556, -5.600000000000006750, 11.85326959112970080 ) ) ;
#1241 = CARTESIAN_POINT ( 'NONE',  ( -5.724446358651804623, -7.571304440322097484, -73.43720246856072720 ) ) ;
#1242 = CARTESIAN_POINT ( 'NONE',  ( 69.79991587212562365, -4.505887450304554065, 2.488148210778209755E-13 ) ) ;
#1243 = CARTESIAN_POINT ( 'NONE',  ( 0.000000000000000000, -17.78377602297191018, 0.000000000000000000 ) ) ;
#1244 = EDGE_LOOP ( 'NONE', ( #2732, #2525, #1571, #2433 ) ) ;
#1245 = EDGE_LOOP ( 'NONE', ( #237, #1897 ) ) ;
#1246 = ORIENTED_EDGE ( 'NONE', *, *, #1862, .F. ) ;
#1247 = EDGE_CURVE ( 'NONE', #984, #1747, #2390, .T. ) ;
#1248 = LINE ( 'NONE', #1686, #29 ) ;
#1249 = CARTESIAN_POINT ( 'NONE',  ( 2.681676149206494220, -2.849999999999996536, -65.80782016396544520 ) ) ;
#1250 = EDGE_CURVE ( 'NONE', #826, #1613, #1946, .T. ) ;
#1251 = ORIENTED_EDGE ( 'NONE', *, *, #262, .T. ) ;
#1252 = DIRECTION ( 'NONE',  ( 0.000000000000000000, -1.000000000000000000, 0.000000000000000000 ) ) ;
#1253 = CARTESIAN_POINT ( 'NONE',  ( 4.573697211478081392, -3.784729691419950637, -65.70331304311832810 ) ) ;
#1254 = CARTESIAN_POINT ( 'NONE',  ( 69.79991587212562365, -7.900000000000000355, 2.488148210778209755E-13 ) ) ;
#1255 = EDGE_CURVE ( 'NONE', #1259, #923, #1933, .T. ) ;
#1256 = PLANE ( 'NONE',  #884 ) ;
#1257 = CARTESIAN_POINT ( 'NONE',  ( -3.386571971067089404, -2.990598309582270353, -65.77527242204335778 ) ) ;
#1258 = DIRECTION ( 'NONE',  ( 0.000000000000000000, -1.000000000000000000, 0.000000000000000000 ) ) ;
#1259 = VERTEX_POINT ( 'NONE', #1046 ) ;
#1260 = ORIENTED_EDGE ( 'NONE', *, *, #917, .T. ) ;
#1261 = EDGE_CURVE ( 'NONE', #771, #570, #1064, .T. ) ;
#1262 = ADVANCED_FACE ( 'NONE', ( #927 ), #452, .F. ) ;
#1263 = CARTESIAN_POINT ( 'NONE',  ( 4.474408603602855194, -8.793662192830533186, -75.28074643710773728 ) ) ;
#1264 = AXIS2_PLACEMENT_3D ( 'NONE', #735, #1589, #2232 ) ;
#1265 = DIRECTION ( 'NONE',  ( 0.3405946822649613126, -0.8412803087965831095, -0.4198127016229454278 ) ) ;
#1266 = AXIS2_PLACEMENT_3D ( 'NONE', #423, #1274, #2132 ) ;
#1267 = AXIS2_PLACEMENT_3D ( 'NONE', #2712, #568, #844 ) ;
#1268 = ORIENTED_EDGE ( 'NONE', *, *, #2336, .T. ) ;
#1269 = CARTESIAN_POINT ( 'NONE',  ( 4.984040337961649136, -2.230300029690402308, -70.00819617488352264 ) ) ;
#1270 = DIRECTION ( 'NONE',  ( 0.000000000000000000, 0.000000000000000000, -1.000000000000000000 ) ) ;
#1271 = DIRECTION ( 'NONE',  ( 0.000000000000000000, 0.000000000000000000, 1.000000000000000000 ) ) ;
#1272 = VECTOR ( 'NONE', #397, 1000.000000000000000 ) ;
#1273 = DIRECTION ( 'NONE',  ( 0.000000000000000000, 1.000000000000000000, 0.000000000000000000 ) ) ;
#1274 = DIRECTION ( 'NONE',  ( 0.000000000000000000, 1.000000000000000000, 0.000000000000000000 ) ) ;
#1275 = DIRECTION ( 'NONE',  ( 0.000000000000000000, -1.000000000000000000, 0.000000000000000000 ) ) ;
#1276 = EDGE_LOOP ( 'NONE', ( #1325, #254, #2450, #1645 ) ) ;
#1277 = ADVANCED_FACE ( 'NONE', ( #2756 ), #708, .F. ) ;
#1278 = VERTEX_POINT ( 'NONE', #655 ) ;
#1279 = CARTESIAN_POINT ( 'NONE',  ( -49.35599383943031171, -7.900000000000000355, 49.35599383943081619 ) ) ;
#1280 = AXIS2_PLACEMENT_3D ( 'NONE', #734, #495, #1198 ) ;
#1281 = CARTESIAN_POINT ( 'NONE',  ( 3.654511647595781731, -9.175015561671603592, -74.24615349654510510 ) ) ;
#1282 = ADVANCED_FACE ( 'NONE', ( #1507 ), #444, .F. ) ;
#1283 = AXIS2_PLACEMENT_3D ( 'NONE', #441, #1762, #913 ) ;
#1284 = CARTESIAN_POINT ( 'NONE',  ( -2.499999999999999556, -1.849999999999998312, -70.24964996523893035 ) ) ;
#1285 = CARTESIAN_POINT ( 'NONE',  ( 2.500000000000001776, -12.59999999999999964, -75.79991587212563786 ) ) ;
#1286 = FACE_BOUND ( 'NONE', #2444, .T. ) ;
#1287 = B_SPLINE_CURVE_WITH_KNOTS ( 'NONE', 3,
 ( #1142, #1756, #1555, #54, #2456, #287, #518, #1597, #2635, #692, #932, #67, #1770, #301, #1362, #2414 ),
 .UNSPECIFIED., .F., .F.,
 ( 4, 2, 2, 2, 2, 2, 2, 4 ),
 ( 8.673617379884035472E-19, 0.001157812314486070899, 0.001736718471729109059, 0.002315624628972147436, 0.002894530786215185163, 0.003473436943458223757, 0.004052343100701259748, 0.004631249257944295740 ),
 .UNSPECIFIED. ) ;
#1288 = CARTESIAN_POINT ( 'NONE',  ( 6.007957913423852325, -4.266632286096123217, -72.38286768872364974 ) ) ;
#1289 = CARTESIAN_POINT ( 'NONE',  ( -8.119798512213190378, 2.129999999999999893, 9.837232483466728429E-23 ) ) ;
#1290 = CARTESIAN_POINT ( 'NONE',  ( -2.473913372991797477, -1.529695282134587053, -69.51661939879893737 ) ) ;
#1291 = ORIENTED_EDGE ( 'NONE', *, *, #2440, .F. ) ;
#1292 = AXIS2_PLACEMENT_3D ( 'NONE', #1738, #896, #66 ) ;
#1293 = CYLINDRICAL_SURFACE ( 'NONE', #564, 1.199999999999999734 ) ;
#1294 = DIRECTION ( 'NONE',  ( 0.000000000000000000, 1.000000000000000000, 0.000000000000000000 ) ) ;
#1295 = CARTESIAN_POINT ( 'NONE',  ( 3.967309477993176792, -9.056221967604111356, -75.39664938569333685 ) ) ;
#1296 = EDGE_CURVE ( 'NONE', #2423, #156, #2304, .T. ) ;
#1297 = CARTESIAN_POINT ( 'NONE',  ( 3.719953033680554633, -3.128825192099801811, -65.75726028923146771 ) ) ;
#1298 = EDGE_CURVE ( 'NONE', #790, #321, #210, .T. ) ;
#1299 = DIRECTION ( 'NONE',  ( 7.929997705085077116E-17, 0.000000000000000000, 1.000000000000000000 ) ) ;
#1300 = CARTESIAN_POINT ( 'NONE',  ( 6.864096623365976590, -4.467896380734391215, -71.55599334529257760 ) ) ;
#1301 = CARTESIAN_POINT ( 'NONE',  ( -49.35599383943031171, -4.505887450304554065, 48.15599383943082046 ) ) ;
#1302 = CARTESIAN_POINT ( 'NONE',  ( 3.499999999999998668, -15.25650028374765732, -58.12125476628096976 ) ) ;
#1303 = ORIENTED_EDGE ( 'NONE', *, *, #389, .F. ) ;
#1304 = CARTESIAN_POINT ( 'NONE',  ( -54.25356520494273838, 4.974873734152918558, 25.29885293727646101 ) ) ;
#1305 = DIRECTION ( 'NONE',  ( 0.03556485231685608400, 0.000000000000000000, -0.9993673705298168342 ) ) ;
#1306 = DIRECTION ( 'NONE',  ( 0.000000000000000000, 0.000000000000000000, 1.000000000000000000 ) ) ;
#1307 = EDGE_CURVE ( 'NONE', #145, #2661, #220, .T. ) ;
#1308 = AXIS2_PLACEMENT_3D ( 'NONE', #363, #1436, #803 ) ;
#1309 = CIRCLE ( 'NONE', #2427, 1.199999999999999734 ) ;
#1310 = CIRCLE ( 'NONE', #1669, 65.86218587212560749 ) ;
#1311 = CARTESIAN_POINT ( 'NONE',  ( 0.000000000000000000, 0.000000000000000000, 65.86218587212560749 ) ) ;
#1312 = AXIS2_PLACEMENT_3D ( 'NONE', #486, #2662, #1779 ) ;
#1313 = CARTESIAN_POINT ( 'NONE',  ( 2.500000000000001776, -9.350000000000004974, -75.55435344895889216 ) ) ;
#1314 = DIRECTION ( 'NONE',  ( 0.000000000000000000, -1.000000000000000000, 0.000000000000000000 ) ) ;
#1315 = CARTESIAN_POINT ( 'NONE',  ( 3.500000000000001332, -15.25650028374765732, -52.62125476628097687 ) ) ;
#1316 = AXIS2_PLACEMENT_3D ( 'NONE', #722, #751, #2271 ) ;
#1317 = VECTOR ( 'NONE', #1813, 1000.000000000000000 ) ;
#1318 = CARTESIAN_POINT ( 'NONE',  ( 5.951046119502708009, -7.166926119559190234, -73.21758940283683614 ) ) ;
#1319 = CARTESIAN_POINT ( 'NONE',  ( 2.500000000000000000, -1.849999999999997424, -70.24964996523893035 ) ) ;
#1320 = ORIENTED_EDGE ( 'NONE', *, *, #2048, .T. ) ;
#1321 = CARTESIAN_POINT ( 'NONE',  ( -2.499999999999999556, -1.849999999999998312, -70.24964996523893035 ) ) ;
#1322 = EDGE_CURVE ( 'NONE', #1900, #532, #956, .T. ) ;
#1323 = CARTESIAN_POINT ( 'NONE',  ( 2.500000000000000000, -1.849999999999997424, -75.79991587212563786 ) ) ;
#1324 = CARTESIAN_POINT ( 'NONE',  ( 0.000000000000000000, -1.529695282134632794, -69.56062550045488990 ) ) ;
#1325 = ORIENTED_EDGE ( 'NONE', *, *, #1742, .T. ) ;
#1326 = EDGE_CURVE ( 'NONE', #2599, #2423, #1092, .T. ) ;
#1327 = ORIENTED_EDGE ( 'NONE', *, *, #2695, .F. ) ;
#1328 = CARTESIAN_POINT ( 'NONE',  ( 5.975940667055997579, -7.007244285512048698, -74.33888104924817242 ) ) ;
#1329 = CARTESIAN_POINT ( 'NONE',  ( -54.25356520494273838, 0.000000000000000000, 25.29885293727646101 ) ) ;
#1330 = DIRECTION ( 'NONE',  ( 1.000000000000000000, 0.000000000000000000, -0.000000000000000000 ) ) ;
#1331 = EDGE_CURVE ( 'NONE', #311, #806, #2658, .T. ) ;
#1332 = DIRECTION ( 'NONE',  ( -0.000000000000000000, -1.000000000000000000, -0.000000000000000000 ) ) ;
#1333 =( NAMED_UNIT ( * ) PLANE_ANGLE_UNIT ( ) SI_UNIT ( $, .RADIAN. ) );
#1334 = DIRECTION ( 'NONE',  ( 0.000000000000000000, 0.000000000000000000, -1.000000000000000000 ) ) ;
#1335 = FACE_OUTER_BOUND ( 'NONE', #2753, .T. ) ;
#1336 = EDGE_CURVE ( 'NONE', #2478, #1657, #2643, .T. ) ;
#1337 = ORIENTED_EDGE ( 'NONE', *, *, #1559, .T. ) ;
#1338 = CARTESIAN_POINT ( 'NONE',  ( -3.816230680367105776, -2.084854435046719967, -70.44274679196516331 ) ) ;
#1339 = EDGE_CURVE ( 'NONE', #1214, #1026, #320, .T. ) ;
#1340 = CARTESIAN_POINT ( 'NONE',  ( 6.268499675355744927, -5.999078914050541833, -72.56691034865681900 ) ) ;
#1341 = SURFACE_SIDE_STYLE ('',( #496 ) ) ;
#1342 = CYLINDRICAL_SURFACE ( 'NONE', #954, 0.8750000000000007772 ) ;
#1343 = CARTESIAN_POINT ( 'NONE',  ( -25.29885293727646101, 2.500000000000000000, -54.25356520494273127 ) ) ;
#1344 = AXIS2_PLACEMENT_3D ( 'NONE', #247, #2554, #1927 ) ;
#1345 = DIRECTION ( 'NONE',  ( 0.000000000000000000, -1.000000000000000000, 0.000000000000000000 ) ) ;
#1346 = FACE_OUTER_BOUND ( 'NONE', #474, .T. ) ;
#1347 = CARTESIAN_POINT ( 'NONE',  ( 69.79991587212562365, -7.900000000000000355, 1.200000000000249756 ) ) ;
#1348 = AXIS2_PLACEMENT_3D ( 'NONE', #1942, #28, #430 ) ;
#1349 = ORIENTED_EDGE ( 'NONE', *, *, #2137, .F. ) ;
#1350 = FACE_OUTER_BOUND ( 'NONE', #296, .T. ) ;
#1351 = ADVANCED_FACE ( 'NONE', ( #2223 ), #2572, .F. ) ;
#1352 = CARTESIAN_POINT ( 'NONE',  ( 4.178730309484231853, -2.231326989242631509, -70.58155579461833895 ) ) ;
#1353 = FILL_AREA_STYLE_COLOUR ( '', #1566 ) ;
#1354 = CARTESIAN_POINT ( 'NONE',  ( 3.651181756477763773, -10.39393821447220212, -74.49738343669052654 ) ) ;
#1355 = ORIENTED_EDGE ( 'NONE', *, *, #2367, .F. ) ;
#1356 = AXIS2_PLACEMENT_3D ( 'NONE', #2101, #1270, #199 ) ;
#1357 = VECTOR ( 'NONE', #456, 1000.000000000000000 ) ;
#1358 = EDGE_CURVE ( 'NONE', #1786, #1621, #1834, .T. ) ;
#1359 = DIRECTION ( 'NONE',  ( -1.000000000000000000, 0.000000000000000000, 0.000000000000000000 ) ) ;
#1360 = AXIS2_PLACEMENT_3D ( 'NONE', #2175, #83, #37 ) ;
#1361 = VECTOR ( 'NONE', #1986, 1000.000000000000000 ) ;
#1362 = CARTESIAN_POINT ( 'NONE',  ( -5.912606562155592549, -7.163681652571473712, -74.43776315130567411 ) ) ;
#1363 = CARTESIAN_POINT ( 'NONE',  ( 4.958353892216378789, -8.437718949310896832, -75.11883318586134806 ) ) ;
#1364 = FACE_OUTER_BOUND ( 'NONE', #2361, .T. ) ;
#1365 = EDGE_LOOP ( 'NONE', ( #2273, #1636, #1592, #464 ) ) ;
#1366 = CARTESIAN_POINT ( 'NONE',  ( -5.899387187040684211, -2.964792715744909213, -70.54335233144264805 ) ) ;
#1367 = CARTESIAN_POINT ( 'NONE',  ( 5.858532692422626198, -3.907438402581288717, -72.08979622205330884 ) ) ;
#1368 = CARTESIAN_POINT ( 'NONE',  ( 4.091447643725668826, -10.26519230612685796, -74.44852720066913321 ) ) ;
#1369 = ORIENTED_EDGE ( 'NONE', *, *, #2152, .F. ) ;
#1370 = APPLICATION_CONTEXT ( 'automotive_design' ) ;
#1371 = ORIENTED_EDGE ( 'NONE', *, *, #2019, .T. ) ;
#1372 = ADVANCED_FACE ( 'NONE', ( #2233 ), #1148, .T. ) ;
#1373 = DIRECTION ( 'NONE',  ( 0.000000000000000000, 0.000000000000000000, 1.000000000000000000 ) ) ;
#1374 = AXIS2_PLACEMENT_3D ( 'NONE', #1715, #2144, #1892 ) ;
#1375 = LINE ( 'NONE', #554, #2295 ) ;
#1376 = CARTESIAN_POINT ( 'NONE',  ( -3.499999999999999556, 0.000000000000000000, -58.12125476628096976 ) ) ;
#1377 = ORIENTED_EDGE ( 'NONE', *, *, #612, .F. ) ;
#1378 = CARTESIAN_POINT ( 'NONE',  ( -5.235361519650935769, -3.030349021840975876, -71.32550549521585026 ) ) ;
#1379 = DIRECTION ( 'NONE',  ( 0.000000000000000000, 1.000000000000000000, 0.000000000000000000 ) ) ;
#1380 =( NAMED_UNIT ( * ) SI_UNIT ( $, .STERADIAN. ) SOLID_ANGLE_UNIT ( ) );
#1381 = DIRECTION ( 'NONE',  ( -0.000000000000000000, 1.000000000000000000, -0.000000000000000000 ) ) ;
#1382 = EDGE_LOOP ( 'NONE', ( #1232, #1236, #2556, #1416 ) ) ;
#1383 = VERTEX_POINT ( 'NONE', #1158 ) ;
#1384 = VERTEX_POINT ( 'NONE', #2437 ) ;
#1385 = CARTESIAN_POINT ( 'NONE',  ( -3.499999999999999556, 2.129999999999999893, -52.62125476628097687 ) ) ;
#1386 = EDGE_CURVE ( 'NONE', #1175, #610, #559, .T. ) ;
#1387 = EDGE_LOOP ( 'NONE', ( #351, #191, #1209, #2038 ) ) ;
#1388 = DIRECTION ( 'NONE',  ( 0.000000000000000000, 0.000000000000000000, -1.000000000000000000 ) ) ;
#1389 = CARTESIAN_POINT ( 'NONE',  ( 5.975940667055999356, -7.007244285512048698, -74.33888104924818663 ) ) ;
#1390 = CARTESIAN_POINT ( 'NONE',  ( -2.499999999999999556, -1.849999999999998312, 74.80191587212563320 ) ) ;
#1391 = EDGE_LOOP ( 'NONE', ( #323, #1025, #177, #58 ) ) ;
#1392 = CARTESIAN_POINT ( 'NONE',  ( -4.258752471937825135, -2.284197318276527611, -70.63142295030216644 ) ) ;
#1393 = CARTESIAN_POINT ( 'NONE',  ( -4.467828596347549919, -8.797756882757910901, -75.28256618227737818 ) ) ;
#1394 = CARTESIAN_POINT ( 'NONE',  ( -5.486521330062726243, -9.511222835342755033, -74.17585928288313823 ) ) ;
#1395 = DIRECTION ( 'NONE',  ( 0.000000000000000000, 0.000000000000000000, 1.000000000000000000 ) ) ;
#1396 = ORIENTED_EDGE ( 'NONE', *, *, #1307, .T. ) ;
#1397 = ORIENTED_EDGE ( 'NONE', *, *, #1825, .T. ) ;
#1398 = CIRCLE ( 'NONE', #1091, 49.02000000000000313 ) ;
#1399 = ORIENTED_EDGE ( 'NONE', *, *, #1919, .T. ) ;
#1400 = CIRCLE ( 'NONE', #155, 0.8749999999999973355 ) ;
#1401 = DIRECTION ( 'NONE',  ( 2.449564932282711231E-15, 0.000000000000000000, 1.000000000000000000 ) ) ;
#1402 = VECTOR ( 'NONE', #1381, 1000.000000000000000 ) ;
#1403 = CARTESIAN_POINT ( 'NONE',  ( 0.000000000000000000, 6.129999999999999893, 0.000000000000000000 ) ) ;
#1404 = EDGE_LOOP ( 'NONE', ( #498, #2663, #946, #1042 ) ) ;
#1405 = CARTESIAN_POINT ( 'NONE',  ( -7.062801419285809956, -7.093086318317244121, -73.07443792277368289 ) ) ;
#1406 = AXIS2_PLACEMENT_3D ( 'NONE', #2228, #943, #962 ) ;
#1407 = ORIENTED_EDGE ( 'NONE', *, *, #353, .F. ) ;
#1408 = AXIS2_PLACEMENT_3D ( 'NONE', #1036, #2747, #1679 ) ;
#1409 = CYLINDRICAL_SURFACE ( 'NONE', #2682, 1.200000000000006617 ) ;
#1410 = CARTESIAN_POINT ( 'NONE',  ( 2.500000000000000000, -1.849999999999997424, -70.24964996523893035 ) ) ;
#1411 = DIRECTION ( 'NONE',  ( 0.000000000000000000, -1.000000000000000000, 0.000000000000000000 ) ) ;
#1412 = DIRECTION ( 'NONE',  ( 1.000000000000000000, 0.000000000000000000, 0.000000000000000000 ) ) ;
#1413 = ORIENTED_EDGE ( 'NONE', *, *, #1862, .T. ) ;
#1414 = ORIENTED_EDGE ( 'NONE', *, *, #368, .T. ) ;
#1415 = EDGE_CURVE ( 'NONE', #2332, #2135, #87, .T. ) ;
#1416 = ORIENTED_EDGE ( 'NONE', *, *, #1989, .F. ) ;
#1417 = CARTESIAN_POINT ( 'NONE',  ( -69.79991587212562365, -4.505887450304554065, 2.385953863628735661E-13 ) ) ;
#1418 = DIRECTION ( 'NONE',  ( 0.000000000000000000, -0.000000000000000000, 1.000000000000000000 ) ) ;
#1419 = EDGE_LOOP ( 'NONE', ( #575, #1869, #1929, #2631, #2253 ) ) ;
#1420 = PRODUCT_RELATED_PRODUCT_CATEGORY ( 'part', '', ( #1517 ) ) ;
#1421 = LINE ( 'NONE', #2533, #776 ) ;
#1422 = ORIENTED_EDGE ( 'NONE', *, *, #530, .F. ) ;
#1423 = CARTESIAN_POINT ( 'NONE',  ( 24.60438397796766807, -12.59999999999999964, 52.21233043099198312 ) ) ;
#1424 = CARTESIAN_POINT ( 'NONE',  ( 2.500000000000000000, -1.849999999999997424, -70.24964996523891614 ) ) ;
#1425 = CARTESIAN_POINT ( 'NONE',  ( 0.000000000000000000, 2.129999999999999893, -52.62125476628097687 ) ) ;
#1426 = CYLINDRICAL_SURFACE ( 'NONE', #1052, 3.750000000000002665 ) ;
#1427 = EDGE_LOOP ( 'NONE', ( #2234, #216, #1630, #997, #384 ) ) ;
#1428 = ORIENTED_EDGE ( 'NONE', *, *, #2063, .F. ) ;
#1429 = ORIENTED_EDGE ( 'NONE', *, *, #2531, .T. ) ;
#1430 = CARTESIAN_POINT ( 'NONE',  ( 5.642184055734619896, -7.716472474681173921, -73.51894722573140939 ) ) ;
#1431 = DIRECTION ( 'NONE',  ( 0.000000000000000000, 0.000000000000000000, -1.000000000000000000 ) ) ;
#1432 = ORIENTED_EDGE ( 'NONE', *, *, #2098, .T. ) ;
#1433 = DIRECTION ( 'NONE',  ( -0.000000000000000000, 0.000000000000000000, 1.000000000000000000 ) ) ;
#1434 = DIRECTION ( 'NONE',  ( 0.000000000000000000, 1.000000000000000000, 0.000000000000000000 ) ) ;
#1435 = CARTESIAN_POINT ( 'NONE',  ( -54.25356520494273838, 2.500000000000000000, 24.42385293727646456 ) ) ;
#1436 = DIRECTION ( 'NONE',  ( 0.000000000000000000, 1.000000000000000000, 0.000000000000000000 ) ) ;
#1437 = DIRECTION ( 'NONE',  ( 0.000000000000000000, 0.000000000000000000, 1.000000000000000000 ) ) ;
#1438 = ORIENTED_EDGE ( 'NONE', *, *, #2763, .T. ) ;
#1439 = ORIENTED_EDGE ( 'NONE', *, *, #269, .T. ) ;
#1440 = VECTOR ( 'NONE', #1081, 1000.000000000000000 ) ;
#1441 = ORIENTED_EDGE ( 'NONE', *, *, #94, .F. ) ;
#1442 = CIRCLE ( 'NONE', #2744, 2.749999999999995559 ) ;
#1443 = CARTESIAN_POINT ( 'NONE',  ( -2.499999999999998668, -9.506064011024548677, -74.99813430775107292 ) ) ;
#1444 = EDGE_CURVE ( 'NONE', #836, #1696, #105, .T. ) ;
#1445 = VECTOR ( 'NONE', #1879, 1000.000000000000000 ) ;
#1446 = DIRECTION ( 'NONE',  ( -0.000000000000000000, 1.000000000000000000, -0.000000000000000000 ) ) ;
#1447 = CIRCLE ( 'NONE', #208, 1.200000000000001066 ) ;
#1448 = CIRCLE ( 'NONE', #1808, 1.199999999999985745 ) ;
#1449 = ORIENTED_EDGE ( 'NONE', *, *, #355, .T. ) ;
#1450 = CARTESIAN_POINT ( 'NONE',  ( -5.975940667056001132, -7.007244285512046034, -74.33888104924820084 ) ) ;
#1451 = CARTESIAN_POINT ( 'NONE',  ( 4.570896642270308341, -7.418253382998551082, -65.70350517606557617 ) ) ;
#1452 = EDGE_CURVE ( 'NONE', #1501, #1786, #2432, .T. ) ;
#1453 = DIRECTION ( 'NONE',  ( -0.000000000000000000, 1.000000000000000000, -0.000000000000000000 ) ) ;
#1454 = B_SPLINE_CURVE_WITH_KNOTS ( 'NONE', 3,
 ( #2511, #2307, #914, #229, #1085, #672 ),
 .UNSPECIFIED., .F., .F.,
 ( 4, 2, 4 ),
 ( 0.01473086460556519844, 0.01576364597906127971, 0.01679642735255736097 ),
 .UNSPECIFIED. ) ;
#1455 = LINE ( 'NONE', #1633, #2215 ) ;
#1456 = CARTESIAN_POINT ( 'NONE',  ( -4.886505362696578203, -4.221667375246324738, -65.68074111886122068 ) ) ;
#1457 = CYLINDRICAL_SURFACE ( 'NONE', #651, 0.8749999999999973355 ) ;
#1458 = VERTEX_POINT ( 'NONE', #1188 ) ;
#1459 = VERTEX_POINT ( 'NONE', #350 ) ;
#1460 = ORIENTED_EDGE ( 'NONE', *, *, #1823, .T. ) ;
#1461 = EDGE_CURVE ( 'NONE', #2272, #560, #2042, .T. ) ;
#1462 = FACE_OUTER_BOUND ( 'NONE', #365, .T. ) ;
#1463 = DIRECTION ( 'NONE',  ( -0.000000000000000000, -1.000000000000000000, -0.000000000000000000 ) ) ;
#1464 = VERTEX_POINT ( 'NONE', #939 ) ;
#1465 = CARTESIAN_POINT ( 'NONE',  ( 5.597389823417040944, -2.679138504023630407, -70.33811464194484131 ) ) ;
#1466 = CARTESIAN_POINT ( 'NONE',  ( 4.684742794501289609, -7.279902995094135854, -65.69544030292185255 ) ) ;
#1467 = CARTESIAN_POINT ( 'NONE',  ( 27.83696369251124381, 0.000000000000000000, 57.37000000000001165 ) ) ;
#1468 = VECTOR ( 'NONE', #8, 1000.000000000000000 ) ;
#1469 = EDGE_CURVE ( 'NONE', #1815, #2332, #996, .T. ) ;
#1470 = PLANE ( 'NONE',  #2087 ) ;
#1471 = DIRECTION ( 'NONE',  ( 0.000000000000000000, -1.000000000000000000, 0.000000000000000000 ) ) ;
#1472 = CARTESIAN_POINT ( 'NONE',  ( -19.00000000000000000, 0.000000000000000000, 61.37000000000001876 ) ) ;
#1473 = ORIENTED_EDGE ( 'NONE', *, *, #1002, .F. ) ;
#1474 = ORIENTED_EDGE ( 'NONE', *, *, #257, .T. ) ;
#1475 = ORIENTED_EDGE ( 'NONE', *, *, #957, .T. ) ;
#1476 = CARTESIAN_POINT ( 'NONE',  ( 5.198476539131495322, -8.210550411462230969, -75.00998619434909642 ) ) ;
#1477 = CARTESIAN_POINT ( 'NONE',  ( 2.733081412479980266, -10.52842665390672572, -74.56203907547457277 ) ) ;
#1478 = EDGE_CURVE ( 'NONE', #1014, #2523, #1447, .T. ) ;
#1479 = EDGE_LOOP ( 'NONE', ( #2734, #1113 ) ) ;
#1480 = CARTESIAN_POINT ( 'NONE',  ( 3.500000000000000000, 0.000000000000000000, -55.37125476628098397 ) ) ;
#1481 = CARTESIAN_POINT ( 'NONE',  ( 2.500000000000000000, -8.350000000000003197, -65.81472120927369929 ) ) ;
#1482 = CARTESIAN_POINT ( 'NONE',  ( -2.500000000000000000, -0.8500000000000048628, -70.24964996523891614 ) ) ;
#1483 = CARTESIAN_POINT ( 'NONE',  ( -6.411452081483415277, -8.536888119095031868, -73.78184246900804055 ) ) ;
#1484 = DIRECTION ( 'NONE',  ( 0.000000000000000000, -1.000000000000000000, 0.000000000000000000 ) ) ;
#1485 = CARTESIAN_POINT ( 'NONE',  ( -54.25356520494272416, 4.974873734152918558, -25.29885293727648943 ) ) ;
#1486 = EDGE_LOOP ( 'NONE', ( #1957, #84, #1018, #2317, #88 ) ) ;
#1487 = VERTEX_POINT ( 'NONE', #769 ) ;
#1488 = CARTESIAN_POINT ( 'NONE',  ( 5.842915780850944429, -9.202226059561905203, -74.05751669158540551 ) ) ;
#1489 = VECTOR ( 'NONE', #114, 1000.000000000000000 ) ;
#1490 = B_SPLINE_CURVE_WITH_KNOTS ( 'NONE', 3,
 ( #972, #916, #268, #2412, #1139, #1016 ),
 .UNSPECIFIED., .F., .F.,
 ( 4, 2, 4 ),
 ( 0.01473086460556519844, 0.01576364597906128318, 0.01679642735255736791 ),
 .UNSPECIFIED. ) ;
#1491 = CARTESIAN_POINT ( 'NONE',  ( 3.499999999999998668, 3.400000000000000355, -58.12125476628096976 ) ) ;
#1492 = AXIS2_PLACEMENT_3D ( 'NONE', #49, #218, #2365 ) ;
#1493 = AXIS2_PLACEMENT_3D ( 'NONE', #1197, #2312, #1035 ) ;
#1494 = PLANE ( 'NONE',  #1578 ) ;
#1495 = FACE_OUTER_BOUND ( 'NONE', #1707, .T. ) ;
#1496 = AXIS2_PLACEMENT_3D ( 'NONE', #2141, #2334, #2167 ) ;
#1497 = EDGE_CURVE ( 'NONE', #661, #2579, #429, .T. ) ;
#1498 = CARTESIAN_POINT ( 'NONE',  ( 5.718001411480555518, -3.624677637775947758, -71.06955414406134253 ) ) ;
#1499 = CARTESIAN_POINT ( 'NONE',  ( -49.35599383943065277, -12.59999999999999964, -49.35599383943048224 ) ) ;
#1500 = CARTESIAN_POINT ( 'NONE',  ( 69.79991587212562365, -4.505887450304554065, 2.488148210778209755E-13 ) ) ;
#1501 = VERTEX_POINT ( 'NONE', #2730 ) ;
#1502 = ADVANCED_FACE ( 'NONE', ( #424 ), #2749, .F. ) ;
#1503 = CARTESIAN_POINT ( 'NONE',  ( 6.250869994155902276, -5.086700594248129370, -72.02191670040242855 ) ) ;
#1504 = CYLINDRICAL_SURFACE ( 'NONE', #1492, 6.086963692511236701 ) ;
#1505 = CARTESIAN_POINT ( 'NONE',  ( 4.783601173975992715, -8.580425005617751566, -75.18461179028963670 ) ) ;
#1506 = AXIS2_PLACEMENT_3D ( 'NONE', #1304, #2163, #239 ) ;
#1507 = FACE_OUTER_BOUND ( 'NONE', #2219, .T. ) ;
#1508 = CYLINDRICAL_SURFACE ( 'NONE', #80, 1.200000000000006617 ) ;
#1509 = CARTESIAN_POINT ( 'NONE',  ( 5.534654708937499556, -3.353556533715531529, -70.88111251187412165 ) ) ;
#1510 = CARTESIAN_POINT ( 'NONE',  ( 0.000000000000000000, 2.129999999999999893, -49.02000000000000313 ) ) ;
#1511 = DIRECTION ( 'NONE',  ( 0.000000000000000000, 0.000000000000000000, 1.000000000000000000 ) ) ;
#1512 = ORIENTED_EDGE ( 'NONE', *, *, #344, .T. ) ;
#1513 = AXIS2_PLACEMENT_3D ( 'NONE', #1067, #2573, #1051 ) ;
#1514 = LINE ( 'NONE', #1084, #1918 ) ;
#1515 = CARTESIAN_POINT ( 'NONE',  ( 2.500000000000001332, -9.597607881101591687, -74.87934124687443216 ) ) ;
#1516 = CARTESIAN_POINT ( 'NONE',  ( -4.342893431530561621, -2.331585152168763830, -70.67632984547101671 ) ) ;
#1517 = PRODUCT ( 'front-enclosure_1V5', 'front-enclosure_1V5', '', ( #2740 ) ) ;
#1518 = CARTESIAN_POINT ( 'NONE',  ( 0.000000000000000000, -7.900000000000000355, 0.000000000000000000 ) ) ;
#1519 = CARTESIAN_POINT ( 'NONE',  ( 4.910768554062273417, -2.711903449637911301, -71.03499403997825823 ) ) ;
#1520 = DIRECTION ( 'NONE',  ( 0.000000000000000000, 0.000000000000000000, 1.000000000000000000 ) ) ;
#1521 = CARTESIAN_POINT ( 'NONE',  ( -2.819633544155292652E-15, -1.529695282134632794, 0.000000000000000000 ) ) ;
#1522 = DIRECTION ( 'NONE',  ( -0.000000000000000000, 1.000000000000000000, -0.000000000000000000 ) ) ;
#1523 = CARTESIAN_POINT ( 'NONE',  ( -25.29885293727646101, 4.974873734152918558, -54.25356520494273127 ) ) ;
#1524 = CARTESIAN_POINT ( 'NONE',  ( -49.35599383943031171, -7.900000000000000355, 49.35599383943081619 ) ) ;
#1525 = VERTEX_POINT ( 'NONE', #2133 ) ;
#1526 = EDGE_CURVE ( 'NONE', #2094, #532, #832, .T. ) ;
#1527 = MECHANICAL_DESIGN_GEOMETRIC_PRESENTATION_REPRESENTATION (  '', ( #150 ), #1845 ) ;
#1528 = ADVANCED_FACE ( 'NONE', ( #1663 ), #2306, .T. ) ;
#1529 = CIRCLE ( 'NONE', #2604, 1.200000000000001066 ) ;
#1530 = CARTESIAN_POINT ( 'NONE',  ( -4.177505660614656335, -7.786436513019368455, -65.72973595792832668 ) ) ;
#1531 = AXIS2_PLACEMENT_3D ( 'NONE', #809, #775, #2510 ) ;
#1532 = FACE_OUTER_BOUND ( 'NONE', #837, .T. ) ;
#1533 = CARTESIAN_POINT ( 'NONE',  ( -3.302424295653590303, -1.596588923312346475, -69.54434830781833909 ) ) ;
#1534 = DIRECTION ( 'NONE',  ( 0.000000000000000000, 0.000000000000000000, 1.000000000000000000 ) ) ;
#1535 = EDGE_CURVE ( 'NONE', #607, #1596, #2391, .T. ) ;
#1536 = EDGE_LOOP ( 'NONE', ( #332, #1967 ) ) ;
#1537 = CARTESIAN_POINT ( 'NONE',  ( 7.037266919870967641, -4.970528390137862296, -71.87166321166155569 ) ) ;
#1538 = LINE ( 'NONE', #683, #869 ) ;
#1539 = EDGE_CURVE ( 'NONE', #2322, #2135, #2284, .T. ) ;
#1540 = EDGE_LOOP ( 'NONE', ( #673, #2674, #2690, #791, #805, #2180 ) ) ;
#1541 = FACE_OUTER_BOUND ( 'NONE', #2058, .T. ) ;
#1542 = AXIS2_PLACEMENT_3D ( 'NONE', #1523, #696, #662 ) ;
#1543 = EDGE_CURVE ( 'NONE', #2099, #2699, #65, .T. ) ;
#1544 = DIRECTION ( 'NONE',  ( 0.000000000000000000, 1.000000000000000000, 0.000000000000000000 ) ) ;
#1545 = DIRECTION ( 'NONE',  ( 0.000000000000000000, -1.000000000000000000, 0.000000000000000000 ) ) ;
#1546 = CARTESIAN_POINT ( 'NONE',  ( -5.159468220419475948, -2.328524203904557055, -70.08127131055186965 ) ) ;
#1547 = CARTESIAN_POINT ( 'NONE',  ( -6.250000000000001776, -5.600000000000006750, 74.80191587212563320 ) ) ;
#1548 = EDGE_CURVE ( 'NONE', #69, #1464, #2105, .T. ) ;
#1549 = ORIENTED_EDGE ( 'NONE', *, *, #2326, .T. ) ;
#1550 = FACE_OUTER_BOUND ( 'NONE', #1889, .T. ) ;
#1551 = CARTESIAN_POINT ( 'NONE',  ( 2.500000000000000444, -0.8499999999999970912, -70.24964996523891614 ) ) ;
#1552 = CARTESIAN_POINT ( 'NONE',  ( 27.83696369251124381, 2.129999999999999893, 57.37000000000001165 ) ) ;
#1553 = CARTESIAN_POINT ( 'NONE',  ( -3.879971336269342430, -7.985415892026696660, -65.74797004526587330 ) ) ;
#1554 = EDGE_CURVE ( 'NONE', #590, #360, #1178, .T. ) ;
#1555 = CARTESIAN_POINT ( 'NONE',  ( -3.271145495950249948, -9.290155159740987045, -75.50397134488109430 ) ) ;
#1556 = CARTESIAN_POINT ( 'NONE',  ( -7.178007804958751237, -6.004402999453883005, -72.48095900245220946 ) ) ;
#1557 = DIRECTION ( 'NONE',  ( 0.000000000000000000, -0.000000000000000000, 1.000000000000000000 ) ) ;
#1558 = ORIENTED_EDGE ( 'NONE', *, *, #777, .T. ) ;
#1559 = EDGE_CURVE ( 'NONE', #1720, #399, #1948, .T. ) ;
#1560 = FACE_OUTER_BOUND ( 'NONE', #482, .T. ) ;
#1561 = CARTESIAN_POINT ( 'NONE',  ( -2.859840719324254099, -9.352759644105150372, -75.54013180533320337 ) ) ;
#1562 = CARTESIAN_POINT ( 'NONE',  ( -27.83696369251124381, 0.000000000000000000, 57.37000000000001165 ) ) ;
#1563 = EDGE_LOOP ( 'NONE', ( #1149, #1870, #139, #161 ) ) ;
#1564 = CARTESIAN_POINT ( 'NONE',  ( 24.60438397796766807, 2.129999999999999893, 52.21233043099198312 ) ) ;
#1565 = DIRECTION ( 'NONE',  ( 0.000000000000000000, 0.000000000000000000, -1.000000000000000000 ) ) ;
#1566 = COLOUR_RGB ( '',0.7921568627450980005, 0.8196078431372548767, 0.9333333333333333481 ) ;
#1567 = AXIS2_PLACEMENT_3D ( 'NONE', #1598, #534, #2415 ) ;
#1568 = CARTESIAN_POINT ( 'NONE',  ( -49.35599383943031171, -12.59999999999999964, 49.35599383943081619 ) ) ;
#1569 = CARTESIAN_POINT ( 'NONE',  ( 7.107988696022122355, -5.292308143687431077, -72.06644888364957069 ) ) ;
#1570 = CARTESIAN_POINT ( 'NONE',  ( 0.000000000000000000, 6.129999999999999893, -49.02000000000000313 ) ) ;
#1571 = ORIENTED_EDGE ( 'NONE', *, *, #368, .F. ) ;
#1572 = EDGE_CURVE ( 'NONE', #1900, #771, #1028, .T. ) ;
#1573 = CARTESIAN_POINT ( 'NONE',  ( -7.111644595841818628, -5.314177581672471007, -72.07946240134343441 ) ) ;
#1574 = CARTESIAN_POINT ( 'NONE',  ( -2.432848878223703437, -10.52992022779918102, -74.57234778675876896 ) ) ;
#1575 = CARTESIAN_POINT ( 'NONE',  ( -5.825563237909888059, -9.218783937543829410, -74.06398980640240381 ) ) ;
#1576 = DIRECTION ( 'NONE',  ( 1.000000000000000000, -0.000000000000000000, -0.000000000000000000 ) ) ;
#1577 = EDGE_LOOP ( 'NONE', ( #1058, #509, #391, #2675, #398, #328, #1851 ) ) ;
#1578 = AXIS2_PLACEMENT_3D ( 'NONE', #2561, #185, #52 ) ;
#1579 = ADVANCED_FACE ( 'NONE', ( #411 ), #1928, .F. ) ;
#1580 = CIRCLE ( 'NONE', #602, 2.750000000000002665 ) ;
#1581 = CARTESIAN_POINT ( 'NONE',  ( -2.484469428898407717, -1.850000000000004752, -69.81324309178005194 ) ) ;
#1582 = AXIS2_PLACEMENT_3D ( 'NONE', #1570, #45, #1557 ) ;
#1583 = LINE ( 'NONE', #1994, #1750 ) ;
#1584 = CARTESIAN_POINT ( 'NONE',  ( -54.25356520494272416, 4.974873734152918558, -26.17385293727648587 ) ) ;
#1585 = DIRECTION ( 'NONE',  ( 0.000000000000000000, 0.000000000000000000, 1.000000000000000000 ) ) ;
#1586 = ORIENTED_EDGE ( 'NONE', *, *, #2257, .F. ) ;
#1587 = CARTESIAN_POINT ( 'NONE',  ( -5.336571155544119982, -3.142705174704006676, -71.42668477689539941 ) ) ;
#1588 = CARTESIAN_POINT ( 'NONE',  ( 6.168498323057468369, -6.431212582448952553, -73.96843648850743591 ) ) ;
#1589 = DIRECTION ( 'NONE',  ( 0.000000000000000000, 1.000000000000000000, 0.000000000000000000 ) ) ;
#1590 = CARTESIAN_POINT ( 'NONE',  ( 5.308942333838173155, -9.643350056149216698, -74.22459095248244410 ) ) ;
#1591 = VERTEX_POINT ( 'NONE', #1472 ) ;
#1592 = ORIENTED_EDGE ( 'NONE', *, *, #1386, .T. ) ;
#1593 = ORIENTED_EDGE ( 'NONE', *, *, #2733, .F. ) ;
#1594 = ADVANCED_FACE ( 'NONE', ( #574 ), #1457, .F. ) ;
#1595 = DIRECTION ( 'NONE',  ( -0.000000000000000000, 1.000000000000000000, -0.000000000000000000 ) ) ;
#1596 = VERTEX_POINT ( 'NONE', #849 ) ;
#1597 = CARTESIAN_POINT ( 'NONE',  ( -4.810956584311169237, -8.559295873695836221, -75.17494519787261709 ) ) ;
#1598 = CARTESIAN_POINT ( 'NONE',  ( 0.000000000000000000, -2.849999999999998312, 0.000000000000000000 ) ) ;
#1599 = DIRECTION ( 'NONE',  ( 0.000000000000000000, 0.000000000000000000, 1.000000000000000000 ) ) ;
#1600 = ORIENTED_EDGE ( 'NONE', *, *, #1644, .T. ) ;
#1601 = CARTESIAN_POINT ( 'NONE',  ( -4.912109013460700169, -2.712879413993223743, -71.03591828089544435 ) ) ;
#1602 = CARTESIAN_POINT ( 'NONE',  ( 3.208056284565998784, -1.900992165670687184, -70.27370645373827074 ) ) ;
#1603 = CARTESIAN_POINT ( 'NONE',  ( -6.402518318735413771, -8.549944901296838040, -73.78761187827835499 ) ) ;
#1604 = CARTESIAN_POINT ( 'NONE',  ( 2.500000000000001332, -2.849999999999997424, 11.85326959112970080 ) ) ;
#1605 = ORIENTED_EDGE ( 'NONE', *, *, #2639, .T. ) ;
#1606 = VERTEX_POINT ( 'NONE', #2117 ) ;
#1607 = ORIENTED_EDGE ( 'NONE', *, *, #2677, .T. ) ;
#1608 = CARTESIAN_POINT ( 'NONE',  ( -2.670895917288225618, -1.850000000000004752, -70.24194643490307044 ) ) ;
#1609 = CARTESIAN_POINT ( 'NONE',  ( -49.35599383943031171, -7.900000000000000355, 50.55599383943081904 ) ) ;
#1610 = ADVANCED_FACE ( 'NONE', ( #203 ), #1426, .T. ) ;
#1611 = ORIENTED_EDGE ( 'NONE', *, *, #886, .F. ) ;
#1612 = CARTESIAN_POINT ( 'NONE',  ( -6.233760364829630696, -3.352168808120063126, -70.81528855085718988 ) ) ;
#1613 = VERTEX_POINT ( 'NONE', #1011 ) ;
#1614 = CARTESIAN_POINT ( 'NONE',  ( -4.496558146798130373, -1.969063416084803286, -69.81364552019401515 ) ) ;
#1615 = DIRECTION ( 'NONE',  ( -1.000000000000000000, -1.734723475976806848E-16, 0.000000000000000000 ) ) ;
#1616 = CARTESIAN_POINT ( 'NONE',  ( 6.818842525640862462, -7.800000000000016698, -73.43409212763857852 ) ) ;
#1617 = CARTESIAN_POINT ( 'NONE',  ( 2.500000000000000888, -5.599999999999999645, -75.79991587212563786 ) ) ;
#1618 = ORIENTED_EDGE ( 'NONE', *, *, #1469, .F. ) ;
#1619 = ORIENTED_EDGE ( 'NONE', *, *, #1004, .T. ) ;
#1620 = VECTOR ( 'NONE', #600, 1000.000000000000000 ) ;
#1621 = VERTEX_POINT ( 'NONE', #364 ) ;
#1622 = CARTESIAN_POINT ( 'NONE',  ( -2.499999999999999112, -9.350000000000006750, -75.55435344895884953 ) ) ;
#1623 = AXIS2_PLACEMENT_3D ( 'NONE', #2252, #99, #336 ) ;
#1624 = FACE_BOUND ( 'NONE', #1245, .T. ) ;
#1625 = ADVANCED_FACE ( 'NONE', ( #1915 ), #1213, .F. ) ;
#1626 = ORIENTED_EDGE ( 'NONE', *, *, #957, .F. ) ;
#1627 = APPLICATION_PROTOCOL_DEFINITION ( 'draft international standard', 'automotive_design', 1998, #1370 ) ;
#1628 = CARTESIAN_POINT ( 'NONE',  ( 3.302004149783756226, -1.583193995096267459, -69.53337144084179045 ) ) ;
#1629 = ADVANCED_FACE ( 'NONE', ( #804 ), #160, .F. ) ;
#1630 = ORIENTED_EDGE ( 'NONE', *, *, #2290, .T. ) ;
#1631 = VECTOR ( 'NONE', #1565, 1000.000000000000000 ) ;
#1632 = CARTESIAN_POINT ( 'NONE',  ( -6.250000000000000888, -5.600000000019905499, -73.39414162746984971 ) ) ;
#1633 = CARTESIAN_POINT ( 'NONE',  ( 54.25356520494270995, 4.974873734152918558, 24.42385293727652851 ) ) ;
#1634 = DIRECTION ( 'NONE',  ( 0.000000000000000000, -0.000000000000000000, 1.000000000000000000 ) ) ;
#1635 = CARTESIAN_POINT ( 'NONE',  ( 4.722914615028039442, -9.997439383857132711, -74.35234283553151613 ) ) ;
#1636 = ORIENTED_EDGE ( 'NONE', *, *, #761, .T. ) ;
#1637 = ORIENTED_EDGE ( 'NONE', *, *, #2367, .T. ) ;
#1638 = ORIENTED_EDGE ( 'NONE', *, *, #2383, .T. ) ;
#1639 = CARTESIAN_POINT ( 'NONE',  ( 5.844109268752155195, -7.332872268710754149, -74.54470641907236939 ) ) ;
#1640 = CARTESIAN_POINT ( 'NONE',  ( 54.25356520494272416, 4.974873734152918558, -24.42385293727650364 ) ) ;
#1641 = AXIS2_PLACEMENT_3D ( 'NONE', #666, #859, #420 ) ;
#1642 = ORIENTED_EDGE ( 'NONE', *, *, #389, .T. ) ;
#1643 = CARTESIAN_POINT ( 'NONE',  ( 5.147314697176490483, -2.335408760780316229, -70.08619733688276199 ) ) ;
#1644 = EDGE_CURVE ( 'NONE', #1596, #1459, #876, .T. ) ;
#1645 = ORIENTED_EDGE ( 'NONE', *, *, #1823, .F. ) ;
#1646 = CARTESIAN_POINT ( 'NONE',  ( -54.25356520494272416, 2.500000000000000000, -25.29885293727648943 ) ) ;
#1647 = DIRECTION ( 'NONE',  ( 0.000000000000000000, 0.000000000000000000, 1.000000000000000000 ) ) ;
#1648 = FACE_BOUND ( 'NONE', #2438, .T. ) ;
#1649 = DIRECTION ( 'NONE',  ( 0.000000000000000000, 1.000000000000000000, 0.000000000000000000 ) ) ;
#1650 = ORIENTED_EDGE ( 'NONE', *, *, #1742, .F. ) ;
#1651 = ORIENTED_EDGE ( 'NONE', *, *, #1968, .T. ) ;
#1652 = ORIENTED_EDGE ( 'NONE', *, *, #266, .T. ) ;
#1653 = ADVANCED_FACE ( 'NONE', ( #2612 ), #470, .F. ) ;
#1654 = DIRECTION ( 'NONE',  ( -0.000000000000000000, 1.000000000000000000, -0.000000000000000000 ) ) ;
#1655 = DIRECTION ( 'NONE',  ( -0.000000000000000000, 1.000000000000000000, -0.000000000000000000 ) ) ;
#1656 = EDGE_CURVE ( 'NONE', #608, #1786, #2649, .T. ) ;
#1657 = VERTEX_POINT ( 'NONE', #236 ) ;
#1658 = CARTESIAN_POINT ( 'NONE',  ( -2.499999999999999556, -1.849999999999998312, -75.79991587212563786 ) ) ;
#1659 = DIRECTION ( 'NONE',  ( 1.000000000000000000, 0.000000000000000000, -1.224646799147353207E-16 ) ) ;
#1660 = PLANE ( 'NONE',  #206 ) ;
#1661 = CARTESIAN_POINT ( 'NONE',  ( -6.735766310127941914, -7.989739980895848248, -73.52935672858737348 ) ) ;
#1662 = CYLINDRICAL_SURFACE ( 'NONE', #907, 1.200000000000001066 ) ;
#1663 = FACE_OUTER_BOUND ( 'NONE', #1540, .T. ) ;
#1664 = ORIENTED_EDGE ( 'NONE', *, *, #1543, .F. ) ;
#1665 = EDGE_LOOP ( 'NONE', ( #1916, #183, #2007, #2532 ) ) ;
#1666 = CIRCLE ( 'NONE', #1266, 1.199999999999999734 ) ;
#1667 = ORIENTED_EDGE ( 'NONE', *, *, #973, .F. ) ;
#1668 = VECTOR ( 'NONE', #713, 1000.000000000000000 ) ;
#1669 = AXIS2_PLACEMENT_3D ( 'NONE', #1887, #1826, #2736 ) ;
#1670 = CARTESIAN_POINT ( 'NONE',  ( -2.499999999999999556, -9.953320435356886264, -74.62418654146837582 ) ) ;
#1671 = VECTOR ( 'NONE', #1204, 1000.000000000000000 ) ;
#1672 = LINE ( 'NONE', #795, #459 ) ;
#1673 = VECTOR ( 'NONE', #1944, 1000.000000000000000 ) ;
#1674 = CIRCLE ( 'NONE', #110, 52.02000000000000313 ) ;
#1675 = ORIENTED_EDGE ( 'NONE', *, *, #2622, .F. ) ;
#1676 = DIRECTION ( 'NONE',  ( 0.000000000000000000, 0.000000000000000000, 1.000000000000000000 ) ) ;
#1677 = CARTESIAN_POINT ( 'NONE',  ( 5.162117021701977393, -4.887253695803470244, -65.65958661579838918 ) ) ;
#1678 = CARTESIAN_POINT ( 'NONE',  ( 2.500000000000001776, -8.350000000000003197, -75.79991587212563786 ) ) ;
#1679 = DIRECTION ( 'NONE',  ( 0.000000000000000000, 0.000000000000000000, 1.000000000000000000 ) ) ;
#1680 = DIRECTION ( 'NONE',  ( -0.000000000000000000, 1.000000000000000000, -0.000000000000000000 ) ) ;
#1681 = DIRECTION ( 'NONE',  ( 0.000000000000000000, 1.000000000000000000, 0.000000000000000000 ) ) ;
#1682 = EDGE_LOOP ( 'NONE', ( #2254, #95, #900, #2453 ) ) ;
#1683 = EDGE_LOOP ( 'NONE', ( #1843, #2522, #1432, #2767 ) ) ;
#1684 = VERTEX_POINT ( 'NONE', #2192 ) ;
#1685 = AXIS2_PLACEMENT_3D ( 'NONE', #289, #2218, #261 ) ;
#1686 = CARTESIAN_POINT ( 'NONE',  ( 54.25356520494270995, 4.974873734152918558, 26.17385293727652495 ) ) ;
#1687 = EDGE_CURVE ( 'NONE', #1606, #2052, #2360, .T. ) ;
#1688 = DIRECTION ( 'NONE',  ( 0.000000000000000000, 0.4465093992765000741, -0.8947789427326388045 ) ) ;
#1689 = VERTEX_POINT ( 'NONE', #1757 ) ;
#1690 = CARTESIAN_POINT ( 'NONE',  ( 6.241300472691296619, -3.344590623148088859, -70.81186129303704035 ) ) ;
#1691 = CARTESIAN_POINT ( 'NONE',  ( 3.876942770005479044, -7.987212618781321716, -65.74815012743056286 ) ) ;
#1692 = DIRECTION ( 'NONE',  ( 0.000000000000000000, 0.000000000000000000, -1.000000000000000000 ) ) ;
#1693 = CARTESIAN_POINT ( 'NONE',  ( -4.717129276055510800, -8.641105762981727167, -73.98794306719749159 ) ) ;
#1694 = CARTESIAN_POINT ( 'NONE',  ( -49.35599383943065277, -4.505887450304554065, -48.15599383943047940 ) ) ;
#1695 = DIRECTION ( 'NONE',  ( 0.000000000000000000, -1.000000000000000000, 0.000000000000000000 ) ) ;
#1696 = VERTEX_POINT ( 'NONE', #272 ) ;
#1697 = ORIENTED_EDGE ( 'NONE', *, *, #2608, .F. ) ;
#1698 = CARTESIAN_POINT ( 'NONE',  ( 2.857731597557917613, -9.352745329357258441, -75.54021574199194333 ) ) ;
#1699 = CARTESIAN_POINT ( 'NONE',  ( 3.424022287163314360, -10.44361080617688131, -74.51766596836874612 ) ) ;
#1700 = PLANE ( 'NONE',  #827 ) ;
#1701 = FACE_OUTER_BOUND ( 'NONE', #115, .T. ) ;
#1702 = EDGE_CURVE ( 'NONE', #1459, #1835, #1580, .T. ) ;
#1703 = CARTESIAN_POINT ( 'NONE',  ( 6.030420916418348654, -3.089507049605474620, -70.63289920831269342 ) ) ;
#1704 = CYLINDRICAL_SURFACE ( 'NONE', #102, 0.8749999999999973355 ) ;
#1705 = DIRECTION ( 'NONE',  ( 1.000000000000000000, 0.000000000000000000, 0.000000000000000000 ) ) ;
#1706 = ORIENTED_EDGE ( 'NONE', *, *, #1656, .F. ) ;
#1707 = EDGE_LOOP ( 'NONE', ( #1159, #1114 ) ) ;
#1708 = CARTESIAN_POINT ( 'NONE',  ( 2.500000000000002220, -9.820716493756343368, -74.69299503743712876 ) ) ;
#1709 = CARTESIAN_POINT ( 'NONE',  ( 3.817941323158900779, -9.118674744918502384, -74.21831140672159677 ) ) ;
#1710 = VECTOR ( 'NONE', #2158, 1000.000000000000000 ) ;
#1711 = DIRECTION ( 'NONE',  ( 0.000000000000000000, -1.000000000000000000, 0.000000000000000000 ) ) ;
#1712 = VECTOR ( 'NONE', #2429, 1000.000000000000000 ) ;
#1713 = CIRCLE ( 'NONE', #281, 1.199999999999999734 ) ;
#1714 = VECTOR ( 'NONE', #1595, 1000.000000000000000 ) ;
#1715 = CARTESIAN_POINT ( 'NONE',  ( 0.000000000000000000, -12.59999999999999964, -49.02000000000000313 ) ) ;
#1716 = VECTOR ( 'NONE', #295, 1000.000000000000000 ) ;
#1717 = CARTESIAN_POINT ( 'NONE',  ( 5.097362409524270888, -2.865678601419322735, -70.53376218066279080 ) ) ;
#1718 = DIRECTION ( 'NONE',  ( 0.000000000000000000, -1.000000000000000000, 0.000000000000000000 ) ) ;
#1719 = DIRECTION ( 'NONE',  ( 0.000000000000000000, -1.000000000000000000, 0.000000000000000000 ) ) ;
#1720 = VERTEX_POINT ( 'NONE', #1961 ) ;
#1721 = CARTESIAN_POINT ( 'NONE',  ( 6.065384698339394198, -6.888272486268390615, -73.06678640667313118 ) ) ;
#1722 = DIRECTION ( 'NONE',  ( 0.000000000000000000, 0.000000000000000000, 1.000000000000000000 ) ) ;
#1723 = AXIS2_PLACEMENT_3D ( 'NONE', #1315, #56, #1952 ) ;
#1724 = VECTOR ( 'NONE', #1615, 1000.000000000000000 ) ;
#1725 = DIRECTION ( 'NONE',  ( -1.000000000000000000, 0.000000000000000000, 0.000000000000000000 ) ) ;
#1726 = DIRECTION ( 'NONE',  ( 0.03556485231685695136, 0.000000000000000000, 0.9993673705298168342 ) ) ;
#1727 = CARTESIAN_POINT ( 'NONE',  ( 4.500847658053889866, -1.957556627057911669, -69.80532016750606772 ) ) ;
#1728 = FACE_OUTER_BOUND ( 'NONE', #2274, .T. ) ;
#1729 = CARTESIAN_POINT ( 'NONE',  ( -21.83270462132269074, -12.59999999999999964, 58.37000000000001165 ) ) ;
#1730 = DIRECTION ( 'NONE',  ( 0.000000000000000000, -1.000000000000000000, 0.000000000000000000 ) ) ;
#1731 = CIRCLE ( 'NONE', #1239, 61.61979851221319393 ) ;
#1732 = ADVANCED_FACE ( 'NONE', ( #660 ), #1127, .F. ) ;
#1733 = CARTESIAN_POINT ( 'NONE',  ( 7.168693112331032680, -6.383396407862030664, -72.69269211716391510 ) ) ;
#1734 = DIRECTION ( 'NONE',  ( 0.000000000000000000, 0.000000000000000000, 1.000000000000000000 ) ) ;
#1735 = AXIS2_PLACEMENT_3D ( 'NONE', #1240, #1021, #603 ) ;
#1736 = ORIENTED_EDGE ( 'NONE', *, *, #76, .T. ) ;
#1737 = EDGE_CURVE ( 'NONE', #51, #2680, #23, .T. ) ;
#1738 = CARTESIAN_POINT ( 'NONE',  ( -2.499999999999999112, -12.59999999999999964, -75.79991587212563786 ) ) ;
#1739 = CARTESIAN_POINT ( 'NONE',  ( -69.79991587212562365, -12.59999999999999964, -1.199999999999762368 ) ) ;
#1740 = CARTESIAN_POINT ( 'NONE',  ( -6.250000000000001776, -5.600000000000006750, -75.79991587212563786 ) ) ;
#1741 = CARTESIAN_POINT ( 'NONE',  ( 49.35599383943030460, -7.900000000000000355, 50.55599383943081193 ) ) ;
#1742 = EDGE_CURVE ( 'NONE', #1684, #2479, #242, .T. ) ;
#1743 = ORIENTED_EDGE ( 'NONE', *, *, #50, .F. ) ;
#1744 = CARTESIAN_POINT ( 'NONE',  ( 6.253935328801279780, -5.842106208683714996, -73.56765960356135281 ) ) ;
#1745 = CARTESIAN_POINT ( 'NONE',  ( 49.35599383943030460, -4.505887450304554065, 49.35599383943082330 ) ) ;
#1746 = EDGE_CURVE ( 'NONE', #984, #111, #1674, .T. ) ;
#1747 = VERTEX_POINT ( 'NONE', #1324 ) ;
#1748 = VECTOR ( 'NONE', #2657, 1000.000000000000000 ) ;
#1749 = DIRECTION ( 'NONE',  ( -0.000000000000000000, 1.000000000000000000, -0.000000000000000000 ) ) ;
#1750 = VECTOR ( 'NONE', #1388, 1000.000000000000000 ) ;
#1751 = ADVANCED_FACE ( 'NONE', ( #647 ), #2589, .T. ) ;
#1752 = CIRCLE ( 'NONE', #547, 1.200000000000001066 ) ;
#1753 = ADVANCED_FACE ( 'NONE', ( #1971 ), #889, .F. ) ;
#1754 = DIRECTION ( 'NONE',  ( 0.000000000000000000, 1.000000000000000000, 0.000000000000000000 ) ) ;
#1755 = VECTOR ( 'NONE', #705, 1000.000000000000000 ) ;
#1756 = CARTESIAN_POINT ( 'NONE',  ( -2.891374076696691997, -9.350000000000010303, -75.53795000976180063 ) ) ;
#1757 = CARTESIAN_POINT ( 'NONE',  ( -5.250000000000001776, -5.600000000000006750, -65.65260869039724412 ) ) ;
#1758 = CARTESIAN_POINT ( 'NONE',  ( 0.000000000000000000, 0.000000000000000000, 0.000000000000000000 ) ) ;
#1759 = VECTOR ( 'NONE', #736, 1000.000000000000000 ) ;
#1760 = EDGE_CURVE ( 'NONE', #1820, #1747, #62, .T. ) ;
#1761 = VERTEX_POINT ( 'NONE', #1740 ) ;
#1762 = DIRECTION ( 'NONE',  ( -0.000000000000000000, 1.000000000000000000, -0.000000000000000000 ) ) ;
#1763 = CYLINDRICAL_SURFACE ( 'NONE', #501, 1.199999999999985745 ) ;
#1764 = VECTOR ( 'NONE', #1157, 1000.000000000000000 ) ;
#1765 = EDGE_CURVE ( 'NONE', #543, #532, #925, .T. ) ;
#1766 = LINE ( 'NONE', #103, #1714 ) ;
#1767 = CIRCLE ( 'NONE', #1408, 1.199999999999999734 ) ;
#1768 = CARTESIAN_POINT ( 'NONE',  ( -8.119798512213190378, 0.000000000000000000, 9.837232483466728429E-23 ) ) ;
#1769 = ADVANCED_FACE ( 'NONE', ( #1346 ), #123, .F. ) ;
#1770 = CARTESIAN_POINT ( 'NONE',  ( -5.664208434218747534, -7.620065884912776255, -74.70309198836186226 ) ) ;
#1771 = CARTESIAN_POINT ( 'NONE',  ( 2.695781365487039505, -9.350000000000004974, -75.54614777588055574 ) ) ;
#1772 = CARTESIAN_POINT ( 'NONE',  ( -54.25356520494273838, 0.000000000000000000, 25.29885293727646101 ) ) ;
#1773 = ORIENTED_EDGE ( 'NONE', *, *, #2677, .F. ) ;
#1774 = CARTESIAN_POINT ( 'NONE',  ( -3.927342948247332988, -2.125789461142810310, -69.99020373318897725 ) ) ;
#1775 = DIRECTION ( 'NONE',  ( 0.000000000000000000, 0.000000000000000000, 1.000000000000000000 ) ) ;
#1776 = CARTESIAN_POINT ( 'NONE',  ( 0.000000000000000000, -12.59999999999999964, 0.000000000000000000 ) ) ;
#1777 = DIRECTION ( 'NONE',  ( 0.000000000000000000, 1.000000000000000000, 0.000000000000000000 ) ) ;
#1778 = ORIENTED_EDGE ( 'NONE', *, *, #2563, .F. ) ;
#1779 = DIRECTION ( 'NONE',  ( 0.000000000000000000, -0.000000000000000000, 1.000000000000000000 ) ) ;
#1780 = DIRECTION ( 'NONE',  ( 2.674444483701665614E-15, 0.000000000000000000, 1.000000000000000000 ) ) ;
#1781 = EDGE_CURVE ( 'NONE', #2523, #1014, #1529, .T. ) ;
#1782 = CARTESIAN_POINT ( 'NONE',  ( 49.35599383943030460, -4.505887450304554065, 50.55599383943081193 ) ) ;
#1783 = CARTESIAN_POINT ( 'NONE',  ( 6.818842525640862462, -7.800000000000016698, -73.43409212763857852 ) ) ;
#1784 = CARTESIAN_POINT ( 'NONE',  ( -49.35599383943065277, -7.900000000000000355, -49.35599383943048224 ) ) ;
#1785 = EDGE_CURVE ( 'NONE', #790, #607, #597, .T. ) ;
#1786 = VERTEX_POINT ( 'NONE', #314 ) ;
#1787 = CARTESIAN_POINT ( 'NONE',  ( -6.091966580057385450, -6.720656382057129008, -74.15773242175140467 ) ) ;
#1788 = FACE_OUTER_BOUND ( 'NONE', #2497, .T. ) ;
#1789 = CARTESIAN_POINT ( 'NONE',  ( -4.303242096371242553, -10.18694934441082012, -74.42023235327289399 ) ) ;
#1790 = CARTESIAN_POINT ( 'NONE',  ( 19.00000000000000000, 0.000000000000000000, 58.37000000000001876 ) ) ;
#1791 = ORIENTED_EDGE ( 'NONE', *, *, #1247, .T. ) ;
#1792 = CYLINDRICAL_SURFACE ( 'NONE', #2752, 3.750000000000002665 ) ;
#1793 = AXIS2_PLACEMENT_3D ( 'NONE', #98, #2211, #768 ) ;
#1794 = AXIS2_PLACEMENT_3D ( 'NONE', #1873, #1463, #2319 ) ;
#1795 =( NAMED_UNIT ( * ) SI_UNIT ( $, .STERADIAN. ) SOLID_ANGLE_UNIT ( ) );
#1796 = CARTESIAN_POINT ( 'NONE',  ( -7.107997874178560771, -5.292125615138426831, -72.06634774076911754 ) ) ;
#1797 = CARTESIAN_POINT ( 'NONE',  ( -3.500000000000000000, 3.400000000000000355, -55.37125476628098397 ) ) ;
#1798 = EDGE_CURVE ( 'NONE', #399, #1720, #326, .T. ) ;
#1799 = AXIS2_PLACEMENT_3D ( 'NONE', #2069, #1008, #2714 ) ;
#1800 = EDGE_LOOP ( 'NONE', ( #2229, #521, #2065, #2489 ) ) ;
#1801 = CARTESIAN_POINT ( 'NONE',  ( -7.168619662382339719, -6.384130456631001316, -72.69309286794330660 ) ) ;
#1802 = CARTESIAN_POINT ( 'NONE',  ( -4.576816961133611805, -8.737103878830364323, -74.03429329919181612 ) ) ;
#1803 = CARTESIAN_POINT ( 'NONE',  ( -19.00000000000000000, 2.129999999999999893, 61.37000000000001876 ) ) ;
#1804 = CARTESIAN_POINT ( 'NONE',  ( 6.648686340696494668, -8.188624238729346416, -73.62921248588830281 ) ) ;
#1805 = EDGE_LOOP ( 'NONE', ( #800, #1251, #1438, #765 ) ) ;
#1806 = AXIS2_PLACEMENT_3D ( 'NONE', #693, #2373, #1117 ) ;
#1807 = ORIENTED_EDGE ( 'NONE', *, *, #266, .F. ) ;
#1808 = AXIS2_PLACEMENT_3D ( 'NONE', #2693, #2530, #2032 ) ;
#1809 = CARTESIAN_POINT ( 'NONE',  ( -3.759158597826863790, -2.061532915956990841, -69.94343210039296821 ) ) ;
#1810 = CLOSED_SHELL ( 'NONE', ( #2581, #1594, #2575, #479, #974, #2266, #1502, #1610, #1041, #2226, #2377, #762, #472, #593, #2045, #1528, #282, #2031, #2140, #453, #2321, #703, #1106, #1137, #2389, #1089, #18, #2419, #1059, #1160, #1282, #820, #1753, #2198, #401, #180, #1751, #754, #632, #79, #1769, #2664, #852, #1653, #687, #1053, #2341, #2239, #1888, #901, #250, #1075, #297, #856, #378, #1351, #2028, #1277, #2236, #1625, #1138, #463, #1262, #2452, #370, #626, #1732, #1922, #339, #1122, #1372, #758, #552, #1183, #109, #1579, #428, #1629, #882 ) ) ;
#1811 = EDGE_LOOP ( 'NONE', ( #2213, #951 ) ) ;
#1812 = CARTESIAN_POINT ( 'NONE',  ( 25.29885293727646101, 4.974873734152918558, -53.37856520494273127 ) ) ;
#1813 = DIRECTION ( 'NONE',  ( 0.000000000000000000, -1.000000000000000000, 0.000000000000000000 ) ) ;
#1814 = DIRECTION ( 'NONE',  ( 1.000000000000000000, 1.734723475976807341E-16, 0.000000000000000000 ) ) ;
#1815 = VERTEX_POINT ( 'NONE', #763 ) ;
#1816 = CARTESIAN_POINT ( 'NONE',  ( 2.500000000000001776, -12.59999999999999964, -75.79991587212563786 ) ) ;
#1817 = CARTESIAN_POINT ( 'NONE',  ( -4.724707483631362059, -9.996765280782453189, -74.35209945631332573 ) ) ;
#1818 = CARTESIAN_POINT ( 'NONE',  ( -6.733801951553232357, -7.994226430127817196, -73.53160928393330664 ) ) ;
#1819 = CARTESIAN_POINT ( 'NONE',  ( 4.305861528788551773, -10.18595430535011204, -74.41987326522914259 ) ) ;
#1820 = VERTEX_POINT ( 'NONE', #2430 ) ;
#1821 = EDGE_LOOP ( 'NONE', ( #1664, #1930 ) ) ;
#1822 = ORIENTED_EDGE ( 'NONE', *, *, #1235, .F. ) ;
#1823 = EDGE_CURVE ( 'NONE', #1684, #2523, #1375, .T. ) ;
#1824 = CARTESIAN_POINT ( 'NONE',  ( 0.000000000000000000, 2.129999999999999893, 0.000000000000000000 ) ) ;
#1825 = EDGE_CURVE ( 'NONE', #2208, #101, #1143, .T. ) ;
#1826 = DIRECTION ( 'NONE',  ( 0.000000000000000000, 1.000000000000000000, 0.000000000000000000 ) ) ;
#1827 = ORIENTED_EDGE ( 'NONE', *, *, #76, .F. ) ;
#1828 = CARTESIAN_POINT ( 'NONE',  ( 54.25356520494270995, 2.500000000000000000, 25.29885293727652851 ) ) ;
#1829 = CARTESIAN_POINT ( 'NONE',  ( -8.119798512213190378, -12.59999999999999964, 9.837232483466728429E-23 ) ) ;
#1830 = ORIENTED_EDGE ( 'NONE', *, *, #1250, .T. ) ;
#1831 = CARTESIAN_POINT ( 'NONE',  ( -6.025902705199121634, -3.101398096609899291, -70.64017696980863548 ) ) ;
#1832 = CARTESIAN_POINT ( 'NONE',  ( 5.977525499211810533, -4.168213859080820427, -72.30511322197682489 ) ) ;
#1833 = CARTESIAN_POINT ( 'NONE',  ( -2.499999999999999556, -10.52993418457595887, -74.57012933681626521 ) ) ;
#1834 = LINE ( 'NONE', #2449, #1716 ) ;
#1835 = VERTEX_POINT ( 'NONE', #1164 ) ;
#1836 = ORIENTED_EDGE ( 'NONE', *, *, #1968, .F. ) ;
#1837 = EDGE_CURVE ( 'NONE', #156, #2502, #2396, .T. ) ;
#1838 = EDGE_LOOP ( 'NONE', ( #1184, #912, #959, #577 ) ) ;
#1839 = CARTESIAN_POINT ( 'NONE',  ( 19.00000000000000000, 0.000000000000000000, 61.37000000000001876 ) ) ;
#1840 = EDGE_CURVE ( 'NONE', #1012, #1026, #1181, .T. ) ;
#1841 = CARTESIAN_POINT ( 'NONE',  ( -5.241140034483205312, 2.129999999999999893, -53.24265631182331049 ) ) ;
#1842 = EDGE_CURVE ( 'NONE', #2423, #1820, #1901, .T. ) ;
#1843 = ORIENTED_EDGE ( 'NONE', *, *, #477, .F. ) ;
#1844 = LINE ( 'NONE', #812, #1620 ) ;
#1845 =( GEOMETRIC_REPRESENTATION_CONTEXT ( 3 ) GLOBAL_UNCERTAINTY_ASSIGNED_CONTEXT ( ( #2402 ) ) GLOBAL_UNIT_ASSIGNED_CONTEXT ( ( #294, #2629, #1380 ) ) REPRESENTATION_CONTEXT ( 'NONE', 'WORKASPACE' ) );
#1846 = ORIENTED_EDGE ( 'NONE', *, *, #2591, .T. ) ;
#1847 = CARTESIAN_POINT ( 'NONE',  ( 54.25356520494270995, 0.000000000000000000, 25.29885293727652851 ) ) ;
#1848 = CARTESIAN_POINT ( 'NONE',  ( 2.484469428898405940, -1.849999999999997868, -69.81324309178003773 ) ) ;
#1849 = CARTESIAN_POINT ( 'NONE',  ( -54.25356520494272416, 4.974873734152918558, -24.42385293727649298 ) ) ;
#1850 = DIRECTION ( 'NONE',  ( 0.000000000000000000, 0.000000000000000000, 1.000000000000000000 ) ) ;
#1851 = ORIENTED_EDGE ( 'NONE', *, *, #987, .F. ) ;
#1852 = ORIENTED_EDGE ( 'NONE', *, *, #2695, .T. ) ;
#1853 = VECTOR ( 'NONE', #2583, 1000.000000000000000 ) ;
#1854 = ORIENTED_EDGE ( 'NONE', *, *, #665, .F. ) ;
#1855 = CARTESIAN_POINT ( 'NONE',  ( 5.805456238923541790, -7.428346551086199234, -73.35670225367091746 ) ) ;
#1856 = AXIS2_PLACEMENT_3D ( 'NONE', #2766, #1695, #2073 ) ;
#1857 = EDGE_CURVE ( 'NONE', #1179, #243, #1049, .T. ) ;
#1858 = FACE_BOUND ( 'NONE', #194, .T. ) ;
#1859 = EDGE_LOOP ( 'NONE', ( #2654, #985 ) ) ;
#1860 = CARTESIAN_POINT ( 'NONE',  ( -53.50000000000000711, -12.59999999999999964, -1.131937325344068327E-14 ) ) ;
#1861 = CIRCLE ( 'NONE', #166, 1.200000000000006617 ) ;
#1862 = EDGE_CURVE ( 'NONE', #207, #588, #2549, .T. ) ;
#1863 = ORIENTED_EDGE ( 'NONE', *, *, #960, .F. ) ;
#1864 = AXIS2_PLACEMENT_3D ( 'NONE', #1768, #1140, #1780 ) ;
#1865 = DIRECTION ( 'NONE',  ( -0.000000000000000000, 0.000000000000000000, 1.000000000000000000 ) ) ;
#1866 = DIRECTION ( 'NONE',  ( -0.000000000000000000, -0.000000000000000000, 1.000000000000000000 ) ) ;
#1867 = CARTESIAN_POINT ( 'NONE',  ( -5.250000000000001776, -5.600000000000006750, -65.65260869039724412 ) ) ;
#1868 = CARTESIAN_POINT ( 'NONE',  ( 19.00000000000000000, 2.129999999999999893, 61.37000000000001876 ) ) ;
#1869 = ORIENTED_EDGE ( 'NONE', *, *, #5, .T. ) ;
#1870 = ORIENTED_EDGE ( 'NONE', *, *, #2745, .T. ) ;
#1871 = ORIENTED_EDGE ( 'NONE', *, *, #1336, .T. ) ;
#1872 = CARTESIAN_POINT ( 'NONE',  ( 19.00000000000000000, 2.129999999999999893, 58.37000000000001876 ) ) ;
#1873 = CARTESIAN_POINT ( 'NONE',  ( 0.000000000000000000, 0.000000000000000000, 0.000000000000000000 ) ) ;
#1874 = CIRCLE ( 'NONE', #2448, 1.200000000000001066 ) ;
#1875 = VERTEX_POINT ( 'NONE', #1658 ) ;
#1876 = CARTESIAN_POINT ( 'NONE',  ( 5.453500791701374695, -2.559554236364338653, -70.25095087253372128 ) ) ;
#1877 = EDGE_CURVE ( 'NONE', #2720, #2644, #1398, .T. ) ;
#1878 = PLANE ( 'NONE',  #650 ) ;
#1879 = DIRECTION ( 'NONE',  ( -0.000000000000000000, 1.000000000000000000, -0.000000000000000000 ) ) ;
#1880 = DIRECTION ( 'NONE',  ( 0.000000000000000000, 0.000000000000000000, -1.000000000000000000 ) ) ;
#1881 = CARTESIAN_POINT ( 'NONE',  ( -4.685437461107030188, -3.920990835572973676, -65.69539073923365891 ) ) ;
#1882 = CARTESIAN_POINT ( 'NONE',  ( -54.25356520494273838, 4.974873734152918558, 26.17385293727645745 ) ) ;
#1883 = VERTEX_POINT ( 'NONE', #376 ) ;
#1884 = VERTEX_POINT ( 'NONE', #1237 ) ;
#1885 = ORIENTED_EDGE ( 'NONE', *, *, #1358, .F. ) ;
#1886 = FACE_OUTER_BOUND ( 'NONE', #1404, .T. ) ;
#1887 = CARTESIAN_POINT ( 'NONE',  ( 0.000000000000000000, -12.59999999999999964, 0.000000000000000000 ) ) ;
#1888 = ADVANCED_FACE ( 'NONE', ( #1208 ), #198, .F. ) ;
#1889 = EDGE_LOOP ( 'NONE', ( #1013, #1429, #2059, #1202 ) ) ;
#1890 = DIRECTION ( 'NONE',  ( 0.000000000000000000, 1.000000000000000000, 0.000000000000000000 ) ) ;
#1891 = CARTESIAN_POINT ( 'NONE',  ( 4.317226752496390318, -7.671797576445033684, -65.72066069131624033 ) ) ;
#1892 = DIRECTION ( 'NONE',  ( 0.000000000000000000, 0.000000000000000000, -1.000000000000000000 ) ) ;
#1893 = FACE_OUTER_BOUND ( 'NONE', #1391, .T. ) ;
#1894 = CARTESIAN_POINT ( 'NONE',  ( -6.281839478142251743, -8.713620122740577401, -73.85806385433269838 ) ) ;
#1895 = DIRECTION ( 'NONE',  ( 1.000000000000000000, 0.000000000000000000, 0.000000000000000000 ) ) ;
#1896 = DIRECTION ( 'NONE',  ( -1.734723475976806848E-16, 1.000000000000000000, -0.000000000000000000 ) ) ;
#1897 = ORIENTED_EDGE ( 'NONE', *, *, #151, .T. ) ;
#1898 = EDGE_LOOP ( 'NONE', ( #843, #2507, #821, #1512 ) ) ;
#1899 = EDGE_CURVE ( 'NONE', #1167, #100, #1174, .T. ) ;
#1900 = VERTEX_POINT ( 'NONE', #1450 ) ;
#1901 = B_SPLINE_CURVE_WITH_KNOTS ( 'NONE', 3,
 ( #1783, #745, #2636, #107, #714, #1569, #2217, #302, #92, #2309, #1019, #1690, #392, #1465, #1876, #1643, #1269, #829, #2725, #1628, #2294, #2066 ),
 .UNSPECIFIED., .F., .F.,
 ( 4, 2, 2, 2, 2, 2, 2, 2, 2, 2, 4 ),
 ( 8.673617379884035472E-19, 0.001236851062968840394, 0.002473702125937679921, 0.003710553188906519882, 0.004328978720390948970, 0.004947404251875378058, 0.006184255314844234498, 0.006802680846328654912, 0.007421106377813074459, 0.008657957440781901409, 0.009894808503750730094 ),
 .UNSPECIFIED. ) ;
#1902 = VECTOR ( 'NONE', #447, 1000.000000000000000 ) ;
#1903 = CIRCLE ( 'NONE', #373, 2.749999999999995559 ) ;
#1904 = CARTESIAN_POINT ( 'NONE',  ( -2.499999999999999112, -9.382640662484922345, -75.26192112907175158 ) ) ;
#1905 = AXIS2_PLACEMENT_3D ( 'NONE', #556, #347, #379 ) ;
#1906 = CARTESIAN_POINT ( 'NONE',  ( -6.250000000002465583, -5.135921694038082741, -73.06296681265200732 ) ) ;
#1907 = AXIS2_PLACEMENT_3D ( 'NONE', #2506, #1896, #1038 ) ;
#1908 = ORIENTED_EDGE ( 'NONE', *, *, #2608, .T. ) ;
#1909 = CARTESIAN_POINT ( 'NONE',  ( -2.499999999999999112, -9.350000000000006750, -75.55435344895884953 ) ) ;
#1910 = CARTESIAN_POINT ( 'NONE',  ( 6.370612649164532315E-15, -17.78377602297191018, 52.02000000000000313 ) ) ;
#1911 = DIRECTION ( 'NONE',  ( 0.000000000000000000, 1.000000000000000000, 0.000000000000000000 ) ) ;
#1912 = CIRCLE ( 'NONE', #840, 0.8749999999999973355 ) ;
#1913 = CARTESIAN_POINT ( 'NONE',  ( -5.910021775948057332, -7.170066161350025169, -74.44179871792906056 ) ) ;
#1914 = CARTESIAN_POINT ( 'NONE',  ( -5.109189528638792055, -4.713010680958362286, -65.66375288885677719 ) ) ;
#1915 = FACE_OUTER_BOUND ( 'NONE', #1805, .T. ) ;
#1916 = ORIENTED_EDGE ( 'NONE', *, *, #1235, .T. ) ;
#1917 = ORIENTED_EDGE ( 'NONE', *, *, #355, .F. ) ;
#1918 = VECTOR ( 'NONE', #1941, 1000.000000000000000 ) ;
#1919 = EDGE_CURVE ( 'NONE', #2029, #928, #1903, .T. ) ;
#1920 = CARTESIAN_POINT ( 'NONE',  ( 6.001226940734134985, -9.042108701522604264, -73.99417742798945596 ) ) ;
#1921 = DIRECTION ( 'NONE',  ( 0.000000000000000000, 0.000000000000000000, -1.000000000000000000 ) ) ;
#1922 = ADVANCED_FACE ( 'NONE', ( #582 ), #2487, .F. ) ;
#1923 = DIRECTION ( 'NONE',  ( 0.000000000000000000, 1.000000000000000000, 0.000000000000000000 ) ) ;
#1924 = CARTESIAN_POINT ( 'NONE',  ( 4.885841150527671317, -6.979469882056281271, -65.68079055475213579 ) ) ;
#1925 = DIRECTION ( 'NONE',  ( 0.000000000000000000, 0.000000000000000000, -1.000000000000000000 ) ) ;
#1926 = CARTESIAN_POINT ( 'NONE',  ( 5.995109014598286379, -4.186257471323182600, -71.44603085867589698 ) ) ;
#1927 = DIRECTION ( 'NONE',  ( 0.000000000000000000, 0.000000000000000000, 1.000000000000000000 ) ) ;
#1928 = CYLINDRICAL_SURFACE ( 'NONE', #285, 2.749999999999995559 ) ;
#1929 = ORIENTED_EDGE ( 'NONE', *, *, #2440, .T. ) ;
#1930 = ORIENTED_EDGE ( 'NONE', *, *, #2383, .F. ) ;
#1931 = DIRECTION ( 'NONE',  ( 0.000000000000000000, 1.000000000000000000, 0.000000000000000000 ) ) ;
#1932 = CARTESIAN_POINT ( 'NONE',  ( 3.791167481957987917, -9.125839180514253357, -75.42761651673720280 ) ) ;
#1933 = LINE ( 'NONE', #1491, #2352 ) ;
#1934 = FACE_OUTER_BOUND ( 'NONE', #2106, .T. ) ;
#1935 = CARTESIAN_POINT ( 'NONE',  ( -5.241140034483194654, 0.000000000000000000, -53.24265631182331049 ) ) ;
#1936 = CARTESIAN_POINT ( 'NONE',  ( 5.932593425628324368, -4.042578802724501763, -71.35081556882927600 ) ) ;
#1937 = LINE ( 'NONE', #1069, #545 ) ;
#1938 = CARTESIAN_POINT ( 'NONE',  ( 69.79991587212562365, -4.505887450304554065, 1.200000000000249756 ) ) ;
#1939 = EDGE_LOOP ( 'NONE', ( #2242, #2224, #2455, #1605 ) ) ;
#1940 = PRESENTATION_LAYER_ASSIGNMENT (  '', '', ( #150 ) ) ;
#1941 = DIRECTION ( 'NONE',  ( 0.000000000000000000, -1.000000000000000000, 0.000000000000000000 ) ) ;
#1942 = CARTESIAN_POINT ( 'NONE',  ( 0.000000000000000000, 2.500000000000000000, 0.000000000000000000 ) ) ;
#1943 = AXIS2_PLACEMENT_3D ( 'NONE', #1329, #2188, #265 ) ;
#1944 = DIRECTION ( 'NONE',  ( 0.000000000000000000, -1.000000000000000000, 0.000000000000000000 ) ) ;
#1945 = CIRCLE ( 'NONE', #327, 0.8749999999999973355 ) ;
#1946 = CIRCLE ( 'NONE', #1176, 6.086963692511236701 ) ;
#1947 = PLANE ( 'NONE',  #2585 ) ;
#1948 = CIRCLE ( 'NONE', #685, 0.8749999999999973355 ) ;
#1949 = CARTESIAN_POINT ( 'NONE',  ( 3.173696556624070020, -1.895833433882725405, -70.26957412728221186 ) ) ;
#1950 = CARTESIAN_POINT ( 'NONE',  ( 54.25356520494270995, 4.974873734152918558, 25.29885293727652851 ) ) ;
#1951 = CARTESIAN_POINT ( 'NONE',  ( 27.83696369251124381, -12.59999999999999964, 57.37000000000001165 ) ) ;
#1952 = DIRECTION ( 'NONE',  ( 1.000000000000000000, 0.000000000000000000, -0.000000000000000000 ) ) ;
#1953 = FACE_OUTER_BOUND ( 'NONE', #1683, .T. ) ;
#1954 = DIRECTION ( 'NONE',  ( 0.9993673705298168342, 0.000000000000000000, 0.03556485231685611176 ) ) ;
#1955 = AXIS2_PLACEMENT_3D ( 'NONE', #715, #1128, #1982 ) ;
#1956 = EDGE_CURVE ( 'NONE', #1875, #1761, #1129, .T. ) ;
#1957 = ORIENTED_EDGE ( 'NONE', *, *, #612, .T. ) ;
#1958 = EDGE_CURVE ( 'NONE', #1214, #1815, #1844, .T. ) ;
#1959 = FACE_OUTER_BOUND ( 'NONE', #567, .T. ) ;
#1960 = DIRECTION ( 'NONE',  ( -1.000000000000000000, 0.000000000000000000, 0.000000000000000000 ) ) ;
#1961 = CARTESIAN_POINT ( 'NONE',  ( 54.25356520494270995, 2.500000000000000000, 24.42385293727652851 ) ) ;
#1962 = CARTESIAN_POINT ( 'NONE',  ( 7.701191396438130268E-15, 6.129999999999999893, 52.02000000000000313 ) ) ;
#1963 = VERTEX_POINT ( 'NONE', #1909 ) ;
#1964 = CARTESIAN_POINT ( 'NONE',  ( 8.119798512213190378, -12.59999999999999964, 9.837232483466728429E-23 ) ) ;
#1965 = FACE_OUTER_BOUND ( 'NONE', #2676, .T. ) ;
#1966 = EDGE_CURVE ( 'NONE', #2689, #2111, #724, .T. ) ;
#1967 = ORIENTED_EDGE ( 'NONE', *, *, #807, .T. ) ;
#1968 = EDGE_CURVE ( 'NONE', #2731, #2644, #2100, .T. ) ;
#1969 = CARTESIAN_POINT ( 'NONE',  ( -5.232050964283611272, -5.961578579175093040, -65.65405102409005167 ) ) ;
#1970 = CARTESIAN_POINT ( 'NONE',  ( -49.35599383943031171, -4.505887450304554065, 50.55599383943081904 ) ) ;
#1971 = FACE_OUTER_BOUND ( 'NONE', #717, .T. ) ;
#1972 = DIRECTION ( 'NONE',  ( 0.000000000000000000, 0.000000000000000000, 1.000000000000000000 ) ) ;
#1973 = ORIENTED_EDGE ( 'NONE', *, *, #1077, .T. ) ;
#1974 = EDGE_CURVE ( 'NONE', #1621, #1179, #2646, .T. ) ;
#1975 = CARTESIAN_POINT ( 'NONE',  ( -3.500000000000000000, -15.25650028374765732, -55.37125476628098397 ) ) ;
#1976 = FACE_OUTER_BOUND ( 'NONE', #2300, .T. ) ;
#1977 = FACE_OUTER_BOUND ( 'NONE', #227, .T. ) ;
#1978 = AXIS2_PLACEMENT_3D ( 'NONE', #2086, #1252, #798 ) ;
#1979 = CARTESIAN_POINT ( 'NONE',  ( -2.473913372991797477, -1.529695282134587053, -69.51661939879893737 ) ) ;
#1980 = LINE ( 'NONE', #271, #1712 ) ;
#1981 = DIRECTION ( 'NONE',  ( 0.000000000000000000, -0.000000000000000000, 1.000000000000000000 ) ) ;
#1982 = DIRECTION ( 'NONE',  ( 0.000000000000000000, 0.000000000000000000, 1.000000000000000000 ) ) ;
#1983 = AXIS2_PLACEMENT_3D ( 'NONE', #12, #1649, #1024 ) ;
#1984 = VERTEX_POINT ( 'NONE', #782 ) ;
#1985 = CARTESIAN_POINT ( 'NONE',  ( -6.362477889009653609, -3.528083966467234323, -70.93629084379483629 ) ) ;
#1986 = DIRECTION ( 'NONE',  ( -1.000000000000000000, -1.734723475976807341E-16, 0.000000000000000000 ) ) ;
#1987 = CARTESIAN_POINT ( 'NONE',  ( 0.000000000000000000, -17.78377602297191018, -52.02000000000000313 ) ) ;
#1988 = AXIS2_PLACEMENT_3D ( 'NONE', #1772, #2637, #2185 ) ;
#1989 = EDGE_CURVE ( 'NONE', #2194, #513, #1421, .T. ) ;
#1990 = CARTESIAN_POINT ( 'NONE',  ( -2.839854138732105238, -1.861626159514792711, -70.24701461067624564 ) ) ;
#1991 =( BOUNDED_SURFACE ( )  B_SPLINE_SURFACE ( 3, 2, ( 
 ( #2498, #1855, #794 ),
 ( #1639, #1430, #579 ),
 ( #1220, #2080, #165 ),
 ( #219, #625, #1920 ),
 ( #1476, #230, #1488 ),
 ( #853, #2333, #1086 ),
 ( #1505, #414, #1074 ),
 ( #1263, #431, #2558 ),
 ( #2123, #2366, #209 ),
 ( #1295, #1709, #443 ),
 ( #1932, #1281, #2570 ),
 ( #1061, #654, #2 ),
 ( #1698, #638, #2351 ),
 ( #2139, #16, #866 ) ),
 .UNSPECIFIED., .F., .F., .F. ) 
 B_SPLINE_SURFACE_WITH_KNOTS ( ( 4, 2, 2, 2, 2, 2, 4 ),
 ( 3, 3 ),
 ( -1.517883041479706208E-18, 0.001451322419632887148, 0.002176983629449331589, 0.002902644839265775597, 0.003628306049082219605, 0.004353967258898664046, 0.005805289678531552928 ),
 ( 0.000000000000000000, 1.000000000000000000 ),
 .UNSPECIFIED. ) 
 GEOMETRIC_REPRESENTATION_ITEM ( )  RATIONAL_B_SPLINE_SURFACE ( (
 ( 1.000000000000000000, 0.6786773609885217162, 1.000000000000000000),
 ( 1.000000000000000000, 0.6684970343002799575, 1.000000000000000000),
 ( 1.000000000000000000, 0.6610528100026310527, 1.000000000000000000),
 ( 1.000000000000000000, 0.6531628056927306636, 1.000000000000000000),
 ( 1.000000000000000000, 0.6510959943873706468, 1.000000000000000000),
 ( 1.000000000000000000, 0.6479089026364122095, 1.000000000000000000),
 ( 1.000000000000000000, 0.6467644945406089141, 1.000000000000000000),
 ( 1.000000000000000000, 0.6450429102952032201, 1.000000000000000000),
 ( 1.000000000000000000, 0.6444641733338929424, 1.000000000000000000),
 ( 1.000000000000000000, 0.6435821038823603679, 1.000000000000000000),
 ( 1.000000000000000000, 0.6432699760159570346, 1.000000000000000000),
 ( 1.000000000000000000, 0.6422987809703089024, 1.000000000000000000),
 ( 1.000000000000000000, 0.6415649291109719599, 1.000000000000000000),
 ( 1.000000000000000000, 0.6402023892673776029, 1.000000000000000000) ) ) 
 REPRESENTATION_ITEM ( '' )  SURFACE ( )  );
#1992 = EDGE_CURVE ( 'NONE', #737, #695, #1006, .T. ) ;
#1993 = CARTESIAN_POINT ( 'NONE',  ( -5.109687354700086281, -6.485706630292392916, -65.66371448557271151 ) ) ;
#1994 = CARTESIAN_POINT ( 'NONE',  ( 2.500000000000000000, -8.350000000000003197, 11.85326959112970080 ) ) ;
#1995 = CARTESIAN_POINT ( 'NONE',  ( 3.463483013568222635, -9.229159985764912477, -75.47564961332686551 ) ) ;
#1996 = CYLINDRICAL_SURFACE ( 'NONE', #2534, 1.199999999999999734 ) ;
#1997 = ORIENTED_EDGE ( 'NONE', *, *, #1043, .F. ) ;
#1998 = CARTESIAN_POINT ( 'NONE',  ( -6.006065604156313853, -4.185909464651592415, -71.44726511960502080 ) ) ;
#1999 = CARTESIAN_POINT ( 'NONE',  ( 0.000000000000000000, -12.59999999999999964, 0.000000000000000000 ) ) ;
#2000 = FILL_AREA_STYLE ('',( #1353 ) ) ;
#2001 = CIRCLE ( 'NONE', #1151, 0.8749999999999973355 ) ;
#2002 = CARTESIAN_POINT ( 'NONE',  ( 69.79991587212562365, -4.505887450304554065, -1.199999999999752154 ) ) ;
#2003 = ORIENTED_EDGE ( 'NONE', *, *, #761, .F. ) ;
#2004 = LINE ( 'NONE', #741, #2168 ) ;
#2005 = CARTESIAN_POINT ( 'NONE',  ( 5.223590521672413445, -8.184222777724428965, -74.99707019620592519 ) ) ;
#2006 = CARTESIAN_POINT ( 'NONE',  ( -49.35599383943065277, -12.59999999999999964, -49.35599383943048224 ) ) ;
#2007 = ORIENTED_EDGE ( 'NONE', *, *, #2288, .F. ) ;
#2008 = CARTESIAN_POINT ( 'NONE',  ( -6.964446931426752307, -7.451569595190068895, -73.25979793116032113 ) ) ;
#2009 = CARTESIAN_POINT ( 'NONE',  ( 2.860209211437434895, -1.849999999999997424, -70.23341269568028622 ) ) ;
#2010 = CARTESIAN_POINT ( 'NONE',  ( 19.00000000000000000, -12.59999999999999964, 61.37000000000001876 ) ) ;
#2011 = ORIENTED_EDGE ( 'NONE', *, *, #548, .F. ) ;
#2012 = ORIENTED_EDGE ( 'NONE', *, *, #1989, .T. ) ;
#2013 = CARTESIAN_POINT ( 'NONE',  ( -2.899888786473753477, -1.543830653676468545, -69.51360551491497120 ) ) ;
#2014 = CIRCLE ( 'NONE', #2347, 1.200000000000006617 ) ;
#2015 = VECTOR ( 'NONE', #2679, 1000.000000000000000 ) ;
#2016 = APPLICATION_PROTOCOL_DEFINITION ( 'draft international standard', 'automotive_design', 1998, #9 ) ;
#2017 = CARTESIAN_POINT ( 'NONE',  ( 4.815736856401153787, -8.555486699252822902, -75.17319461468700581 ) ) ;
#2018 = CARTESIAN_POINT ( 'NONE',  ( 3.209238430557090166E-16, -1.849999999999997868, 74.80191587212563320 ) ) ;
#2019 = EDGE_CURVE ( 'NONE', #560, #1259, #1442, .T. ) ;
#2020 = AXIS2_PLACEMENT_3D ( 'NONE', #1910, #1659, #2324 ) ;
#2021 = ORIENTED_EDGE ( 'NONE', *, *, #2531, .F. ) ;
#2022 = CARTESIAN_POINT ( 'NONE',  ( -5.098796059056577512, -2.866856674862838794, -70.53462855895831751 ) ) ;
#2023 = LINE ( 'NONE', #1147, #168 ) ;
#2024 = LINE ( 'NONE', #335, #1489 ) ;
#2025 = CARTESIAN_POINT ( 'NONE',  ( -27.83696369251124381, 2.129999999999999893, 57.37000000000001165 ) ) ;
#2026 = ORIENTED_EDGE ( 'NONE', *, *, #1535, .T. ) ;
#2027 = ORIENTED_EDGE ( 'NONE', *, *, #665, .T. ) ;
#2028 = ADVANCED_FACE ( 'NONE', ( #6, #2127, #614, #2262, #1858, #2096, #1624, #182 ), #2723, .F. ) ;
#2029 = VERTEX_POINT ( 'NONE', #1841 ) ;
#2030 = CARTESIAN_POINT ( 'NONE',  ( 0.000000000000000000, 6.129999999999999893, -52.02000000000000313 ) ) ;
#2031 = ADVANCED_FACE ( 'NONE', ( #2468 ), #2708, .F. ) ;
#2032 = DIRECTION ( 'NONE',  ( 0.000000000000000000, 0.000000000000000000, 1.000000000000000000 ) ) ;
#2033 = CIRCLE ( 'NONE', #2574, 0.8749999999999973355 ) ;
#2034 = ORIENTED_EDGE ( 'NONE', *, *, #2547, .T. ) ;
#2035 = EDGE_CURVE ( 'NONE', #2287, #940, #238, .T. ) ;
#2036 = CARTESIAN_POINT ( 'NONE',  ( -7.169660014751468857, -6.372523982458119463, -72.68673646665780552 ) ) ;
#2037 = FACE_OUTER_BOUND ( 'NONE', #1939, .T. ) ;
#2038 = ORIENTED_EDGE ( 'NONE', *, *, #299, .T. ) ;
#2039 = CARTESIAN_POINT ( 'NONE',  ( -6.818842525640858909, -7.800000000000030909, -73.43409212763857852 ) ) ;
#2040 = DIRECTION ( 'NONE',  ( -0.000000000000000000, 1.000000000000000000, -0.000000000000000000 ) ) ;
#2041 = DIRECTION ( 'NONE',  ( 0.000000000000000000, 0.000000000000000000, 1.000000000000000000 ) ) ;
#2042 = LINE ( 'NONE', #2688, #551 ) ;
#2043 = ORIENTED_EDGE ( 'NONE', *, *, #783, .F. ) ;
#2044 = EDGE_LOOP ( 'NONE', ( #1667, #990, #773, #976, #1039, #1268, #623 ) ) ;
#2045 = ADVANCED_FACE ( 'NONE', ( #566 ), #2291, .F. ) ;
#2046 = EDGE_LOOP ( 'NONE', ( #1414, #255 ) ) ;
#2047 = CYLINDRICAL_SURFACE ( 'NONE', #2607, 3.750000000000002665 ) ;
#2048 = EDGE_CURVE ( 'NONE', #2099, #590, #1193, .T. ) ;
#2049 = LINE ( 'NONE', #1640, #499 ) ;
#2050 = EDGE_LOOP ( 'NONE', ( #1607, #969, #2330, #2750, #986 ) ) ;
#2051 = CARTESIAN_POINT ( 'NONE',  ( -6.818842525640860686, -7.800000000000016698, -73.43409212763857852 ) ) ;
#2052 = VERTEX_POINT ( 'NONE', #1030 ) ;
#2053 = DIRECTION ( 'NONE',  ( 0.000000000000000000, 0.000000000000000000, 1.000000000000000000 ) ) ;
#2054 = CARTESIAN_POINT ( 'NONE',  ( -3.786320393289082986, -9.127690677078165393, -75.42844574131719071 ) ) ;
#2055 = DIRECTION ( 'NONE',  ( 0.000000000000000000, 0.000000000000000000, 1.000000000000000000 ) ) ;
#2056 = CARTESIAN_POINT ( 'NONE',  ( 21.83270462132268364, -12.59999999999999964, 58.37000000000001165 ) ) ;
#2057 = ORIENTED_EDGE ( 'NONE', *, *, #1548, .F. ) ;
#2058 = EDGE_LOOP ( 'NONE', ( #2638, #1007, #1791, #1162, #346, #1005 ) ) ;
#2059 = ORIENTED_EDGE ( 'NONE', *, *, #2537, .F. ) ;
#2060 = EDGE_CURVE ( 'NONE', #608, #560, #2277, .T. ) ;
#2061 = PLANE ( 'NONE',  #375 ) ;
#2062 = UNCERTAINTY_MEASURE_WITH_UNIT (LENGTH_MEASURE( 1.000000000000000082E-05 ), #744, 'distance_accuracy_value', 'NONE');
#2063 = EDGE_CURVE ( 'NONE', #1155, #1606, #1310, .T. ) ;
#2064 = DIRECTION ( 'NONE',  ( 1.000000000000000000, 0.000000000000000000, 0.000000000000000000 ) ) ;
#2065 = ORIENTED_EDGE ( 'NONE', *, *, #2182, .F. ) ;
#2066 = CARTESIAN_POINT ( 'NONE',  ( 2.473913372991798365, -1.529695282134587941, -69.51661939879893737 ) ) ;
#2067 = VECTOR ( 'NONE', #1065, 1000.000000000000000 ) ;
#2068 = ORIENTED_EDGE ( 'NONE', *, *, #2552, .F. ) ;
#2069 = CARTESIAN_POINT ( 'NONE',  ( 54.25356520494270995, 0.000000000000000000, 25.29885293727652851 ) ) ;
#2070 = VECTOR ( 'NONE', #1545, 1000.000000000000000 ) ;
#2071 = CARTESIAN_POINT ( 'NONE',  ( -5.840966451041287755, -9.204121831574809676, -74.05826084170092827 ) ) ;
#2072 = CARTESIAN_POINT ( 'NONE',  ( -4.176382616829074301, -3.412643767882037160, -65.72980885359665137 ) ) ;
#2073 = DIRECTION ( 'NONE',  ( 0.000000000000000000, 0.000000000000000000, -1.000000000000000000 ) ) ;
#2074 = ORIENTED_EDGE ( 'NONE', *, *, #221, .F. ) ;
#2075 = ORIENTED_EDGE ( 'NONE', *, *, #1687, .F. ) ;
#2076 = AXIS2_PLACEMENT_3D ( 'NONE', #881, #903, #1073 ) ;
#2077 = B_SPLINE_CURVE_WITH_KNOTS ( 'NONE', 3,
 ( #1622, #356, #1904, #1443, #988, #341, #1670, #2527, #2755, #2305 ),
 .UNSPECIFIED., .F., .F.,
 ( 4, 2, 2, 2, 4 ),
 ( 0.000000000000000000, 0.0004358324479728638116, 0.0008716648959457276233, 0.001307497343918591435, 0.001743329791891455247 ),
 .UNSPECIFIED. ) ;
#2078 = ORIENTED_EDGE ( 'NONE', *, *, #842, .F. ) ;
#2079 = AXIS2_PLACEMENT_3D ( 'NONE', #1417, #822, #1044 ) ;
#2080 = CARTESIAN_POINT ( 'NONE',  ( 5.448912793750631423, -7.971546764216034475, -73.65283764856106075 ) ) ;
#2081 = VECTOR ( 'NONE', #44, 1000.000000000000000 ) ;
#2082 = EDGE_CURVE ( 'NONE', #1487, #739, #1672, .T. ) ;
#2083 = DIRECTION ( 'NONE',  ( 0.000000000000000000, -1.000000000000000000, 0.000000000000000000 ) ) ;
#2084 = EDGE_CURVE ( 'NONE', #116, #207, #1448, .T. ) ;
#2085 = VERTEX_POINT ( 'NONE', #1609 ) ;
#2086 = CARTESIAN_POINT ( 'NONE',  ( 54.25356520494272416, 4.974873734152918558, -25.29885293727650009 ) ) ;
#2087 = AXIS2_PLACEMENT_3D ( 'NONE', #2491, #1273, #2715 ) ;
#2088 = DIRECTION ( 'NONE',  ( 0.000000000000000000, 1.000000000000000000, 0.000000000000000000 ) ) ;
#2089 = CARTESIAN_POINT ( 'NONE',  ( -2.499999999999999556, -10.52993418457595887, -74.57012933681626521 ) ) ;
#2090 = CARTESIAN_POINT ( 'NONE',  ( 8.119798512213190378, 2.129999999999999893, 9.837232483466728429E-23 ) ) ;
#2091 = DIRECTION ( 'NONE',  ( -1.000000000000000000, 0.000000000000000000, 0.000000000000000000 ) ) ;
#2092 = ORIENTED_EDGE ( 'NONE', *, *, #578, .T. ) ;
#2093 = EDGE_LOOP ( 'NONE', ( #1161, #2704, #1460, #70 ) ) ;
#2094 = VERTEX_POINT ( 'NONE', #136 ) ;
#2095 = CARTESIAN_POINT ( 'NONE',  ( -24.60438397796766807, -12.59999999999999964, 52.21233043099198312 ) ) ;
#2096 = FACE_BOUND ( 'NONE', #963, .T. ) ;
#2097 = AXIS2_PLACEMENT_3D ( 'NONE', #19, #1079, #1925 ) ;
#2098 = EDGE_CURVE ( 'NONE', #2417, #1167, #121, .T. ) ;
#2099 = VERTEX_POINT ( 'NONE', #595 ) ;
#2100 = LINE ( 'NONE', #2697, #2517 ) ;
#2101 = CARTESIAN_POINT ( 'NONE',  ( 2.500000000000000888, -5.599999999999999645, 11.85326959112970080 ) ) ;
#2102 = LINE ( 'NONE', #172, #1445 ) ;
#2103 = CARTESIAN_POINT ( 'NONE',  ( -4.926200320226311824, -8.465379951182173457, -75.13176337306268238 ) ) ;
#2104 = CARTESIAN_POINT ( 'NONE',  ( -4.571592222052519361, -3.782531536076737311, -65.70345680118151677 ) ) ;
#2105 = LINE ( 'NONE', #1882, #2354 ) ;
#2106 = EDGE_LOOP ( 'NONE', ( #553, #162 ) ) ;
#2107 = ORIENTED_EDGE ( 'NONE', *, *, #1958, .F. ) ;
#2108 = ORIENTED_EDGE ( 'NONE', *, *, #1956, .F. ) ;
#2109 = CYLINDRICAL_SURFACE ( 'NONE', #1531, 1.199999999999985745 ) ;
#2110 = CARTESIAN_POINT ( 'NONE',  ( -3.871330614821130389, -2.099842530164143906, -70.45666446041866493 ) ) ;
#2111 = VERTEX_POINT ( 'NONE', #549 ) ;
#2112 = DIRECTION ( 'NONE',  ( 0.000000000000000000, -1.000000000000000000, 0.000000000000000000 ) ) ;
#2113 = CARTESIAN_POINT ( 'NONE',  ( 4.178149103662252450, -3.414050788722135632, -65.72969515105083360 ) ) ;
#2114 = CARTESIAN_POINT ( 'NONE',  ( -3.499999999999999556, -15.25650028374765732, -58.12125476628097687 ) ) ;
#2115 = CARTESIAN_POINT ( 'NONE',  ( -4.978656225152766623, -8.436038282408953037, -73.88741470452126237 ) ) ;
#2116 = CARTESIAN_POINT ( 'NONE',  ( -3.877504447304139568, -3.213105058480934417, -65.74811710576690871 ) ) ;
#2117 = CARTESIAN_POINT ( 'NONE',  ( 2.499999999999999556, -12.59999999999999964, -65.81472120927369929 ) ) ;
#2118 = ORIENTED_EDGE ( 'NONE', *, *, #1765, .F. ) ;
#2119 = AXIS2_PLACEMENT_3D ( 'NONE', #2505, #2270, #586 ) ;
#2120 = ORIENTED_EDGE ( 'NONE', *, *, #151, .F. ) ;
#2121 = EDGE_CURVE ( 'NONE', #2699, #360, #2049, .T. ) ;
#2122 = AXIS2_PLACEMENT_3D ( 'NONE', #1225, #2501, #616 ) ;
#2123 = CARTESIAN_POINT ( 'NONE',  ( 4.308517604821896718, -8.890551848338985153, -75.32340461126719333 ) ) ;
#2124 = CIRCLE ( 'NONE', #779, 6.086963692511250912 ) ;
#2125 = CARTESIAN_POINT ( 'NONE',  ( 6.902858178270937728, -7.382509428315247035, -74.33888104924820084 ) ) ;
#2126 = VECTOR ( 'NONE', #525, 1000.000000000000000 ) ;
#2127 = FACE_BOUND ( 'NONE', #366, .T. ) ;
#2128 = CARTESIAN_POINT ( 'NONE',  ( 4.687310412333555831, -3.923610334252123355, -65.69525558680311406 ) ) ;
#2129 = DIRECTION ( 'NONE',  ( 0.000000000000000000, 0.000000000000000000, 1.000000000000000000 ) ) ;
#2130 = CIRCLE ( 'NONE', #919, 1.199999999999985745 ) ;
#2131 = FACE_OUTER_BOUND ( 'NONE', #1800, .T. ) ;
#2132 = DIRECTION ( 'NONE',  ( 0.000000000000000000, 0.000000000000000000, 1.000000000000000000 ) ) ;
#2133 = CARTESIAN_POINT ( 'NONE',  ( -2.499999999999998224, -8.350000000000003197, -65.81472120927369929 ) ) ;
#2134 = ORIENTED_EDGE ( 'NONE', *, *, #2137, .T. ) ;
#2135 = VERTEX_POINT ( 'NONE', #2499 ) ;
#2136 = CIRCLE ( 'NONE', #1141, 70.29412009719298737 ) ;
#2137 = EDGE_CURVE ( 'NONE', #2731, #144, #825, .T. ) ;
#2138 = DIRECTION ( 'NONE',  ( 0.000000000000000000, -1.000000000000000000, 0.000000000000000000 ) ) ;
#2139 = CARTESIAN_POINT ( 'NONE',  ( 2.472295099978108368, -9.349897657072096635, -75.55548272972336576 ) ) ;
#2140 = ADVANCED_FACE ( 'NONE', ( #989 ), #1221, .F. ) ;
#2141 = CARTESIAN_POINT ( 'NONE',  ( 19.00000000000000000, -12.59999999999999964, 61.37000000000001876 ) ) ;
#2142 = AXIS2_PLACEMENT_3D ( 'NONE', #1482, #657, #1726 ) ;
#2143 = CARTESIAN_POINT ( 'NONE',  ( 3.211633133805213092, -8.262359448760559388, -65.78407001111462193 ) ) ;
#2144 = DIRECTION ( 'NONE',  ( 0.000000000000000000, -1.000000000000000000, -0.000000000000000000 ) ) ;
#2145 = CARTESIAN_POINT ( 'NONE',  ( 5.189155705657087836, -2.348372586862751632, -70.09598835613003587 ) ) ;
#2146 = LINE ( 'NONE', #1301, #1440 ) ;
#2147 = CARTESIAN_POINT ( 'NONE',  ( -5.463579070895270284, -2.553390951924369823, -70.24770419524185172 ) ) ;
#2148 = ORIENTED_EDGE ( 'NONE', *, *, #1656, .T. ) ;
#2149 = CARTESIAN_POINT ( 'NONE',  ( 54.25356520494270995, 2.500000000000000000, 26.17385293727652495 ) ) ;
#2150 = CARTESIAN_POINT ( 'NONE',  ( -54.25356520494272416, 2.500000000000000000, -26.17385293727648587 ) ) ;
#2151 = FACE_OUTER_BOUND ( 'NONE', #1665, .T. ) ;
#2152 = EDGE_CURVE ( 'NONE', #610, #2680, #1752, .T. ) ;
#2153 = CARTESIAN_POINT ( 'NONE',  ( -4.958358902112422584, -2.757554990979719456, -71.07635361223219661 ) ) ;
#2154 = EDGE_CURVE ( 'NONE', #2696, #322, #1454, .T. ) ;
#2155 = CARTESIAN_POINT ( 'NONE',  ( -54.25356520494272416, 0.000000000000000000, -25.29885293727648943 ) ) ;
#2156 = B_SPLINE_CURVE_WITH_KNOTS ( 'NONE', 3,
 ( #750, #1818, #129, #1603, #2461, #2410, #1575, #1394, #539, #2642, #982, #1789, #485, #524, #2671, #1833 ),
 .UNSPECIFIED., .F., .F.,
 ( 4, 2, 2, 2, 2, 2, 2, 4 ),
 ( 6.992893892674702526E-18, 0.0006957066468433401041, 0.001391413293686673269, 0.002087119940530006434, 0.002782826587373339600, 0.003478533234216673199, 0.004174239881060005930, 0.005565653174746668791 ),
 .UNSPECIFIED. ) ;
#2157 = CARTESIAN_POINT ( 'NONE',  ( 4.843006749241484776, -2.643713935775134694, -70.37145134308786965 ) ) ;
#2158 = DIRECTION ( 'NONE',  ( -1.000000000000000000, 0.000000000000000000, -2.449564932282708076E-15 ) ) ;
#2159 = DIRECTION ( 'NONE',  ( -0.000000000000000000, -1.000000000000000000, -0.000000000000000000 ) ) ;
#2160 = ORIENTED_EDGE ( 'NONE', *, *, #2161, .T. ) ;
#2161 = EDGE_CURVE ( 'NONE', #826, #1696, #697, .T. ) ;
#2162 = CIRCLE ( 'NONE', #1264, 0.8750000000000007772 ) ;
#2163 = DIRECTION ( 'NONE',  ( 0.000000000000000000, -1.000000000000000000, 0.000000000000000000 ) ) ;
#2164 = CYLINDRICAL_SURFACE ( 'NONE', #2076, 1.200000000000001066 ) ;
#2165 = AXIS2_PLACEMENT_3D ( 'NONE', #1828, #2265, #933 ) ;
#2166 = EDGE_LOOP ( 'NONE', ( #637, #1852, #1611, #1836 ) ) ;
#2167 = DIRECTION ( 'NONE',  ( 1.000000000000000000, 0.000000000000000000, -0.000000000000000000 ) ) ;
#2168 = VECTOR ( 'NONE', #298, 1000.000000000000000 ) ;
#2169 = B_SPLINE_CURVE_WITH_KNOTS ( 'NONE', 3,
 ( #1410, #2009, #1602, #2656, #1352, #2210, #97, #2670, #2269, #1367, #1832, #557, #2446, #1169, #334, #1588, #293, #2686 ),
 .UNSPECIFIED., .F., .F.,
 ( 4, 2, 2, 2, 2, 2, 2, 2, 4 ),
 ( 8.940560153363745023E-19, 0.001059337947519405640, 0.002118675895038810413, 0.003178013842558217138, 0.004237351790077624296, 0.005296689737597031454, 0.006356027685116439480, 0.007415365632635846638, 0.008474703580155255531 ),
 .UNSPECIFIED. ) ;
#2170 = VECTOR ( 'NONE', #968, 1000.000000000000000 ) ;
#2171 = CARTESIAN_POINT ( 'NONE',  ( -3.386567427787318785, -8.209397996677557430, -65.77527248311987762 ) ) ;
#2172 = CIRCLE ( 'NONE', #958, 1.199999999999999734 ) ;
#2173 = CARTESIAN_POINT ( 'NONE',  ( -49.35599383943031171, -12.59999999999999964, 49.35599383943081619 ) ) ;
#2174 = CARTESIAN_POINT ( 'NONE',  ( -2.499999999999999556, -5.600000000000006750, -75.79991587212563786 ) ) ;
#2175 = CARTESIAN_POINT ( 'NONE',  ( 49.35599383943065988, -7.900000000000000355, -49.35599383943047513 ) ) ;
#2176 = CARTESIAN_POINT ( 'NONE',  ( 6.169070909463765240, -6.429797885290334136, -73.96755354716030695 ) ) ;
#2177 = CYLINDRICAL_SURFACE ( 'NONE', #823, 0.8750000000000007772 ) ;
#2178 = VECTOR ( 'NONE', #2416, 1000.000000000000000 ) ;
#2179 = EDGE_CURVE ( 'NONE', #992, #2085, #2172, .T. ) ;
#2180 = ORIENTED_EDGE ( 'NONE', *, *, #1247, .F. ) ;
#2181 = DIRECTION ( 'NONE',  ( 0.000000000000000000, 0.000000000000000000, 1.000000000000000000 ) ) ;
#2182 = EDGE_CURVE ( 'NONE', #1820, #2189, #644, .T. ) ;
#2183 = DIRECTION ( 'NONE',  ( 0.000000000000000000, 1.000000000000000000, 0.000000000000000000 ) ) ;
#2184 = DIRECTION ( 'NONE',  ( -0.000000000000000000, 0.000000000000000000, -1.000000000000000000 ) ) ;
#2185 = DIRECTION ( 'NONE',  ( 0.000000000000000000, 0.000000000000000000, 1.000000000000000000 ) ) ;
#2186 = ORIENTED_EDGE ( 'NONE', *, *, #135, .F. ) ;
#2187 = CARTESIAN_POINT ( 'NONE',  ( 7.111611124830774955, -5.314200664968130816, -72.07946911460138040 ) ) ;
#2188 = DIRECTION ( 'NONE',  ( 0.000000000000000000, 1.000000000000000000, 0.000000000000000000 ) ) ;
#2189 = VERTEX_POINT ( 'NONE', #1319 ) ;
#2190 = DIRECTION ( 'NONE',  ( 0.000000000000000000, -1.000000000000000000, 0.000000000000000000 ) ) ;
#2191 = CARTESIAN_POINT ( 'NONE',  ( -49.35599383943065277, -12.59999999999999964, -50.55599383943049219 ) ) ;
#2192 = CARTESIAN_POINT ( 'NONE',  ( -69.79991587212562365, -7.900000000000000355, -1.199999999999762368 ) ) ;
#2193 = CARTESIAN_POINT ( 'NONE',  ( -49.35599383943031171, -12.59999999999999964, 48.15599383943082046 ) ) ;
#2194 = VERTEX_POINT ( 'NONE', #1121 ) ;
#2195 = CARTESIAN_POINT ( 'NONE',  ( -6.169023467453822462, -6.429922599724370080, -73.96763203713241808 ) ) ;
#2196 = CARTESIAN_POINT ( 'NONE',  ( 6.091967449938618273, -6.720654233421251789, -74.15773106365251977 ) ) ;
#2197 = DIRECTION ( 'NONE',  ( 0.000000000000000000, -0.000000000000000000, 1.000000000000000000 ) ) ;
#2198 = ADVANCED_FACE ( 'NONE', ( #1965 ), #1504, .T. ) ;
#2199 = CIRCLE ( 'NONE', #2119, 3.750000000000002220 ) ;
#2200 = CARTESIAN_POINT ( 'NONE',  ( -2.672407314167088987, -1.849292484231241485, -69.80589884037947002 ) ) ;
#2201 = AXIS2_PLACEMENT_3D ( 'NONE', #1551, #1954, #1305 ) ;
#2202 = CARTESIAN_POINT ( 'NONE',  ( -3.719436583997921986, -8.071423502090596003, -65.75728933486561800 ) ) ;
#2203 = AXIS2_PLACEMENT_3D ( 'NONE', #1987, #1725, #1306 ) ;
#2204 = CARTESIAN_POINT ( 'NONE',  ( 0.000000000000000000, 6.129999999999999893, -49.02000000000000313 ) ) ;
#2205 = CARTESIAN_POINT ( 'NONE',  ( 4.509904229715100854, -8.771407227860906985, -75.27085321359574266 ) ) ;
#2206 = CARTESIAN_POINT ( 'NONE',  ( -54.25356520494273838, 2.500000000000000000, 26.17385293727645745 ) ) ;
#2207 = AXIS2_PLACEMENT_3D ( 'NONE', #2578, #248, #68 ) ;
#2208 = VERTEX_POINT ( 'NONE', #2150 ) ;
#2209 = CARTESIAN_POINT ( 'NONE',  ( -6.206928146405192415, -4.962687595123923323, -72.92879823043575982 ) ) ;
#2210 = CARTESIAN_POINT ( 'NONE',  ( 4.728209679074438121, -2.566656146846333364, -70.89855043731148498 ) ) ;
#2211 = DIRECTION ( 'NONE',  ( 0.000000000000000000, 1.000000000000000000, 0.000000000000000000 ) ) ;
#2212 = CARTESIAN_POINT ( 'NONE',  ( 5.489133067183242787, -9.509158050899863213, -74.17508567273350195 ) ) ;
#2213 = ORIENTED_EDGE ( 'NONE', *, *, #2152, .T. ) ;
#2214 = FACE_OUTER_BOUND ( 'NONE', #405, .T. ) ;
#2215 = VECTOR ( 'NONE', #2313, 1000.000000000000000 ) ;
#2216 = CARTESIAN_POINT ( 'NONE',  ( 69.79991587212562365, -12.59999999999999964, 1.200000000000249756 ) ) ;
#2217 = CARTESIAN_POINT ( 'NONE',  ( 7.031097950327684032, -4.945829162123153822, -71.85657033064393318 ) ) ;
#2218 = DIRECTION ( 'NONE',  ( 0.000000000000000000, 1.000000000000000000, 0.000000000000000000 ) ) ;
#2219 = EDGE_LOOP ( 'NONE', ( #2463, #589, #1558, #2541 ) ) ;
#2220 = CARTESIAN_POINT ( 'NONE',  ( -5.605949508256060199, -3.493648767484213824, -71.73600782658381547 ) ) ;
#2221 = CARTESIAN_POINT ( 'NONE',  ( -3.965053985497423827, -9.057139673716040562, -75.39705696024414294 ) ) ;
#2222 = DIRECTION ( 'NONE',  ( 1.000000000000000000, 0.000000000000000000, 0.000000000000000000 ) ) ;
#2223 = FACE_OUTER_BOUND ( 'NONE', #1486, .T. ) ;
#2224 = ORIENTED_EDGE ( 'NONE', *, *, #492, .T. ) ;
#2225 = DIRECTION ( 'NONE',  ( 0.000000000000000000, 1.000000000000000000, 0.000000000000000000 ) ) ;
#2226 = ADVANCED_FACE ( 'NONE', ( #1976 ), #1763, .F. ) ;
#2227 = CARTESIAN_POINT ( 'NONE',  ( 2.500000000000001776, -9.350000000000004974, -75.55435344895889216 ) ) ;
#2228 = CARTESIAN_POINT ( 'NONE',  ( -2.819633544155292652E-15, -1.529695282134632794, 0.000000000000000000 ) ) ;
#2229 = ORIENTED_EDGE ( 'NONE', *, *, #1296, .T. ) ;
#2230 = CARTESIAN_POINT ( 'NONE',  ( -6.268452595130192151, -5.999869406925529169, -72.56737292636705661 ) ) ;
#2231 = CARTESIAN_POINT ( 'NONE',  ( -2.434803678565885310, -9.349620786561775532, -74.35612577096705422 ) ) ;
#2232 = DIRECTION ( 'NONE',  ( 0.000000000000000000, 0.000000000000000000, 1.000000000000000000 ) ) ;
#2233 = FACE_OUTER_BOUND ( 'NONE', #153, .T. ) ;
#2234 = ORIENTED_EDGE ( 'NONE', *, *, #267, .T. ) ;
#2235 = ORIENTED_EDGE ( 'NONE', *, *, #404, .T. ) ;
#2236 = ADVANCED_FACE ( 'NONE', ( #39 ), #2617, .F. ) ;
#2237 = ORIENTED_EDGE ( 'NONE', *, *, #1840, .F. ) ;
#2238 = CARTESIAN_POINT ( 'NONE',  ( 49.35599383943030460, -12.59999999999999964, 49.35599383943082330 ) ) ;
#2239 = ADVANCED_FACE ( 'NONE', ( #892 ), #2164, .F. ) ;
#2240 = AXIS2_PLACEMENT_3D ( 'NONE', #848, #888, #1960 ) ;
#2241 = EDGE_CURVE ( 'NONE', #2085, #992, #1713, .T. ) ;
#2242 = ORIENTED_EDGE ( 'NONE', *, *, #299, .F. ) ;
#2243 = AXIS2_PLACEMENT_3D ( 'NONE', #778, #1206, #2064 ) ;
#2244 = DIRECTION ( 'NONE',  ( 0.000000000000000000, 0.000000000000000000, 1.000000000000000000 ) ) ;
#2245 = CARTESIAN_POINT ( 'NONE',  ( 4.004159231970448651, -9.040390767843138775, -75.38963483850001523 ) ) ;
#2246 = DIRECTION ( 'NONE',  ( -0.000000000000000000, -0.000000000000000000, -1.000000000000000000 ) ) ;
#2247 = AXIS2_PLACEMENT_3D ( 'NONE', #2238, #2225, #2619 ) ;
#2248 = ORIENTED_EDGE ( 'NONE', *, *, #1461, .T. ) ;
#2249 = CARTESIAN_POINT ( 'NONE',  ( -4.405094864558541268, -2.361179126001723194, -70.16343047332415495 ) ) ;
#2250 = CARTESIAN_POINT ( 'NONE',  ( -4.778437885407360142, -8.584412717465397691, -75.18643489071119745 ) ) ;
#2251 = CARTESIAN_POINT ( 'NONE',  ( 19.00000000000000000, 0.000000000000000000, 61.37000000000001876 ) ) ;
#2252 = CARTESIAN_POINT ( 'NONE',  ( 0.000000000000000000, 2.129999999999999893, 0.000000000000000000 ) ) ;
#2253 = ORIENTED_EDGE ( 'NONE', *, *, #2733, .T. ) ;
#2254 = ORIENTED_EDGE ( 'NONE', *, *, #1004, .F. ) ;
#2255 = AXIS2_PLACEMENT_3D ( 'NONE', #867, #1711, #1921 ) ;
#2256 = EDGE_CURVE ( 'NONE', #1179, #1259, #2602, .T. ) ;
#2257 = EDGE_CURVE ( 'NONE', #607, #704, #1538, .T. ) ;
#2258 = ORIENTED_EDGE ( 'NONE', *, *, #500, .F. ) ;
#2259 = FACE_OUTER_BOUND ( 'NONE', #352, .T. ) ;
#2260 = EDGE_CURVE ( 'NONE', #2502, #2599, #893, .T. ) ;
#2261 = AXIS2_PLACEMENT_3D ( 'NONE', #1797, #1165, #93 ) ;
#2262 = FACE_BOUND ( 'NONE', #178, .T. ) ;
#2263 = AXIS2_PLACEMENT_3D ( 'NONE', #1964, #484, #1775 ) ;
#2264 = ORIENTED_EDGE ( 'NONE', *, *, #743, .T. ) ;
#2265 = DIRECTION ( 'NONE',  ( 0.000000000000000000, 1.000000000000000000, 0.000000000000000000 ) ) ;
#2266 = ADVANCED_FACE ( 'NONE', ( #2386 ), #2177, .F. ) ;
#2267 = ORIENTED_EDGE ( 'NONE', *, *, #1539, .F. ) ;
#2268 = CYLINDRICAL_SURFACE ( 'NONE', #1735, 2.750000000000002665 ) ;
#2269 = CARTESIAN_POINT ( 'NONE',  ( 5.562583217738690244, -3.417091242961932895, -71.67117321193433099 ) ) ;
#2270 = DIRECTION ( 'NONE',  ( -0.000000000000000000, 0.000000000000000000, 1.000000000000000000 ) ) ;
#2271 = DIRECTION ( 'NONE',  ( 1.000000000000000000, 1.734723475976807341E-16, 0.000000000000000000 ) ) ;
#2272 = VERTEX_POINT ( 'NONE', #476 ) ;
#2273 = ORIENTED_EDGE ( 'NONE', *, *, #1737, .F. ) ;
#2274 = EDGE_LOOP ( 'NONE', ( #2331, #528, #1396, #1675 ) ) ;
#2275 = EDGE_CURVE ( 'NONE', #1464, #806, #2469, .T. ) ;
#2276 = CARTESIAN_POINT ( 'NONE',  ( -2.499999999999999556, -5.600000000000006750, 74.80191587212563320 ) ) ;
#2277 = LINE ( 'NONE', #149, #952 ) ;
#2278 = EDGE_LOOP ( 'NONE', ( #2043, #358 ) ) ;
#2279 = DIRECTION ( 'NONE',  ( 0.000000000000000000, -1.000000000000000000, 0.000000000000000000 ) ) ;
#2280 = EDGE_LOOP ( 'NONE', ( #2318, #2660, #796, #338, #999, #106, #2459, #1778, #2303, #838, #1618, #2107, #2691, #2481 ) ) ;
#2281 = CARTESIAN_POINT ( 'NONE',  ( 2.500000000000001332, -2.849999999999997868, -65.81472120927369929 ) ) ;
#2282 = CARTESIAN_POINT ( 'NONE',  ( 2.473913372991797477, -1.529695282134588386, -69.51661939879893737 ) ) ;
#2283 = CARTESIAN_POINT ( 'NONE',  ( -2.860447887738833295, -2.867842256310107807, -65.80027598302351066 ) ) ;
#2284 = LINE ( 'NONE', #1868, #1272 ) ;
#2285 = VERTEX_POINT ( 'NONE', #1187 ) ;
#2286 = ORIENTED_EDGE ( 'NONE', *, *, #591, .F. ) ;
#2287 = VERTEX_POINT ( 'NONE', #2447 ) ;
#2288 = EDGE_CURVE ( 'NONE', #731, #321, #1045, .T. ) ;
#2289 = CYLINDRICAL_SURFACE ( 'NONE', #2079, 1.200000000000001066 ) ;
#2290 = EDGE_CURVE ( 'NONE', #2502, #661, #2024, .T. ) ;
#2291 = CYLINDRICAL_SURFACE ( 'NONE', #1794, 49.02000000000000313 ) ;
#2292 = CIRCLE ( 'NONE', #1344, 65.86218587212560749 ) ;
#2293 = EDGE_LOOP ( 'NONE', ( #1827, #1422 ) ) ;
#2294 = CARTESIAN_POINT ( 'NONE',  ( 2.893440934172251566, -1.529695282134588163, -69.50168951796010219 ) ) ;
#2295 = VECTOR ( 'NONE', #1195, 1000.000000000000000 ) ;
#2296 = CYLINDRICAL_SURFACE ( 'NONE', #1905, 1.199999999999999734 ) ;
#2297 = CARTESIAN_POINT ( 'NONE',  ( -5.196920517937127393, -8.212177248663028450, -75.01078333944289511 ) ) ;
#2298 = CARTESIAN_POINT ( 'NONE',  ( -5.250000000000000888, -5.420456068679714079, -65.65260869039725833 ) ) ;
#2299 = DIRECTION ( 'NONE',  ( -0.000000000000000000, 1.000000000000000000, -0.000000000000000000 ) ) ;
#2300 = EDGE_LOOP ( 'NONE', ( #1474, #122, #1997, #1246 ) ) ;
#2301 = ORIENTED_EDGE ( 'NONE', *, *, #1877, .F. ) ;
#2302 = VECTOR ( 'NONE', #1453, 1000.000000000000000 ) ;
#2303 = ORIENTED_EDGE ( 'NONE', *, *, #483, .F. ) ;
#2304 = CIRCLE ( 'NONE', #1136, 1.000000000000002220 ) ;
#2305 = CARTESIAN_POINT ( 'NONE',  ( -2.499999999999999556, -10.52993418457595887, -74.57012933681626521 ) ) ;
#2306 = TOROIDAL_SURFACE ( 'NONE', #504, 52.02000000000000313, 23.91377602297193405 ) ;
#2307 = CARTESIAN_POINT ( 'NONE',  ( -2.499999999999999112, -12.25380420783177371, -74.75812607654816588 ) ) ;
#2308 = ORIENTED_EDGE ( 'NONE', *, *, #649, .T. ) ;
#2309 = CARTESIAN_POINT ( 'NONE',  ( 6.624755635743929005, -3.952556366804651944, -71.22167433086080734 ) ) ;
#2310 = CIRCLE ( 'NONE', #1685, 0.8750000000000007772 ) ;
#2311 = CARTESIAN_POINT ( 'NONE',  ( 5.232350588378085199, -5.959951247465250290, -65.65402726876901340 ) ) ;
#2312 = DIRECTION ( 'NONE',  ( -0.000000000000000000, -1.000000000000000000, -0.000000000000000000 ) ) ;
#2313 = DIRECTION ( 'NONE',  ( 0.000000000000000000, -1.000000000000000000, 0.000000000000000000 ) ) ;
#2314 = CARTESIAN_POINT ( 'NONE',  ( -2.681758787627166463, -2.850000000000004974, -65.80781702491006513 ) ) ;
#2315 = CARTESIAN_POINT ( 'NONE',  ( 54.25356520494270995, 2.500000000000000000, 25.29885293727652851 ) ) ;
#2316 = ORIENTED_EDGE ( 'NONE', *, *, #2560, .F. ) ;
#2317 = ORIENTED_EDGE ( 'NONE', *, *, #2182, .T. ) ;
#2318 = ORIENTED_EDGE ( 'NONE', *, *, #57, .F. ) ;
#2319 = DIRECTION ( 'NONE',  ( 0.000000000000000000, 0.000000000000000000, -1.000000000000000000 ) ) ;
#2320 = AXIS2_PLACEMENT_3D ( 'NONE', #1343, #1754, #2181 ) ;
#2321 = ADVANCED_FACE ( 'NONE', ( #967 ), #2600, .T. ) ;
#2322 = VERTEX_POINT ( 'NONE', #1803 ) ;
#2323 = CARTESIAN_POINT ( 'NONE',  ( 0.000000000000000000, 0.000000000000000000, -58.12125476628096976 ) ) ;
#2324 = DIRECTION ( 'NONE',  ( -1.224646799147353207E-16, 0.000000000000000000, -1.000000000000000000 ) ) ;
#2325 = FACE_BOUND ( 'NONE', #386, .T. ) ;
#2326 = EDGE_CURVE ( 'NONE', #515, #2208, #2424, .T. ) ;
#2327 = CARTESIAN_POINT ( 'NONE',  ( -6.818842525640870456, -7.800000000000005151, -73.43409212763860694 ) ) ;
#2328 = DIRECTION ( 'NONE',  ( 0.000000000000000000, 1.000000000000000000, 0.000000000000000000 ) ) ;
#2329 = DIRECTION ( 'NONE',  ( -0.000000000000000000, -1.000000000000000000, -0.000000000000000000 ) ) ;
#2330 = ORIENTED_EDGE ( 'NONE', *, *, #855, .F. ) ;
#2331 = ORIENTED_EDGE ( 'NONE', *, *, #276, .F. ) ;
#2332 = VERTEX_POINT ( 'NONE', #2251 ) ;
#2333 = CARTESIAN_POINT ( 'NONE',  ( 4.719162029124845503, -8.639635943124197581, -73.98722884562013746 ) ) ;
#2334 = DIRECTION ( 'NONE',  ( 0.000000000000000000, 0.000000000000000000, 1.000000000000000000 ) ) ;
#2335 = PRODUCT_DEFINITION ( 'UNKNOWN', '', #2603, #465 ) ;
#2336 = EDGE_CURVE ( 'NONE', #532, #322, #2156, .T. ) ;
#2337 = ORIENTED_EDGE ( 'NONE', *, *, #1386, .F. ) ;
#2338 = CARTESIAN_POINT ( 'NONE',  ( -3.500000000000000000, 2.129999999999999893, -55.37125476628098397 ) ) ;
#2339 = CYLINDRICAL_SURFACE ( 'NONE', #1356, 2.750000000000002665 ) ;
#2340 = FACE_OUTER_BOUND ( 'NONE', #1103, .T. ) ;
#2341 = ADVANCED_FACE ( 'NONE', ( #938 ), #2436, .F. ) ;
#2342 = MANIFOLD_SOLID_BREP ( 'Cut-Extrude9', #1810 ) ;
#2343 = CARTESIAN_POINT ( 'NONE',  ( -5.321306752583190303, -8.077110569813305219, -74.94408645107391465 ) ) ;
#2344 = LINE ( 'NONE', #2588, #1710 ) ;
#2345 = DIRECTION ( 'NONE',  ( 0.000000000000000000, 0.000000000000000000, -1.000000000000000000 ) ) ;
#2346 = ORIENTED_EDGE ( 'NONE', *, *, #2241, .F. ) ;
#2347 = AXIS2_PLACEMENT_3D ( 'NONE', #1499, #1097, #2596 ) ;
#2348 = EDGE_CURVE ( 'NONE', #928, #2272, #949, .T. ) ;
#2349 = EDGE_LOOP ( 'NONE', ( #781, #1371, #541, #1083, #1885, #1706 ) ) ;
#2350 = AXIS2_PLACEMENT_3D ( 'NONE', #1729, #2405, #669 ) ;
#2351 = CARTESIAN_POINT ( 'NONE',  ( 2.914698183170277623, -10.53323854470640519, -74.55723574186019675 ) ) ;
#2352 = VECTOR ( 'NONE', #1076, 1000.000000000000000 ) ;
#2353 = CARTESIAN_POINT ( 'NONE',  ( -4.664044427746937060, -2.534948247588251657, -70.86833437242937350 ) ) ;
#2354 = VECTOR ( 'NONE', #862, 1000.000000000000000 ) ;
#2355 = CARTESIAN_POINT ( 'NONE',  ( 4.175732618626385673, -7.787847268437786852, -65.72985004941654097 ) ) ;
#2356 = FACE_BOUND ( 'NONE', #819, .T. ) ;
#2357 = AXIS2_PLACEMENT_3D ( 'NONE', #2598, #678, #1534 ) ;
#2358 = CARTESIAN_POINT ( 'NONE',  ( 4.667520512970439128, -2.523351463142796458, -70.85778383291747673 ) ) ;
#2359 = DIRECTION ( 'NONE',  ( -0.000000000000000000, 1.000000000000000000, -0.000000000000000000 ) ) ;
#2360 = LINE ( 'NONE', #1082, #1357 ) ;
#2361 = EDGE_LOOP ( 'NONE', ( #752, #2248, #808, #1355 ) ) ;
#2362 = EDGE_CURVE ( 'NONE', #940, #2287, #2162, .T. ) ;
#2363 = VECTOR ( 'NONE', #173, 1000.000000000000000 ) ;
#2364 = CARTESIAN_POINT ( 'NONE',  ( 6.818842525640858909, -7.800000000000023803, -73.43409212763856431 ) ) ;
#2365 = DIRECTION ( 'NONE',  ( 0.000000000000000000, 0.000000000000000000, 1.000000000000000000 ) ) ;
#2366 = CARTESIAN_POINT ( 'NONE',  ( 4.135584306584341618, -8.984575463454257616, -74.15321261864063729 ) ) ;
#2367 = EDGE_CURVE ( 'NONE', #928, #608, #319, .T. ) ;
#2368 = CARTESIAN_POINT ( 'NONE',  ( -6.250000000000000888, -5.600000000019905499, -73.39414162746984971 ) ) ;
#2369 = CIRCLE ( 'NONE', #2320, 0.8750000000000007772 ) ;
#2370 = DIRECTION ( 'NONE',  ( 0.000000000000000000, 1.000000000000000000, 0.000000000000000000 ) ) ;
#2371 = CARTESIAN_POINT ( 'NONE',  ( 6.101999053523744720, -4.479501112661196771, -71.63723624302831183 ) ) ;
#2372 = LINE ( 'NONE', #235, #1902 ) ;
#2373 = DIRECTION ( 'NONE',  ( 0.000000000000000000, 1.000000000000000000, 0.000000000000000000 ) ) ;
#2374 = ORIENTED_EDGE ( 'NONE', *, *, #2757, .F. ) ;
#2375 = FACE_OUTER_BOUND ( 'NONE', #2500, .T. ) ;
#2376 = CARTESIAN_POINT ( 'NONE',  ( 2.500000000000001332, -9.953320435356863172, -74.62418654146837582 ) ) ;
#2377 = ADVANCED_FACE ( 'NONE', ( #2492 ), #1662, .F. ) ;
#2378 = CARTESIAN_POINT ( 'NONE',  ( -4.227629551584761280, -2.269071657226866989, -70.61698428454349141 ) ) ;
#2379 = FACE_BOUND ( 'NONE', #1859, .T. ) ;
#2380 = DIRECTION ( 'NONE',  ( 0.000000000000000000, 0.000000000000000000, -1.000000000000000000 ) ) ;
#2381 = DIRECTION ( 'NONE',  ( -1.000000000000000000, 0.000000000000000000, 0.000000000000000000 ) ) ;
#2382 = DIRECTION ( 'NONE',  ( 0.000000000000000000, 0.000000000000000000, -1.000000000000000000 ) ) ;
#2383 = EDGE_CURVE ( 'NONE', #2699, #2099, #1166, .T. ) ;
#2384 = AXIS2_PLACEMENT_3D ( 'NONE', #707, #1170, #2197 ) ;
#2385 = DIRECTION ( 'NONE',  ( 0.000000000000000000, 0.000000000000000000, 1.000000000000000000 ) ) ;
#2386 = FACE_OUTER_BOUND ( 'NONE', #1563, .T. ) ;
#2387 = AXIS2_PLACEMENT_3D ( 'NONE', #1403, #580, #1431 ) ;
#2388 = ORIENTED_EDGE ( 'NONE', *, *, #148, .F. ) ;
#2389 = ADVANCED_FACE ( 'NONE', ( #396 ), #573, .F. ) ;
#2390 = CIRCLE ( 'NONE', #2203, 23.91377602297193405 ) ;
#2391 = CIRCLE ( 'NONE', #1907, 65.86218587212560749 ) ;
#2392 = LINE ( 'NONE', #286, #1631 ) ;
#2393 = DIRECTION ( 'NONE',  ( 0.000000000000000000, 1.000000000000000000, 0.000000000000000000 ) ) ;
#2394 = CARTESIAN_POINT ( 'NONE',  ( -3.507493968994072731, -1.636849248978915039, -69.57137249833357373 ) ) ;
#2395 = ORIENTED_EDGE ( 'NONE', *, *, #2121, .T. ) ;
#2396 = B_SPLINE_CURVE_WITH_KNOTS ( 'NONE', 3,
 ( #1389, #519, #2666, #345, #2005, #1363, #2017, #2205, #921, #2245, #2624, #1995, #942, #2442, #1771, #2227 ),
 .UNSPECIFIED., .F., .F.,
 ( 4, 2, 2, 2, 2, 2, 2, 4 ),
 ( 4.336808689942017736E-18, 0.001157950636068685608, 0.001736925954103024292, 0.002315901272137363409, 0.002894876590171702527, 0.003473851908206040777, 0.004052827226240379027, 0.004631802544274718145 ),
 .UNSPECIFIED. ) ;
#2397 = VERTEX_POINT ( 'NONE', #174 ) ;
#2398 = CIRCLE ( 'NONE', #2261, 2.749999999999995559 ) ;
#2399 = CARTESIAN_POINT ( 'NONE',  ( 6.260844610141517386, -5.542477433257523955, -73.35577455674658154 ) ) ;
#2400 = DIRECTION ( 'NONE',  ( 0.000000000000000000, 0.000000000000000000, -1.000000000000000000 ) ) ;
#2401 = CARTESIAN_POINT ( 'NONE',  ( -25.29885293727646101, 0.000000000000000000, -55.12856520494273127 ) ) ;
#2402 = UNCERTAINTY_MEASURE_WITH_UNIT (LENGTH_MEASURE( 1.000000000000000082E-05 ), #294, 'distance_accuracy_value', 'NONE');
#2403 = EDGE_CURVE ( 'NONE', #1596, #1689, #118, .T. ) ;
#2404 = CARTESIAN_POINT ( 'NONE',  ( 8.119798512213190378, 0.000000000000000000, 9.837232483466728429E-23 ) ) ;
#2405 = DIRECTION ( 'NONE',  ( -2.449564932282708076E-15, 0.000000000000000000, 1.000000000000000000 ) ) ;
#2406 = FACE_OUTER_BOUND ( 'NONE', #2543, .T. ) ;
#2407 = EDGE_CURVE ( 'NONE', #243, #686, #1217, .T. ) ;
#2408 = ORIENTED_EDGE ( 'NONE', *, *, #1737, .T. ) ;
#2409 = CARTESIAN_POINT ( 'NONE',  ( 6.206901418328452102, -4.962706580836072412, -72.92880512417251282 ) ) ;
#2410 = CARTESIAN_POINT ( 'NONE',  ( -5.982405667256092130, -9.062003828551798534, -74.00216798443712207 ) ) ;
#2411 = CIRCLE ( 'NONE', #2473, 1.200000000000001066 ) ;
#2412 = CARTESIAN_POINT ( 'NONE',  ( 2.500000000000000888, -11.21161885980886375, -74.67924059684115434 ) ) ;
#2413 = PLANE ( 'NONE',  #1292 ) ;
#2414 = CARTESIAN_POINT ( 'NONE',  ( -5.975940667056001132, -7.007244285512046034, -74.33888104924820084 ) ) ;
#2415 = DIRECTION ( 'NONE',  ( 1.000000000000000000, 1.712014632454126249E-16, 0.000000000000000000 ) ) ;
#2416 = DIRECTION ( 'NONE',  ( 0.000000000000000000, -1.000000000000000000, 0.000000000000000000 ) ) ;
#2417 = VERTEX_POINT ( 'NONE', #2716 ) ;
#2418 = CARTESIAN_POINT ( 'NONE',  ( -7.061364260596984188, -7.098078064669774534, -73.07700963769607938 ) ) ;
#2419 = ADVANCED_FACE ( 'NONE', ( #1648, #2765 ), #834, .F. ) ;
#2420 = CARTESIAN_POINT ( 'NONE',  ( -4.132416062211862418, -8.986051564122279345, -74.15392390157552427 ) ) ;
#2421 = DIRECTION ( 'NONE',  ( 0.000000000000000000, 0.000000000000000000, -1.000000000000000000 ) ) ;
#2422 = DIRECTION ( 'NONE',  ( 0.000000000000000000, 0.4465093992765000741, -0.8947789427326388045 ) ) ;
#2423 = VERTEX_POINT ( 'NONE', #1616 ) ;
#2424 = CIRCLE ( 'NONE', #1793, 0.8749999999999973355 ) ;
#2425 = CARTESIAN_POINT ( 'NONE',  ( -3.340705900441006460, -1.941658864917911176, -70.31115341712813915 ) ) ;
#2426 = AXIS2_PLACEMENT_3D ( 'NONE', #342, #1655, #2484 ) ;
#2427 = AXIS2_PLACEMENT_3D ( 'NONE', #1568, #1126, #2244 ) ;
#2428 = AXIS2_PLACEMENT_3D ( 'NONE', #2761, #1020, #1050 ) ;
#2429 = DIRECTION ( 'NONE',  ( 0.000000000000000000, -1.000000000000000000, 0.000000000000000000 ) ) ;
#2430 = CARTESIAN_POINT ( 'NONE',  ( 2.473913372991798365, -1.529695282134587941, -69.51661939879893737 ) ) ;
#2431 = CARTESIAN_POINT ( 'NONE',  ( -25.29885293727646101, 0.000000000000000000, -53.37856520494273127 ) ) ;
#2432 = CIRCLE ( 'NONE', #1623, 53.50000000000001421 ) ;
#2433 = ORIENTED_EDGE ( 'NONE', *, *, #1307, .F. ) ;
#2434 = CARTESIAN_POINT ( 'NONE',  ( -5.789489486831625342, -3.763773894236106976, -71.16317871308629606 ) ) ;
#2435 = CARTESIAN_POINT ( 'NONE',  ( -3.388719425141028196, -10.46805682788501990, -74.52573284441317014 ) ) ;
#2436 = PLANE ( 'NONE',  #2384 ) ;
#2437 = CARTESIAN_POINT ( 'NONE',  ( 49.35599383943065988, -7.900000000000000355, -48.15599383943047940 ) ) ;
#2438 = EDGE_LOOP ( 'NONE', ( #536, #1072 ) ) ;
#2439 = CARTESIAN_POINT ( 'NONE',  ( -2.688123081570420680, -1.529695283604910916, -69.50899624087662687 ) ) ;
#2440 = EDGE_CURVE ( 'NONE', #1761, #2478, #2199, .T. ) ;
#2441 = DIRECTION ( 'NONE',  ( 0.000000000000000000, 1.000000000000000000, 0.000000000000000000 ) ) ;
#2442 = CARTESIAN_POINT ( 'NONE',  ( 2.889765536780879440, -9.334760587248398522, -75.53330646516148761 ) ) ;
#2443 = DIRECTION ( 'NONE',  ( 1.000000000000000000, 0.000000000000000000, 2.449564932282708076E-15 ) ) ;
#2444 = EDGE_LOOP ( 'NONE', ( #2594, #2724 ) ) ;
#2445 = CARTESIAN_POINT ( 'NONE',  ( -5.951045167846946704, -7.166927828268464751, -73.21759031209944624 ) ) ;
#2446 = CARTESIAN_POINT ( 'NONE',  ( 6.210380557311688143, -4.985720599040731393, -72.94608632672390058 ) ) ;
#2447 = CARTESIAN_POINT ( 'NONE',  ( 25.29885293727646101, 0.000000000000000000, -55.12856520494273127 ) ) ;
#2448 = AXIS2_PLACEMENT_3D ( 'NONE', #1254, #2370, #1271 ) ;
#2449 = CARTESIAN_POINT ( 'NONE',  ( 5.241140034483222188, 0.8999999999999980238, -53.24265631182327496 ) ) ;
#2450 = ORIENTED_EDGE ( 'NONE', *, *, #1781, .F. ) ;
#2451 = ORIENTED_EDGE ( 'NONE', *, *, #50, .T. ) ;
#2452 = ADVANCED_FACE ( 'NONE', ( #558 ), #381, .F. ) ;
#2453 = ORIENTED_EDGE ( 'NONE', *, *, #2467, .T. ) ;
#2454 = DIRECTION ( 'NONE',  ( -0.000000000000000000, -1.000000000000000000, -0.000000000000000000 ) ) ;
#2455 = ORIENTED_EDGE ( 'NONE', *, *, #772, .T. ) ;
#2456 = CARTESIAN_POINT ( 'NONE',  ( -4.001918046187417310, -9.041311796327097028, -75.39004282517478828 ) ) ;
#2457 = CARTESIAN_POINT ( 'NONE',  ( -6.340957261424353675, -3.497397087338268484, -70.91531022393807859 ) ) ;
#2458 = LINE ( 'NONE', #1390, #468 ) ;
#2459 = ORIENTED_EDGE ( 'NONE', *, *, #1250, .F. ) ;
#2460 = CARTESIAN_POINT ( 'NONE',  ( -5.495173369898901150, -2.578805342556789171, -70.26630476141104964 ) ) ;
#2461 = CARTESIAN_POINT ( 'NONE',  ( -6.270603055052071717, -8.728180442806580785, -73.86426329064391894 ) ) ;
#2462 = DIRECTION ( 'NONE',  ( 1.734723475976806848E-16, -1.000000000000000000, 0.000000000000000000 ) ) ;
#2463 = ORIENTED_EDGE ( 'NONE', *, *, #1415, .F. ) ;
#2464 = ORIENTED_EDGE ( 'NONE', *, *, #2241, .T. ) ;
#2465 = ORIENTED_EDGE ( 'NONE', *, *, #2547, .F. ) ;
#2466 = CARTESIAN_POINT ( 'NONE',  ( 0.000000000000000000, 0.000000000000000000, 0.000000000000000000 ) ) ;
#2467 = EDGE_CURVE ( 'NONE', #695, #836, #25, .T. ) ;
#2468 = FACE_OUTER_BOUND ( 'NONE', #1387, .T. ) ;
#2469 = CIRCLE ( 'NONE', #1943, 0.8749999999999973355 ) ;
#2470 = ORIENTED_EDGE ( 'NONE', *, *, #344, .F. ) ;
#2471 = AXIS2_PLACEMENT_3D ( 'NONE', #1951, #36, #1108 ) ;
#2472 = CARTESIAN_POINT ( 'NONE',  ( -69.79991587212562365, -12.59999999999999964, 2.385953863628735661E-13 ) ) ;
#2473 = AXIS2_PLACEMENT_3D ( 'NONE', #2518, #2088, #2053 ) ;
#2474 = ORIENTED_EDGE ( 'NONE', *, *, #2161, .F. ) ;
#2475 = CARTESIAN_POINT ( 'NONE',  ( -3.140486973750248989, -9.312720959949464472, -74.31762083342188419 ) ) ;
#2476 = CARTESIAN_POINT ( 'NONE',  ( -3.211947106033996135, -2.937719035415334190, -65.78405488679277369 ) ) ;
#2477 = DIRECTION ( 'NONE',  ( -0.000000000000000000, 0.000000000000000000, 1.000000000000000000 ) ) ;
#2478 = VERTEX_POINT ( 'NONE', #349 ) ;
#2479 = VERTEX_POINT ( 'NONE', #2702 ) ;
#2480 = AXIS2_PLACEMENT_3D ( 'NONE', #2025, #540, #1395 ) ;
#2481 = ORIENTED_EDGE ( 'NONE', *, *, #492, .F. ) ;
#2482 = DIRECTION ( 'NONE',  ( -0.000000000000000000, -1.000000000000000000, -0.000000000000000000 ) ) ;
#2483 = CIRCLE ( 'NONE', #1280, 0.8750000000000007772 ) ;
#2484 = DIRECTION ( 'NONE',  ( 0.000000000000000000, 0.000000000000000000, 1.000000000000000000 ) ) ;
#2485 = CIRCLE ( 'NONE', #2580, 65.86218587212560749 ) ;
#2486 = VERTEX_POINT ( 'NONE', #816 ) ;
#2487 = CYLINDRICAL_SURFACE ( 'NONE', #1978, 0.8749999999999973355 ) ;
#2488 = EDGE_CURVE ( 'NONE', #2479, #1684, #324, .T. ) ;
#2489 = ORIENTED_EDGE ( 'NONE', *, *, #1842, .F. ) ;
#2490 = DIRECTION ( 'NONE',  ( 0.000000000000000000, 0.000000000000000000, 1.000000000000000000 ) ) ;
#2491 = CARTESIAN_POINT ( 'NONE',  ( 0.000000000000000000, 2.500000000000000000, 0.000000000000000000 ) ) ;
#2492 = FACE_OUTER_BOUND ( 'NONE', #125, .T. ) ;
#2493 = CARTESIAN_POINT ( 'NONE',  ( 54.25356520494272416, 4.974873734152918558, -25.29885293727650009 ) ) ;
#2494 = ORIENTED_EDGE ( 'NONE', *, *, #135, .T. ) ;
#2495 = ORIENTED_EDGE ( 'NONE', *, *, #2257, .T. ) ;
#2496 = EDGE_CURVE ( 'NONE', #515, #1203, #142, .T. ) ;
#2497 = EDGE_LOOP ( 'NONE', ( #811, #2495, #2034, #263, #1773, #784, #2258, #2542 ) ) ;
#2498 = CARTESIAN_POINT ( 'NONE',  ( 5.975940667056002908, -7.007244285512038928, -74.33888104924820084 ) ) ;
#2499 = CARTESIAN_POINT ( 'NONE',  ( 19.00000000000000000, 2.129999999999999893, 61.37000000000001876 ) ) ;
#2500 = EDGE_LOOP ( 'NONE', ( #1736, #137, #1743, #755 ) ) ;
#2501 = DIRECTION ( 'NONE',  ( 0.000000000000000000, 1.000000000000000000, 0.000000000000000000 ) ) ;
#2502 = VERTEX_POINT ( 'NONE', #1313 ) ;
#2503 = LINE ( 'NONE', #1423, #2302 ) ;
#2504 = CARTESIAN_POINT ( 'NONE',  ( -19.00000000000000000, 2.129999999999999893, 61.37000000000001876 ) ) ;
#2505 = CARTESIAN_POINT ( 'NONE',  ( -2.499999999999999556, -5.600000000000006750, -75.79991587212563786 ) ) ;
#2506 = CARTESIAN_POINT ( 'NONE',  ( 0.000000000000000000, -2.849999999999998312, 0.000000000000000000 ) ) ;
#2507 = ORIENTED_EDGE ( 'NONE', *, *, #483, .T. ) ;
#2508 = ORIENTED_EDGE ( 'NONE', *, *, #2757, .T. ) ;
#2509 = ORIENTED_EDGE ( 'NONE', *, *, #2288, .T. ) ;
#2510 = DIRECTION ( 'NONE',  ( 0.000000000000000000, 0.000000000000000000, -1.000000000000000000 ) ) ;
#2511 = CARTESIAN_POINT ( 'NONE',  ( -2.499999999999999112, -12.59999999999999964, -74.75812607654816588 ) ) ;
#2512 = AXIS2_PLACEMENT_3D ( 'NONE', #438, #2393, #259 ) ;
#2513 = ORIENTED_EDGE ( 'NONE', *, *, #2275, .T. ) ;
#2514 = CARTESIAN_POINT ( 'NONE',  ( 0.000000000000000000, -7.900000000000000355, 0.000000000000000000 ) ) ;
#2515 = CARTESIAN_POINT ( 'NONE',  ( 2.860286891375226404, -8.332173659824210432, -65.80028277684229465 ) ) ;
#2516 = AXIS2_PLACEMENT_3D ( 'NONE', #488, #2441, #2611 ) ;
#2517 = VECTOR ( 'NONE', #1032, 1000.000000000000000 ) ;
#2518 = CARTESIAN_POINT ( 'NONE',  ( 69.79991587212562365, -7.900000000000000355, 2.488148210778209755E-13 ) ) ;
#2519 = CARTESIAN_POINT ( 'NONE',  ( 2.500000000000001332, -2.849999999999997424, -75.79991587212563786 ) ) ;
#2520 = CARTESIAN_POINT ( 'NONE',  ( -69.79991587212562365, -7.900000000000000355, 2.385953863628735661E-13 ) ) ;
#2521 = DIRECTION ( 'NONE',  ( -0.000000000000000000, -1.000000000000000000, -0.000000000000000000 ) ) ;
#2522 = ORIENTED_EDGE ( 'NONE', *, *, #548, .T. ) ;
#2523 = VERTEX_POINT ( 'NONE', #1739 ) ;
#2524 = CIRCLE ( 'NONE', #1222, 49.02000000000000313 ) ;
#2525 = ORIENTED_EDGE ( 'NONE', *, *, #276, .T. ) ;
#2526 = VECTOR ( 'NONE', #1171, 1000.000000000000000 ) ;
#2527 = CARTESIAN_POINT ( 'NONE',  ( -2.499999999999999112, -10.23672249884948471, -74.54944608695269892 ) ) ;
#2528 = EDGE_CURVE ( 'NONE', #1155, #636, #2565, .T. ) ;
#2529 = AXIS2_PLACEMENT_3D ( 'NONE', #2514, #2760, #138 ) ;
#2530 = DIRECTION ( 'NONE',  ( 0.000000000000000000, 1.000000000000000000, 0.000000000000000000 ) ) ;
#2531 = EDGE_CURVE ( 'NONE', #2085, #2486, #469, .T. ) ;
#2532 = ORIENTED_EDGE ( 'NONE', *, *, #2737, .F. ) ;
#2533 = CARTESIAN_POINT ( 'NONE',  ( -49.35599383943065277, -4.505887450304554065, -50.55599383943049219 ) ) ;
#2534 = AXIS2_PLACEMENT_3D ( 'NONE', #1118, #1730, #2382 ) ;
#2535 = CARTESIAN_POINT ( 'NONE',  ( 5.108689645571742766, -6.488442193111112921, -65.66379184150564186 ) ) ;
#2536 = LINE ( 'NONE', #618, #894 ) ;
#2537 = EDGE_CURVE ( 'NONE', #13, #2486, #416, .T. ) ;
#2538 = FACE_OUTER_BOUND ( 'NONE', #2293, .T. ) ;
#2539 = DIRECTION ( 'NONE',  ( 0.000000000000000000, 0.000000000000000000, 1.000000000000000000 ) ) ;
#2540 = DIRECTION ( 'NONE',  ( 0.000000000000000000, 1.000000000000000000, 0.000000000000000000 ) ) ;
#2541 = ORIENTED_EDGE ( 'NONE', *, *, #1539, .T. ) ;
#2542 = ORIENTED_EDGE ( 'NONE', *, *, #2403, .F. ) ;
#2543 = EDGE_LOOP ( 'NONE', ( #2021, #2464, #1846, #2374 ) ) ;
#2544 = EDGE_CURVE ( 'NONE', #513, #1278, #2014, .T. ) ;
#2545 = CARTESIAN_POINT ( 'NONE',  ( -69.79991587212562365, -12.59999999999999964, 1.200000000000239542 ) ) ;
#2546 = CARTESIAN_POINT ( 'NONE',  ( -3.617548893367980689, -2.009308171412937938, -70.37137366899067104 ) ) ;
#2547 = EDGE_CURVE ( 'NONE', #704, #636, #2292, .T. ) ;
#2548 = ORIENTED_EDGE ( 'NONE', *, *, #1452, .F. ) ;
#2549 = LINE ( 'NONE', #418, #421 ) ;
#2550 = CARTESIAN_POINT ( 'NONE',  ( 69.79991587212562365, -7.900000000000000355, -1.199999999999752154 ) ) ;
#2551 = LINE ( 'NONE', #2114, #1468 ) ;
#2552 = EDGE_CURVE ( 'NONE', #1525, #1657, #634, .T. ) ;
#2553 = CARTESIAN_POINT ( 'NONE',  ( -5.635278685135016730, -7.706790430037224304, -73.51099373458541208 ) ) ;
#2554 = DIRECTION ( 'NONE',  ( 0.000000000000000000, 1.000000000000000000, 0.000000000000000000 ) ) ;
#2555 = CARTESIAN_POINT ( 'NONE',  ( 3.500000000000000000, -15.25650028374765732, -55.37125476628098397 ) ) ;
#2556 = ORIENTED_EDGE ( 'NONE', *, *, #2544, .F. ) ;
#2557 = ORIENTED_EDGE ( 'NONE', *, *, #1043, .T. ) ;
#2558 = CARTESIAN_POINT ( 'NONE',  ( 4.936502088074989025, -9.881732726643910780, -74.31116730967133321 ) ) ;
#2559 = CARTESIAN_POINT ( 'NONE',  ( -3.068119282795104930, -1.882578337413647995, -70.25971044462886539 ) ) ;
#2560 = EDGE_CURVE ( 'NONE', #1884, #1278, #861, .T. ) ;
#2561 = CARTESIAN_POINT ( 'NONE',  ( 0.000000000000000000, 2.500000000000000000, 0.000000000000000000 ) ) ;
#2562 = FACE_BOUND ( 'NONE', #2046, .T. ) ;
#2563 = EDGE_CURVE ( 'NONE', #1487, #826, #2344, .T. ) ;
#2564 = CARTESIAN_POINT ( 'NONE',  ( 6.554143922322722915, -3.827540556545896422, -71.13852548383314911 ) ) ;
#2565 = LINE ( 'NONE', #676, #494 ) ;
#2566 = CARTESIAN_POINT ( 'NONE',  ( 0.000000000000000000, 6.129999999999999893, 0.000000000000000000 ) ) ;
#2567 = ORIENTED_EDGE ( 'NONE', *, *, #1559, .F. ) ;
#2568 = AXIS2_PLACEMENT_3D ( 'NONE', #307, #2041, #2222 ) ;
#2569 = DIRECTION ( 'NONE',  ( -0.000000000000000000, 1.000000000000000000, -0.000000000000000000 ) ) ;
#2570 = CARTESIAN_POINT ( 'NONE',  ( 4.081866910482585986, -10.26882227890664900, -74.44983471827050892 ) ) ;
#2571 = CARTESIAN_POINT ( 'NONE',  ( -2.787311707620779622, -1.850000000000004530, -70.23669872052930430 ) ) ;
#2572 = TOROIDAL_SURFACE ( 'NONE', #1316, 70.29412009719298737, 1.000000000000000000 ) ;
#2573 = DIRECTION ( 'NONE',  ( 0.000000000000000000, 0.000000000000000000, 1.000000000000000000 ) ) ;
#2574 = AXIS2_PLACEMENT_3D ( 'NONE', #694, #899, #1144 ) ;
#2575 = ADVANCED_FACE ( 'NONE', ( #1532 ), #1704, .F. ) ;
#2576 = CARTESIAN_POINT ( 'NONE',  ( 4.117683064280651450, -2.201910404796135090, -70.55353189120029356 ) ) ;
#2577 = DIRECTION ( 'NONE',  ( 0.000000000000000000, 0.000000000000000000, 1.000000000000000000 ) ) ;
#2578 = CARTESIAN_POINT ( 'NONE',  ( 3.500000000000000000, 2.129999999999999893, -55.37125476628098397 ) ) ;
#2579 = VERTEX_POINT ( 'NONE', #1323 ) ;
#2580 = AXIS2_PLACEMENT_3D ( 'NONE', #2601, #880, #251 ) ;
#2581 = ADVANCED_FACE ( 'NONE', ( #897 ), #225, .F. ) ;
#2582 = CYLINDRICAL_SURFACE ( 'NONE', #75, 2.749999999999995559 ) ;
#2583 = DIRECTION ( 'NONE',  ( -0.000000000000000000, 1.000000000000000000, -0.000000000000000000 ) ) ;
#2584 = CARTESIAN_POINT ( 'NONE',  ( -5.842362468647560370, -3.839887550992787002, -72.03779213672956416 ) ) ;
#2585 = AXIS2_PLACEMENT_3D ( 'NONE', #1518, #1911, #436 ) ;
#2586 = DIRECTION ( 'NONE',  ( 0.000000000000000000, -1.000000000000000000, 0.000000000000000000 ) ) ;
#2587 = CARTESIAN_POINT ( 'NONE',  ( 2.902164977270248247, -1.529695285879964173, -69.50137905571881447 ) ) ;
#2588 = CARTESIAN_POINT ( 'NONE',  ( -21.83270462132269074, 0.000000000000000000, 58.37000000000001165 ) ) ;
#2589 = CYLINDRICAL_SURFACE ( 'NONE', #2471, 6.086963692511250912 ) ;
#2590 = DIRECTION ( 'NONE',  ( 0.000000000000000000, 1.000000000000000000, 0.000000000000000000 ) ) ;
#2591 = EDGE_CURVE ( 'NONE', #992, #13, #2146, .T. ) ;
#2592 = FACE_OUTER_BOUND ( 'NONE', #133, .T. ) ;
#2593 = CARTESIAN_POINT ( 'NONE',  ( 2.500000000000001776, -9.349999999999997868, -75.40698502208711318 ) ) ;
#2594 = ORIENTED_EDGE ( 'NONE', *, *, #2544, .T. ) ;
#2595 = CARTESIAN_POINT ( 'NONE',  ( 3.500000000000001332, 3.400000000000000355, -52.62125476628097687 ) ) ;
#2596 = DIRECTION ( 'NONE',  ( 0.000000000000000000, 0.000000000000000000, 1.000000000000000000 ) ) ;
#2597 = CARTESIAN_POINT ( 'NONE',  ( -2.683730284685376777, -1.529695282134595047, -69.50915256758352712 ) ) ;
#2598 = CARTESIAN_POINT ( 'NONE',  ( 49.35599383943065988, -7.900000000000000355, -49.35599383943047513 ) ) ;
#2599 = VERTEX_POINT ( 'NONE', #659 ) ;
#2600 = TOROIDAL_SURFACE ( 'NONE', #1125, 63.30265024375508887, 11.49726562837053834 ) ;
#2601 = CARTESIAN_POINT ( 'NONE',  ( 0.000000000000000000, 0.000000000000000000, 0.000000000000000000 ) ) ;
#2602 = LINE ( 'NONE', #15, #1853 ) ;
#2603 = PRODUCT_DEFINITION_FORMATION_WITH_SPECIFIED_SOURCE ( 'ANY', '', #1517, .NOT_KNOWN. ) ;
#2604 = AXIS2_PLACEMENT_3D ( 'NONE', #2472, #1153, #506 ) ;
#2605 = ORIENTED_EDGE ( 'NONE', *, *, #2336, .F. ) ;
#2606 = CARTESIAN_POINT ( 'NONE',  ( 0.000000000000000000, -12.59999999999999964, 65.86218587212560749 ) ) ;
#2607 = AXIS2_PLACEMENT_3D ( 'NONE', #2276, #134, #195 ) ;
#2608 = EDGE_CURVE ( 'NONE', #2417, #1984, #233, .T. ) ;
#2609 = VECTOR ( 'NONE', #74, 1000.000000000000000 ) ;
#2610 = CARTESIAN_POINT ( 'NONE',  ( -3.215319342937518865, -8.261397797594923986, -65.78389085728767327 ) ) ;
#2611 = DIRECTION ( 'NONE',  ( 0.000000000000000000, 0.000000000000000000, 1.000000000000000000 ) ) ;
#2612 = FACE_OUTER_BOUND ( 'NONE', #1365, .T. ) ;
#2613 = CARTESIAN_POINT ( 'NONE',  ( 19.00000000000000000, -12.59999999999999964, 58.37000000000001876 ) ) ;
#2614 = ORIENTED_EDGE ( 'NONE', *, *, #2179, .F. ) ;
#2615 = VECTOR ( 'NONE', #2443, 1000.000000000000000 ) ;
#2616 = CYLINDRICAL_SURFACE ( 'NONE', #1542, 0.8750000000000007772 ) ;
#2617 = PLANE ( 'NONE',  #1348 ) ;
#2618 = CIRCLE ( 'NONE', #514, 53.50000000000001421 ) ;
#2619 = DIRECTION ( 'NONE',  ( 0.000000000000000000, 0.000000000000000000, 1.000000000000000000 ) ) ;
#2620 = EDGE_CURVE ( 'NONE', #2680, #610, #945, .T. ) ;
#2621 = CARTESIAN_POINT ( 'NONE',  ( -4.572999039329556759, -7.416060455079133362, -65.70336163105267246 ) ) ;
#2622 = EDGE_CURVE ( 'NONE', #2397, #2661, #1666, .T. ) ;
#2623 = LINE ( 'NONE', #91, #596 ) ;
#2624 = CARTESIAN_POINT ( 'NONE',  ( 3.827820832086152869, -9.112263309831668323, -75.42149756156042884 ) ) ;
#2625 = LINE ( 'NONE', #1547, #291 ) ;
#2626 = ORIENTED_EDGE ( 'NONE', *, *, #2082, .F. ) ;
#2627 = CARTESIAN_POINT ( 'NONE',  ( -4.123271170322309942, -1.815237093697035675, -69.69964930520376356 ) ) ;
#2628 = CARTESIAN_POINT ( 'NONE',  ( -3.815848876334081208, -9.119417034270716371, -74.21867714202370792 ) ) ;
#2629 =( NAMED_UNIT ( * ) PLANE_ANGLE_UNIT ( ) SI_UNIT ( $, .RADIAN. ) );
#2630 = CARTESIAN_POINT ( 'NONE',  ( -5.134903985626099399, -2.921200203427768205, -71.22715851039163226 ) ) ;
#2631 = ORIENTED_EDGE ( 'NONE', *, *, #2647, .F. ) ;
#2632 = CARTESIAN_POINT ( 'NONE',  ( -2.858562416872109768, -1.862579771730622724, -69.81039379151371804 ) ) ;
#2633 = CARTESIAN_POINT ( 'NONE',  ( -2.863291890099873171, -8.331801420676718806, -65.80015299642313664 ) ) ;
#2634 = EDGE_CURVE ( 'NONE', #686, #2029, #1937, .T. ) ;
#2635 = CARTESIAN_POINT ( 'NONE',  ( -4.956378636358444112, -8.439431369290385732, -75.11963488083938500 ) ) ;
#2636 = CARTESIAN_POINT ( 'NONE',  ( 7.062855766453769668, -7.092958235221496821, -73.07437480158621668 ) ) ;
#2637 = DIRECTION ( 'NONE',  ( 0.000000000000000000, 1.000000000000000000, 0.000000000000000000 ) ) ;
#2638 = ORIENTED_EDGE ( 'NONE', *, *, #1152, .F. ) ;
#2639 = EDGE_CURVE ( 'NONE', #929, #1501, #152, .T. ) ;
#2640 = CARTESIAN_POINT ( 'NONE',  ( -6.260885511793521374, -5.543223673934001283, -73.35631702498972118 ) ) ;
#2641 = DIRECTION ( 'NONE',  ( -0.000000000000000000, -0.000000000000000000, -1.000000000000000000 ) ) ;
#2642 = CARTESIAN_POINT ( 'NONE',  ( -4.918905068262496627, -9.891668117978042574, -74.31472014926237080 ) ) ;
#2643 = LINE ( 'NONE', #2673, #1402 ) ;
#2644 = VERTEX_POINT ( 'NONE', #1510 ) ;
#2645 = DIRECTION ( 'NONE',  ( -0.000000000000000000, -1.000000000000000000, -0.000000000000000000 ) ) ;
#2646 = CIRCLE ( 'NONE', #26, 2.749999999999995559 ) ;
#2647 = EDGE_CURVE ( 'NONE', #1963, #2478, #2372, .T. ) ;
#2648 = CIRCLE ( 'NONE', #64, 53.50000000000001421 ) ;
#2649 = CIRCLE ( 'NONE', #2207, 2.749999999999995559 ) ;
#2650 = DIRECTION ( 'NONE',  ( -0.000000000000000000, -1.000000000000000000, -0.000000000000000000 ) ) ;
#2651 = CARTESIAN_POINT ( 'NONE',  ( -6.965388276107476351, -7.449316973881065174, -73.25867110939954330 ) ) ;
#2652 = FACE_OUTER_BOUND ( 'NONE', #864, .T. ) ;
#2653 = VECTOR ( 'NONE', #371, 1000.000000000000000 ) ;
#2654 = ORIENTED_EDGE ( 'NONE', *, *, #1781, .T. ) ;
#2655 = CARTESIAN_POINT ( 'NONE',  ( -5.836588491539817625, -3.863846582714704603, -72.05338637156837933 ) ) ;
#2656 = CARTESIAN_POINT ( 'NONE',  ( 3.877699881132706139, -2.094868661794544895, -70.45092294671896127 ) ) ;
#2657 = DIRECTION ( 'NONE',  ( -0.000000000000000000, 1.000000000000000000, -0.000000000000000000 ) ) ;
#2658 = LINE ( 'NONE', #497, #2126 ) ;
#2659 = ORIENTED_EDGE ( 'NONE', *, *, #1322, .F. ) ;
#2660 = ORIENTED_EDGE ( 'NONE', *, *, #1974, .T. ) ;
#2661 = VERTEX_POINT ( 'NONE', #35 ) ;
#2662 = DIRECTION ( 'NONE',  ( 0.000000000000000000, 1.000000000000000000, 0.000000000000000000 ) ) ;
#2663 = ORIENTED_EDGE ( 'NONE', *, *, #1958, .T. ) ;
#2664 = ADVANCED_FACE ( 'NONE', ( #1728 ), #668, .F. ) ;
#2665 = CARTESIAN_POINT ( 'NONE',  ( 0.000000000000000000, 0.000000000000000000, 0.000000000000000000 ) ) ;
#2666 = CARTESIAN_POINT ( 'NONE',  ( 5.678760428352459755, -7.621710627709966879, -74.70713587862793759 ) ) ;
#2667 = CARTESIAN_POINT ( 'NONE',  ( 2.500000000000000000, -1.849999999999997424, 74.80191587212563320 ) ) ;
#2668 = ORIENTED_EDGE ( 'NONE', *, *, #1336, .F. ) ;
#2669 = CARTESIAN_POINT ( 'NONE',  ( -6.112068539852813842, -4.481159745236269032, -71.63984361908138965 ) ) ;
#2670 = CARTESIAN_POINT ( 'NONE',  ( 5.382834077497188119, -3.183293549474540907, -71.46418055618762821 ) ) ;
#2671 = CARTESIAN_POINT ( 'NONE',  ( -2.965693693883540316, -10.52692215749698690, -74.55396509768361568 ) ) ;
#2672 = CIRCLE ( 'NONE', #517, 49.02000000000000313 ) ;
#2673 = CARTESIAN_POINT ( 'NONE',  ( -2.499999999999999112, -12.59999999999999964, -75.79991587212563786 ) ) ;
#2674 = ORIENTED_EDGE ( 'NONE', *, *, #1152, .T. ) ;
#2675 = ORIENTED_EDGE ( 'NONE', *, *, #1205, .F. ) ;
#2676 = EDGE_LOOP ( 'NONE', ( #2474, #1830, #1619, #197 ) ) ;
#2677 = EDGE_CURVE ( 'NONE', #1099, #1155, #1219, .T. ) ;
#2678 = DIRECTION ( 'NONE',  ( 0.000000000000000000, 0.000000000000000000, -1.000000000000000000 ) ) ;
#2679 = DIRECTION ( 'NONE',  ( 0.000000000000000000, -1.000000000000000000, 0.000000000000000000 ) ) ;
#2680 = VERTEX_POINT ( 'NONE', #2216 ) ;
#2681 = DIRECTION ( 'NONE',  ( 1.000000000000000000, 0.000000000000000000, -2.449564932282711231E-15 ) ) ;
#2682 = AXIS2_PLACEMENT_3D ( 'NONE', #1226, #394, #2746 ) ;
#2683 = DIRECTION ( 'NONE',  ( -0.000000000000000000, 1.000000000000000000, -0.000000000000000000 ) ) ;
#2684 = ORIENTED_EDGE ( 'NONE', *, *, #1461, .F. ) ;
#2685 = CARTESIAN_POINT ( 'NONE',  ( -4.670112475107292660, -2.525241054639963956, -70.85956331229310479 ) ) ;
#2686 = CARTESIAN_POINT ( 'NONE',  ( 5.975940667055999356, -7.007244285512048698, -74.33888104924818663 ) ) ;
#2687 = CARTESIAN_POINT ( 'NONE',  ( -3.499999999999999556, -15.25650028374765732, -52.62125476628097687 ) ) ;
#2688 = CARTESIAN_POINT ( 'NONE',  ( 3.500000000000001332, 3.400000000000000355, -52.62125476628097687 ) ) ;
#2689 = VERTEX_POINT ( 'NONE', #700 ) ;
#2690 = ORIENTED_EDGE ( 'NONE', *, *, #799, .F. ) ;
#2691 = ORIENTED_EDGE ( 'NONE', *, *, #743, .F. ) ;
#2692 = CARTESIAN_POINT ( 'NONE',  ( 49.35599383943030460, -12.59999999999999964, 49.35599383943082330 ) ) ;
#2693 = CARTESIAN_POINT ( 'NONE',  ( 49.35599383943030460, -7.900000000000000355, 49.35599383943082330 ) ) ;
#2694 = VECTOR ( 'NONE', #875, 1000.000000000000000 ) ;
#2695 = EDGE_CURVE ( 'NONE', #144, #2720, #2623, .T. ) ;
#2696 = VERTEX_POINT ( 'NONE', #908 ) ;
#2697 = CARTESIAN_POINT ( 'NONE',  ( 0.000000000000000000, 0.000000000000000000, -49.02000000000000313 ) ) ;
#2698 = AXIS2_PLACEMENT_3D ( 'NONE', #17, #432, #639 ) ;
#2699 = VERTEX_POINT ( 'NONE', #1180 ) ;
#2700 = CARTESIAN_POINT ( 'NONE',  ( -21.83270462132269074, 0.000000000000000000, 58.37000000000001165 ) ) ;
#2701 = FACE_OUTER_BOUND ( 'NONE', #1821, .T. ) ;
#2702 = CARTESIAN_POINT ( 'NONE',  ( -69.79991587212562365, -7.900000000000000355, 1.200000000000239542 ) ) ;
#2703 = DIRECTION ( 'NONE',  ( 1.000000000000000000, 1.734723475976806848E-16, 0.000000000000000000 ) ) ;
#2704 = ORIENTED_EDGE ( 'NONE', *, *, #2488, .T. ) ;
#2705 = ORIENTED_EDGE ( 'NONE', *, *, #1255, .F. ) ;
#2706 = ORIENTED_EDGE ( 'NONE', *, *, #221, .T. ) ;
#2707 = DIRECTION ( 'NONE',  ( 0.000000000000000000, 1.000000000000000000, 0.000000000000000000 ) ) ;
#2708 = CYLINDRICAL_SURFACE ( 'NONE', #2426, 53.50000000000001421 ) ;
#2709 = CIRCLE ( 'NONE', #179, 0.8749999999999973355 ) ;
#2710 = ORIENTED_EDGE ( 'NONE', *, *, #1469, .T. ) ;
#2711 = DIRECTION ( 'NONE',  ( 0.000000000000000000, 0.000000000000000000, 1.000000000000000000 ) ) ;
#2712 = CARTESIAN_POINT ( 'NONE',  ( 25.29885293727646101, 2.500000000000000000, -54.25356520494273127 ) ) ;
#2713 = ORIENTED_EDGE ( 'NONE', *, *, #569, .T. ) ;
#2714 = DIRECTION ( 'NONE',  ( 0.000000000000000000, 0.000000000000000000, 1.000000000000000000 ) ) ;
#2715 = DIRECTION ( 'NONE',  ( 0.000000000000000000, -0.000000000000000000, 1.000000000000000000 ) ) ;
#2716 = CARTESIAN_POINT ( 'NONE',  ( -25.29885293727646101, 2.500000000000000000, -55.12856520494273127 ) ) ;
#2717 = CARTESIAN_POINT ( 'NONE',  ( -6.250000000000000888, -5.600000000019905499, -73.39414162746984971 ) ) ;
#2718 = ORIENTED_EDGE ( 'NONE', *, *, #477, .T. ) ;
#2719 = ORIENTED_EDGE ( 'NONE', *, *, #2035, .T. ) ;
#2720 = VERTEX_POINT ( 'NONE', #920 ) ;
#2721 = CIRCLE ( 'NONE', #1513, 2.750000000000002665 ) ;
#2722 = DIRECTION ( 'NONE',  ( 0.000000000000000000, 0.000000000000000000, 1.000000000000000000 ) ) ;
#2723 = PLANE ( 'NONE',  #244 ) ;
#2724 = ORIENTED_EDGE ( 'NONE', *, *, #205, .T. ) ;
#2725 = CARTESIAN_POINT ( 'NONE',  ( 4.098560466361737653, -1.792152885261765416, -69.68147311318914205 ) ) ;
#2726 = CARTESIAN_POINT ( 'NONE',  ( -54.25356520494272416, 0.000000000000000000, -24.42385293727649298 ) ) ;
#2727 = CARTESIAN_POINT ( 'NONE',  ( -54.25356520494273838, 0.000000000000000000, 24.42385293727646456 ) ) ;
#2728 = LINE ( 'NONE', #2504, #1062 ) ;
#2729 = DIRECTION ( 'NONE',  ( 0.000000000000000000, 0.000000000000000000, 1.000000000000000000 ) ) ;
#2730 = CARTESIAN_POINT ( 'NONE',  ( 53.50000000000000711, 2.129999999999999893, -8.603456175770006614E-15 ) ) ;
#2731 = VERTEX_POINT ( 'NONE', #2204 ) ;
#2732 = ORIENTED_EDGE ( 'NONE', *, *, #126, .T. ) ;
#2733 = EDGE_CURVE ( 'NONE', #1963, #1900, #1287, .T. ) ;
#2734 = ORIENTED_EDGE ( 'NONE', *, *, #257, .F. ) ;
#2735 = LINE ( 'NONE', #2095, #503 ) ;
#2736 = DIRECTION ( 'NONE',  ( 0.000000000000000000, 0.000000000000000000, 1.000000000000000000 ) ) ;
#2737 = EDGE_CURVE ( 'NONE', #2052, #731, #1583, .T. ) ;
#2738 = AXIS2_PLACEMENT_3D ( 'NONE', #1037, #2328, #995 ) ;
#2739 = ORIENTED_EDGE ( 'NONE', *, *, #313, .F. ) ;
#2740 = PRODUCT_CONTEXT ( 'NONE', #9, 'mechanical' ) ;
#2741 = DIRECTION ( 'NONE',  ( 0.000000000000000000, 1.000000000000000000, 0.000000000000000000 ) ) ;
#2742 = CARTESIAN_POINT ( 'NONE',  ( 19.00000000000000000, -12.59999999999999964, 58.37000000000001876 ) ) ;
#2743 = PLANE ( 'NONE',  #1374 ) ;
#2744 = AXIS2_PLACEMENT_3D ( 'NONE', #212, #1923, #857 ) ;
#2745 = EDGE_CURVE ( 'NONE', #2111, #940, #533, .T. ) ;
#2746 = DIRECTION ( 'NONE',  ( 0.000000000000000000, 0.000000000000000000, -1.000000000000000000 ) ) ;
#2747 = DIRECTION ( 'NONE',  ( 0.000000000000000000, 1.000000000000000000, 0.000000000000000000 ) ) ;
#2748 = CARTESIAN_POINT ( 'NONE',  ( -5.232587089129946634, -5.241815618923804543, -65.65400836711869204 ) ) ;
#2749 = CYLINDRICAL_SURFACE ( 'NONE', #2754, 0.8749999999999973355 ) ;
#2750 = ORIENTED_EDGE ( 'NONE', *, *, #973, .T. ) ;
#2751 = ORIENTED_EDGE ( 'NONE', *, *, #473, .T. ) ;
#2752 = AXIS2_PLACEMENT_3D ( 'NONE', #1163, #120, #1359 ) ;
#2753 = EDGE_LOOP ( 'NONE', ( #598, #2739 ) ) ;
#2754 = AXIS2_PLACEMENT_3D ( 'NONE', #1485, #1275, #190 ) ;
#2755 = CARTESIAN_POINT ( 'NONE',  ( -2.499999999999999556, -10.38497416756227665, -74.54358097432837837 ) ) ;
#2756 = FACE_OUTER_BOUND ( 'NONE', #192, .T. ) ;
#2757 = EDGE_CURVE ( 'NONE', #2486, #13, #1309, .T. ) ;
#2758 = EDGE_CURVE ( 'NONE', #116, #2285, #81, .T. ) ;
#2759 = ORIENTED_EDGE ( 'NONE', *, *, #1857, .F. ) ;
#2760 = DIRECTION ( 'NONE',  ( 0.000000000000000000, 1.000000000000000000, 0.000000000000000000 ) ) ;
#2761 = CARTESIAN_POINT ( 'NONE',  ( 0.000000000000000000, -17.78377602297191018, 0.000000000000000000 ) ) ;
#2762 = FACE_OUTER_BOUND ( 'NONE', #2050, .T. ) ;
#2763 = EDGE_CURVE ( 'NONE', #2689, #2287, #1980, .T. ) ;
#2764 = CARTESIAN_POINT ( 'NONE',  ( -5.975940667056007349, -7.007244285512035376, -74.33888104924821505 ) ) ;
#2765 = FACE_OUTER_BOUND ( 'NONE', #527, .T. ) ;
#2766 = CARTESIAN_POINT ( 'NONE',  ( 25.29885293727646101, 4.974873734152918558, -54.25356520494273127 ) ) ;
#2767 = ORIENTED_EDGE ( 'NONE', *, *, #3, .F. ) ;
ENDSEC;
END-ISO-10303-21;
